profile_key,role_type,ticker,cik,company_name,domicile_country,trading_currency,profile_asof_date,source_cutoff_date,sec_entity_name,primary_annual_form,filing_regime,accounting_basis,primary_taxonomy,fiscal_year_end,reporting_currency,reporting_currency_method,expected_cadence,latest_financial_form,latest_financial_accession,latest_financial_accepted_at,latest_annual_accession,latest_annual_accepted_at,latest_companyfacts_accepted_at,companyfacts_lag_days,inline_xbrl_fallback_expected,submissions_source_id,companyfacts_source_id,submissions_url,companyfacts_url,submissions_sha256,companyfacts_sha256,profile_status,review_reason,confidence,calibration_eligible,evidence_label,evidence_json,contract_version,profile_sha256
current:AAUC,current_universe,AAUC,0001993344,Allied Gold Corporation,Canada,USD,2026-09-05,2026-09-05,Allied Gold Corp,40-F,canadian_mjds,IFRS,ifrs-full,12-31,USD,latest_annual_anchor_concepts,annual_or_interim_6k,40-F,0001628280-26-022512,2026-03-31T21:33:38Z,0001628280-26-022512,2026-03-31T21:33:38Z,2026-03-31T21:33:38Z,0,0,sec_submissions,sec_companyfacts,https://data.sec.gov/submissions/CIK0001993344.json,https://data.sec.gov/api/xbrl/companyfacts/CIK0001993344.json,d80fdee60ec2ef8553927d51dcbd430bdacb1a734a27c33bab72a07b16a982a4,01603787d082d5a9777038a2053cd09a9ee7ffc6adf2c5227d241c14cd43ab4a,ready_for_ingestion,,1.00,0,fact_source_reported,"{""availability_boundary"":""sec_acceptance_timestamp"",""companyfacts_accession_count"":1,""fiscal_year_end_method"":""submissions_entity_metadata"",""reporting_currency_method"":""latest_annual_anchor_concepts"",""source_cutoff_date"":""2026-09-05"",""trading_currency_used_as_reporting_fallback"":false}",basic_materials_financial_data_policy_v1,32c59587889ca387895e257e002d6e310b7dcc2210ce14f9ef8740ecdbc7ca7f
current:ACNT,current_universe,ACNT,0000095953,Ascent Industries Co.,United States,USD,2026-09-05,2026-09-05,ASCENT INDUSTRIES CO.,10-K,domestic_sec,US_GAAP,us-gaap,12-31,USD,latest_annual_anchor_concepts,quarterly,10-Q,0000095953-26-000109,2026-08-04T21:18:21Z,0000095953-26-000040,2026-03-03T22:09:08Z,2026-08-04T21:18:21Z,0,0,sec_submissions,sec_companyfacts,https://data.sec.gov/submissions/CIK0000095953.json,https://data.sec.gov/api/xbrl/companyfacts/CIK0000095953.json,1846c761aaf207c12c7a8acd94dc2fbaf47914556d1c584db21c2afea3979f7b,718158084365805923d1c29557b6f8b6465be8db13cb42f7ff07b6c1e9e986bd,ready_for_ingestion,,1.00,0,fact_source_reported,"{""availability_boundary"":""sec_acceptance_timestamp"",""companyfacts_accession_count"":62,""fiscal_year_end_method"":""submissions_entity_metadata"",""reporting_currency_method"":""latest_annual_anchor_concepts"",""source_cutoff_date"":""2026-09-05"",""trading_currency_used_as_reporting_fallback"":false}",basic_materials_financial_data_policy_v1,6c6c6fa56a3f7194a14ffea8d853a48b179575ac4e6d91de5b11c0e0ef924181
current:AEM,current_universe,AEM,0000002809,Agnico Eagle Mines Limited,Canada,USD,2026-09-05,2026-09-05,AGNICO EAGLE MINES LTD,40-F,canadian_mjds,IFRS,ifrs-full,12-31,USD,latest_annual_anchor_concepts,annual_or_interim_6k,40-F,0001104659-26-032153,2026-03-19T21:00:49Z,0001104659-26-032153,2026-03-19T21:00:49Z,2026-03-19T21:00:49Z,0,0,sec_submissions,sec_companyfacts,https://data.sec.gov/submissions/CIK0000002809.json,https://data.sec.gov/api/xbrl/companyfacts/CIK0000002809.json,c74c52b9069e429fe8bb494b3c3122b87fae92752113f2cc27c735f95dba6aab,c6288c84e678448745ad053b98e8db7f0859efa2a0062b415208afb187690c8c,ready_for_ingestion,,1.00,0,fact_source_reported,"{""availability_boundary"":""sec_acceptance_timestamp"",""companyfacts_accession_count"":30,""fiscal_year_end_method"":""submissions_entity_metadata"",""reporting_currency_method"":""latest_annual_anchor_concepts"",""source_cutoff_date"":""2026-09-05"",""trading_currency_used_as_reporting_fallback"":false}",basic_materials_financial_data_policy_v1,571c87683c8c5d0cf76e33e5f4d745e7a130a06e966806417210e9230dd52f73
current:AGI,current_universe,AGI,0001178819,Alamos Gold Inc.,Canada,USD,2026-09-05,2026-09-05,ALAMOS GOLD INC,40-F,canadian_mjds,IFRS,ifrs-full,12-31,USD,latest_annual_anchor_concepts,annual_or_interim_6k,40-F,0001178819-26-000048,2026-03-26T18:38:52Z,0001178819-26-000048,2026-03-26T18:38:52Z,2026-03-26T18:38:52Z,0,0,sec_submissions,sec_companyfacts,https://data.sec.gov/submissions/CIK0001178819.json,https://data.sec.gov/api/xbrl/companyfacts/CIK0001178819.json,d8c435474f27e19e891fda31b5cfaad9bb6e4cf216155bbc93afc9792c38acb0,66f78dad51c37d34f2e4421c11194d443c12dcdc716bed362aef9b1cf826a4eb,ready_for_ingestion,,1.00,0,fact_source_reported,"{""availability_boundary"":""sec_acceptance_timestamp"",""companyfacts_accession_count"":18,""fiscal_year_end_method"":""submissions_entity_metadata"",""reporting_currency_method"":""latest_annual_anchor_concepts"",""source_cutoff_date"":""2026-09-05"",""trading_currency_used_as_reporting_fallback"":false}",basic_materials_financial_data_policy_v1,5b1963b67cf5a26205de07baef63b6406d89f785e783de5d6d642dcd7b0f4a21
current:ALB,current_universe,ALB,0000915913,Albemarle Corporation,United States,USD,2026-09-05,2026-09-05,ALBEMARLE CORP,10-K,domestic_sec,US_GAAP,us-gaap,12-31,USD,eligible_companyfacts_plurality,quarterly,10-Q,0000915913-26-000102,2026-08-05T20:40:47Z,0000915913-26-000060,2026-03-31T20:19:04Z,2026-08-05T20:40:47Z,0,0,sec_submissions,sec_companyfacts,https://data.sec.gov/submissions/CIK0000915913.json,https://data.sec.gov/api/xbrl/companyfacts/CIK0000915913.json,9c761e2899277517615d85b23989a45e82ff6d51e655199c6b2de608a5086206,5cd3ca4cf5c31719acb1e076eff8056e414212076adbd68b05da1b6bd65b57d2,ready_for_ingestion,,1.00,0,fact_source_reported,"{""availability_boundary"":""sec_acceptance_timestamp"",""companyfacts_accession_count"":52,""fiscal_year_end_method"":""submissions_entity_metadata"",""reporting_currency_method"":""eligible_companyfacts_plurality"",""source_cutoff_date"":""2026-09-05"",""trading_currency_used_as_reporting_fallback"":false}",basic_materials_financial_data_policy_v1,170ac0a69a820868a07d39b2c547cac5ad5279a2ae0440fba0082c19f7055fce
current:ALM,current_universe,ALM,0001670061,Almonty Industries Inc.,United States,USD,2026-09-05,2026-09-05,Almonty Industries Inc.,40-F,canadian_mjds,IFRS,ifrs-full,12-31,CAD,latest_annual_anchor_concepts,annual_or_interim_6k,40-F,0001493152-26-011503,2026-03-19T10:59:08Z,0001493152-26-011503,2026-03-19T10:59:08Z,2026-03-19T10:59:08Z,0,0,sec_submissions,sec_companyfacts,https://data.sec.gov/submissions/CIK0001670061.json,https://data.sec.gov/api/xbrl/companyfacts/CIK0001670061.json,5f38d737e3806711ff6334593c15b47bf797011ef2091038857912e89c049f8a,4bde0f5b55c99febb322c08c873ca6dc1254a31bce55ee73a89fc561c84d321c,ready_for_ingestion,,1.00,0,fact_source_reported,"{""availability_boundary"":""sec_acceptance_timestamp"",""companyfacts_accession_count"":1,""fiscal_year_end_method"":""submissions_entity_metadata"",""reporting_currency_method"":""latest_annual_anchor_concepts"",""source_cutoff_date"":""2026-09-05"",""trading_currency_used_as_reporting_fallback"":false}",basic_materials_financial_data_policy_v1,21e4b21dd8177c16ce452c9e57c32f5d12d49ec2928713c128134713a5de3fc3
current:AMRZ,current_universe,AMRZ,0002035989,Amrize Ltd,Switzerland,USD,2026-09-05,2026-09-05,Amrize Ltd,10-K,domestic_sec,US_GAAP,us-gaap,12-31,USD,latest_annual_anchor_concepts,quarterly,10-Q,0002035989-26-000067,2026-08-10T20:11:24Z,0002035989-26-000017,2026-02-18T21:05:58Z,2026-08-10T20:11:24Z,0,0,sec_submissions,sec_companyfacts,https://data.sec.gov/submissions/CIK0002035989.json,https://data.sec.gov/api/xbrl/companyfacts/CIK0002035989.json,bcff78b435d0a86056212ebaff8fd0eabb6ae08e4835f6e7fb98f581397bf408,18360b080a6357b0483ab9fae58a9f2e05867d6c719a07857d2b3ed5cda7235a,ready_for_ingestion,,1.00,0,fact_source_reported,"{""availability_boundary"":""sec_acceptance_timestamp"",""companyfacts_accession_count"":5,""fiscal_year_end_method"":""submissions_entity_metadata"",""reporting_currency_method"":""latest_annual_anchor_concepts"",""source_cutoff_date"":""2026-09-05"",""trading_currency_used_as_reporting_fallback"":false}",basic_materials_financial_data_policy_v1,bbca2af9c00b3f1bc90c7b11a20a10d54157be860b23eac01420e149ec8f65e7
current:APD,current_universe,APD,0000002969,"Air Products and Chemicals, Inc.",United States,USD,2026-09-05,2026-09-05,"Air Products & Chemicals, Inc.",10-K,domestic_sec,US_GAAP,us-gaap,09-30,USD,latest_annual_anchor_concepts,quarterly,10-Q,0000002969-26-000036,2026-07-30T17:31:08Z,0000002969-25-000055,2025-11-20T15:20:44Z,2026-07-30T17:31:08Z,0,0,sec_submissions,sec_companyfacts,https://data.sec.gov/submissions/CIK0000002969.json,https://data.sec.gov/api/xbrl/companyfacts/CIK0000002969.json,cf626b494046db3e42f6387bb57b49d1b04289ff2861250ea501c8fe44937872,b950a51ccd6520b9874e8452b9be9d2a43736bf24b7ea2413c44d34cf72a623a,ready_for_ingestion,,1.00,0,fact_source_reported,"{""availability_boundary"":""sec_acceptance_timestamp"",""companyfacts_accession_count"":43,""fiscal_year_end_method"":""submissions_entity_metadata"",""reporting_currency_method"":""latest_annual_anchor_concepts"",""source_cutoff_date"":""2026-09-05"",""trading_currency_used_as_reporting_fallback"":false}",basic_materials_financial_data_policy_v1,8fa6b85bc9c46d033ca54530e905ce32ab8eef332b3c000d9e1648cf3d93df40
current:ARIS,current_universe,ARIS,0001964504,Aris Mining Corporation,Canada,USD,2026-09-05,2026-09-05,Aris Mining Corp,40-F,canadian_mjds,IFRS,ifrs-full,12-31,USD,latest_annual_anchor_concepts,annual_or_interim_6k,40-F,0001964504-26-000012,2026-03-11T21:16:19Z,0001964504-26-000012,2026-03-11T21:16:19Z,2026-03-11T21:16:19Z,0,0,sec_submissions,sec_companyfacts,https://data.sec.gov/submissions/CIK0001964504.json,https://data.sec.gov/api/xbrl/companyfacts/CIK0001964504.json,452f299aef4c0b01c5530fffd85fe612bb00d4ad8be0d6fe00589641bdddd412,c1327d0297da760e42eba0dbbfdd84677b4f2bb45a8157b0db9e5fb2e5597a9a,ready_for_ingestion,,1.00,0,fact_source_reported,"{""availability_boundary"":""sec_acceptance_timestamp"",""companyfacts_accession_count"":3,""fiscal_year_end_method"":""submissions_entity_metadata"",""reporting_currency_method"":""latest_annual_anchor_concepts"",""source_cutoff_date"":""2026-09-05"",""trading_currency_used_as_reporting_fallback"":false}",basic_materials_financial_data_policy_v1,abd577ca403467f00f846102530965f38f00d1a70bbe7c801a3846c6d739febf
current:ASH,current_universe,ASH,0001674862,Ashland Inc.,United States,USD,2026-09-05,2026-09-05,ASHLAND INC.,10-K,domestic_sec,US_GAAP,us-gaap,09-30,USD,latest_annual_anchor_concepts,quarterly,10-Q,0001193125-26-324226,2026-07-29T21:17:39Z,0001193125-25-289248,2025-11-20T17:32:43Z,2026-07-29T21:17:39Z,0,0,sec_submissions,sec_companyfacts,https://data.sec.gov/submissions/CIK0001674862.json,https://data.sec.gov/api/xbrl/companyfacts/CIK0001674862.json,2fccede02a3d9b162a4bb9abc8b27390539d11cb2bac48cdb3e35743705d527a,8d4289d492726150f37f23f244638a84b8efe77166b0068a603dbb578292ec02,ready_for_ingestion,,1.00,0,fact_source_reported,"{""availability_boundary"":""sec_acceptance_timestamp"",""companyfacts_accession_count"":40,""fiscal_year_end_method"":""submissions_entity_metadata"",""reporting_currency_method"":""latest_annual_anchor_concepts"",""source_cutoff_date"":""2026-09-05"",""trading_currency_used_as_reporting_fallback"":false}",basic_materials_financial_data_policy_v1,4a532795668d6e7a675f63c21eb66971a108978158e92c1d7e158709b9864633
current:ASIX,current_universe,ASIX,0001673985,AdvanSix Inc.,United States,USD,2026-09-05,2026-09-05,AdvanSix Inc.,10-K,domestic_sec,US_GAAP,us-gaap,12-31,USD,latest_annual_anchor_concepts,quarterly,10-Q,0001673985-26-000049,2026-08-07T20:03:37Z,0001673985-26-000008,2026-02-20T21:17:22Z,2026-08-07T20:03:37Z,0,0,sec_submissions,sec_companyfacts,https://data.sec.gov/submissions/CIK0001673985.json,https://data.sec.gov/api/xbrl/companyfacts/CIK0001673985.json,361e1389ab9ef28b0f1cf0aeef79eb3b4828e0216ebfeb70873cd2b79636e296,c2040bae3a3a917124e9fd60d5553f49f637894b6f20d02a24265c7f3d631e88,ready_for_ingestion,,1.00,0,fact_source_reported,"{""availability_boundary"":""sec_acceptance_timestamp"",""companyfacts_accession_count"":41,""fiscal_year_end_method"":""submissions_entity_metadata"",""reporting_currency_method"":""latest_annual_anchor_concepts"",""source_cutoff_date"":""2026-09-05"",""trading_currency_used_as_reporting_fallback"":false}",basic_materials_financial_data_policy_v1,87d5bd6dbbe7fb9884a149a53256799beecf4aade7f00b7e59e71d0ab48ca8ad
current:ASM,current_universe,ASM,0000316888,Avino Silver & Gold Mines Ltd.,Canada,USD,2026-09-05,2026-09-05,AVINO SILVER & GOLD MINES LTD,40-F,canadian_mjds,IFRS,ifrs-full,12-31,USD,eligible_companyfacts_plurality,annual_or_interim_6k,40-F,0001477932-26-001629,2026-03-27T20:16:30Z,0001477932-26-001629,2026-03-27T20:16:30Z,2026-03-10T21:05:39Z,17,1,sec_submissions,sec_companyfacts,https://data.sec.gov/submissions/CIK0000316888.json,https://data.sec.gov/api/xbrl/companyfacts/CIK0000316888.json,5eaa2c1969ca0ef4e81f9756765702525e83584f88b275231a035c9b761e829c,7e36cd44b59978a2c5da1ed95ab96e96ed0bcc1ad34997961225d8f0bce498df,companyfacts_fallback_required,companyfacts_fallback_required,0.80,0,fact_source_reported,"{""availability_boundary"":""sec_acceptance_timestamp"",""companyfacts_accession_count"":25,""fiscal_year_end_method"":""submissions_entity_metadata"",""reporting_currency_method"":""eligible_companyfacts_plurality"",""source_cutoff_date"":""2026-09-05"",""trading_currency_used_as_reporting_fallback"":false}",basic_materials_financial_data_policy_v1,52948a9f7e42e46918cb39282023cb9eb75e73a34e3abe94df832dba15dfc93a
current:ASPN,current_universe,ASPN,0001145986,"Aspen Aerogels, Inc.",United States,USD,2026-09-05,2026-09-05,ASPEN AEROGELS INC,10-K,domestic_sec,US_GAAP,us-gaap,12-31,USD,latest_annual_anchor_concepts,quarterly,10-Q,0001193125-26-340275,2026-08-07T20:15:48Z,0001193125-26-119892,2026-03-23T20:48:35Z,2026-08-07T20:15:48Z,0,0,sec_submissions,sec_companyfacts,https://data.sec.gov/submissions/CIK0001145986.json,https://data.sec.gov/api/xbrl/companyfacts/CIK0001145986.json,b723fdc4eb70215018e305336f1f2f2a206f904702f4cfd04ed90bf50f77a73d,87818c38b8e71f990929d388297fd67599f48c4e0501978289bd6a8c24620820,ready_for_ingestion,,1.00,0,fact_source_reported,"{""availability_boundary"":""sec_acceptance_timestamp"",""companyfacts_accession_count"":50,""fiscal_year_end_method"":""submissions_entity_metadata"",""reporting_currency_method"":""latest_annual_anchor_concepts"",""source_cutoff_date"":""2026-09-05"",""trading_currency_used_as_reporting_fallback"":false}",basic_materials_financial_data_policy_v1,f3367ed68b20b540f21ca99cde35264193d142f1a6cbfd4467fa2ffe7a17baca
current:ASTL,current_universe,ASTL,0001860805,Algoma Steel Group Inc.,Canada,USD,2026-09-05,2026-09-05,Algoma Steel Group Inc.,40-F,canadian_mjds,IFRS,ifrs-full,03-31,CAD,latest_annual_anchor_concepts,annual_or_interim_6k,40-F,0001193125-26-102628,2026-03-11T22:47:59Z,0001193125-26-102628,2026-03-11T22:47:59Z,2026-03-11T22:47:59Z,0,0,sec_submissions,sec_companyfacts,https://data.sec.gov/submissions/CIK0001860805.json,https://data.sec.gov/api/xbrl/companyfacts/CIK0001860805.json,4027e7b91aaba5318e8db483830b07217117b6ac85450298778189f52776fbaa,8bf2341e4f322e4a9d4de0b16fd0152ec61e153e5014be342316b92868c78b02,ready_for_ingestion,,1.00,0,fact_source_reported,"{""availability_boundary"":""sec_acceptance_timestamp"",""companyfacts_accession_count"":5,""fiscal_year_end_method"":""submissions_entity_metadata"",""reporting_currency_method"":""latest_annual_anchor_concepts"",""source_cutoff_date"":""2026-09-05"",""trading_currency_used_as_reporting_fallback"":false}",basic_materials_financial_data_policy_v1,3d7ed6dc19440246f2869b7ff627bd70e71acaa11683b8b8f28d600611357369
current:AU,current_universe,AU,0001973832,AngloGold Ashanti plc,United States,USD,2026-09-05,2026-09-05,AngloGold Ashanti PLC,20-F,foreign_private_issuer,IFRS,ifrs-full,12-31,USD,latest_annual_anchor_concepts,annual_or_interim_6k,20-F,0001973832-26-000066,2026-03-26T10:17:04Z,0001973832-26-000066,2026-03-26T10:17:04Z,2026-03-26T10:17:04Z,0,0,sec_submissions,sec_companyfacts,https://data.sec.gov/submissions/CIK0001973832.json,https://data.sec.gov/api/xbrl/companyfacts/CIK0001973832.json,641dccbfe1179aa00c60ac957d8d122b56e4843b9e511095e0489938291b385a,202b0f26e1e86f422343bb25fabdf369734eb28268f1e10b633dab99c91dcfc1,ready_for_ingestion,,1.00,0,fact_source_reported,"{""availability_boundary"":""sec_acceptance_timestamp"",""companyfacts_accession_count"":6,""fiscal_year_end_method"":""submissions_entity_metadata"",""reporting_currency_method"":""latest_annual_anchor_concepts"",""source_cutoff_date"":""2026-09-05"",""trading_currency_used_as_reporting_fallback"":false}",basic_materials_financial_data_policy_v1,adab32deee50caddaecf41f6a01ce277be0a969363a4b80eab0810a9d5016ee3
current:AUGO,current_universe,AUGO,0001468642,Aura Minerals Inc.,United States,USD,2026-09-05,2026-09-05,Aura Minerals Inc.,20-F,foreign_private_issuer,UNKNOWN,unknown,12-31,,unresolved,annual_or_interim_6k,20-F/A,0001171843-26-002783,2026-04-28T23:00:30Z,0001171843-26-002783,2026-04-28T23:00:30Z,,,1,sec_submissions,sec_companyfacts,https://data.sec.gov/submissions/CIK0001468642.json,https://data.sec.gov/api/xbrl/companyfacts/CIK0001468642.json,b9a40f01278c40815828c662967c60833d1a729d9975f0419a1f47142cc0bbb3,1a799d7bfa91c327c9c584d2fa9d7e281559f9a4ef5a36828daa51f40fd5baf7,taxonomy_review_required,accounting_taxonomy_unresolved;reporting_currency_unresolved;companyfacts_fallback_required,0.60,0,fact_source_reported,"{""availability_boundary"":""sec_acceptance_timestamp"",""companyfacts_accession_count"":0,""fiscal_year_end_method"":""submissions_entity_metadata"",""reporting_currency_method"":""unresolved"",""source_cutoff_date"":""2026-09-05"",""trading_currency_used_as_reporting_fallback"":false}",basic_materials_financial_data_policy_v1,5230608da1f2d18e0adf11288ffc617ac1a707a7531ea9e66f3f23ff55c87fff
current:AVD,current_universe,AVD,0000005981,American Vanguard Corporation,United States,USD,2026-09-05,2026-09-05,AMERICAN VANGUARD CORP,10-K,domestic_sec,US_GAAP,us-gaap,12-31,USD,latest_annual_anchor_concepts,quarterly,10-Q,0001193125-26-342489,2026-08-10T20:30:43Z,0001193125-26-108593,2026-03-16T21:08:05Z,2026-08-10T20:30:43Z,0,0,sec_submissions,sec_companyfacts,https://data.sec.gov/submissions/CIK0000005981.json,https://data.sec.gov/api/xbrl/companyfacts/CIK0000005981.json,f8e103aa2a5366db7adcdf0f37cead22612c6bfb8d51a9409ace24aa99bdea3f,3450476d16f4fb15eea48d3cef2ac06bec4ce20c254769db153a13255283b426,ready_for_ingestion,,1.00,0,fact_source_reported,"{""availability_boundary"":""sec_acceptance_timestamp"",""companyfacts_accession_count"":62,""fiscal_year_end_method"":""submissions_entity_metadata"",""reporting_currency_method"":""latest_annual_anchor_concepts"",""source_cutoff_date"":""2026-09-05"",""trading_currency_used_as_reporting_fallback"":false}",basic_materials_financial_data_policy_v1,204afcba042f862f239e992a33d0ac3cbba59a7858974738235203774589bd04
current:AVNT,current_universe,AVNT,0001122976,Avient Corporation,United States,USD,2026-09-05,2026-09-05,AVIENT CORP,10-K,domestic_sec,US_GAAP,us-gaap,12-31,USD,latest_annual_anchor_concepts,quarterly,10-Q,0001122976-26-000126,2026-08-06T17:47:45Z,0001122976-26-000039,2026-02-17T21:20:46Z,2026-08-06T17:47:45Z,0,0,sec_submissions,sec_companyfacts,https://data.sec.gov/submissions/CIK0001122976.json,https://data.sec.gov/api/xbrl/companyfacts/CIK0001122976.json,9f5ff8f74d6f8e5a9ab0fd52e337a03913298230f8bc891771fc8953aa94ec61,c0ab83a8bd0707bc3130b31c1652a332b8cae577a5d0168095c6bc887d4aabcc,ready_for_ingestion,,1.00,0,fact_source_reported,"{""availability_boundary"":""sec_acceptance_timestamp"",""companyfacts_accession_count"":46,""fiscal_year_end_method"":""submissions_entity_metadata"",""reporting_currency_method"":""latest_annual_anchor_concepts"",""source_cutoff_date"":""2026-09-05"",""trading_currency_used_as_reporting_fallback"":false}",basic_materials_financial_data_policy_v1,01db41d26aa38f43eedfd978b0c268ea9efa6f2c78637e63d3488acc71daeac8
current:AXTA,current_universe,AXTA,0001616862,Axalta Coating Systems Ltd.,United States,USD,2026-09-05,2026-09-05,Axalta Coating Systems Ltd.,10-K,domestic_sec,US_GAAP,us-gaap,12-31,USD,latest_annual_anchor_concepts,quarterly,10-Q,0001628280-26-050466,2026-07-29T16:04:36Z,0001628280-26-008008,2026-02-13T18:15:38Z,2026-04-30T16:13:35Z,90,0,sec_submissions,sec_companyfacts,https://data.sec.gov/submissions/CIK0001616862.json,https://data.sec.gov/api/xbrl/companyfacts/CIK0001616862.json,24221da029a2a04a15cede5e4356cfb19ee9d01a0d6d0cdc5d031b4eeee0c8a9,9e22a7f8e48a06d756c302f8173ba5685e7705fdc71406ed7b48cec62ce998a0,ready_for_ingestion,,1.00,0,fact_source_reported,"{""availability_boundary"":""sec_acceptance_timestamp"",""companyfacts_accession_count"":44,""fiscal_year_end_method"":""submissions_entity_metadata"",""reporting_currency_method"":""latest_annual_anchor_concepts"",""source_cutoff_date"":""2026-09-05"",""trading_currency_used_as_reporting_fallback"":false}",basic_materials_financial_data_policy_v1,83e1cf3e75736960d3cb9bf22f7f9bdb84a003f2433fbdedd79ef1419a29095c
current:B,current_universe,B,0000756894,Barrick Mining Corporation,Canada,USD,2026-09-05,2026-09-05,BARRICK MINING CORP,40-F,canadian_mjds,IFRS,ifrs-full,12-31,USD,latest_annual_anchor_concepts,annual_or_interim_6k,40-F,0001193125-26-079253,2026-02-27T12:39:52Z,0001193125-26-079253,2026-02-27T12:39:52Z,2026-02-27T12:39:52Z,0,0,sec_submissions,sec_companyfacts,https://data.sec.gov/submissions/CIK0000756894.json,https://data.sec.gov/api/xbrl/companyfacts/CIK0000756894.json,1e1cc4d54186e703f1a2b70b5c0a0470e20fe622e39602979f8224045d06852a,2c7f854717c619165f76052bcb0462fccfb1cb55b61c286325fb8590eaf4e506,ready_for_ingestion,,1.00,0,fact_source_reported,"{""availability_boundary"":""sec_acceptance_timestamp"",""companyfacts_accession_count"":29,""fiscal_year_end_method"":""submissions_entity_metadata"",""reporting_currency_method"":""latest_annual_anchor_concepts"",""source_cutoff_date"":""2026-09-05"",""trading_currency_used_as_reporting_fallback"":false}",basic_materials_financial_data_policy_v1,d7ab30d8bc384f984f111caa75bc9d56bd6c23f5fce5505406167f82008d3bab
current:BCPC,current_universe,BCPC,0000009326,Balchem Corporation,United States,USD,2026-09-05,2026-09-05,BALCHEM CORP,10-K,domestic_sec,US_GAAP,us-gaap,12-31,USD,latest_annual_anchor_concepts,quarterly,10-Q,0000009326-26-000028,2026-07-31T20:20:15Z,0000009326-26-000007,2026-02-20T21:26:06Z,2026-07-31T20:20:15Z,0,0,sec_submissions,sec_companyfacts,https://data.sec.gov/submissions/CIK0000009326.json,https://data.sec.gov/api/xbrl/companyfacts/CIK0000009326.json,fdd945fedd5280ae93c83960bd01849cad287ef8246530155654b01effee54b3,664dce9801c255dd52751af7b2bb44aeb563d1b14fdd022a07d32564da6e4c1f,ready_for_ingestion,,1.00,0,fact_source_reported,"{""availability_boundary"":""sec_acceptance_timestamp"",""companyfacts_accession_count"":62,""fiscal_year_end_method"":""submissions_entity_metadata"",""reporting_currency_method"":""latest_annual_anchor_concepts"",""source_cutoff_date"":""2026-09-05"",""trading_currency_used_as_reporting_fallback"":false}",basic_materials_financial_data_policy_v1,e642d636dcbed9d94711de2580a4698b00de060c8f1598b243ab3bed4e78189e
current:BHP,current_universe,BHP,0000811809,BHP Group Limited,Australia,USD,2026-09-05,2026-09-05,BHP Group Ltd,20-F,foreign_private_issuer,IFRS,ifrs-full,06-30,USD,eligible_companyfacts_plurality,annual_or_interim_6k,20-F,0001193125-26-354647,2026-08-18T10:06:03Z,0001193125-26-354647,2026-08-18T10:06:03Z,2025-08-22T10:06:43Z,361,1,sec_submissions,sec_companyfacts,https://data.sec.gov/submissions/CIK0000811809.json,https://data.sec.gov/api/xbrl/companyfacts/CIK0000811809.json,10c55904d467eb52a55e35a4da0f9d2d2d17484649552e58f1613e7ae0a0a047,4b40f1150680057f69333d6bab42ed44205b5afab467d0bfddb0fe85f1ce3810,companyfacts_fallback_required,companyfacts_fallback_required,0.80,0,fact_source_reported,"{""availability_boundary"":""sec_acceptance_timestamp"",""companyfacts_accession_count"":11,""fiscal_year_end_method"":""submissions_entity_metadata"",""reporting_currency_method"":""eligible_companyfacts_plurality"",""source_cutoff_date"":""2026-09-05"",""trading_currency_used_as_reporting_fallback"":false}",basic_materials_financial_data_policy_v1,d7632211643f9c941f21c2247834170ff1e7688bd346af3f71554567438cd7c4
current:BTG,current_universe,BTG,0001429937,B2Gold Corp.,Canada,USD,2026-09-05,2026-09-05,B2GOLD CORP,40-F,canadian_mjds,IFRS,ifrs-full,12-31,USD,latest_annual_anchor_concepts,annual_or_interim_6k,40-F,0001104659-26-026310,2026-03-11T18:00:34Z,0001104659-26-026310,2026-03-11T18:00:34Z,2026-03-11T18:00:34Z,0,0,sec_submissions,sec_companyfacts,https://data.sec.gov/submissions/CIK0001429937.json,https://data.sec.gov/api/xbrl/companyfacts/CIK0001429937.json,5fbb5b1b0255160cd7e71d6f6932cb679c4852df57f8c752dc5e42bdbe74068f,5a27d640dd00c3a62a3b80e117fae2d109497a809720e9e0e89639270f12766b,ready_for_ingestion,,1.00,0,fact_source_reported,"{""availability_boundary"":""sec_acceptance_timestamp"",""companyfacts_accession_count"":9,""fiscal_year_end_method"":""submissions_entity_metadata"",""reporting_currency_method"":""latest_annual_anchor_concepts"",""source_cutoff_date"":""2026-09-05"",""trading_currency_used_as_reporting_fallback"":false}",basic_materials_financial_data_policy_v1,c96d5a48dc00163b7964b5d9e0e2d328ea8257f7876b58223430a6f0ba53de04
current:CBT,current_universe,CBT,0000016040,Cabot Corporation,United States,USD,2026-09-05,2026-09-05,CABOT CORP,10-K,domestic_sec,US_GAAP,us-gaap,09-30,USD,latest_annual_anchor_concepts,quarterly,10-Q,0001193125-26-332489,2026-08-04T18:58:14Z,0001193125-25-292412,2025-11-24T15:25:40Z,2026-08-04T18:58:14Z,0,0,sec_submissions,sec_companyfacts,https://data.sec.gov/submissions/CIK0000016040.json,https://data.sec.gov/api/xbrl/companyfacts/CIK0000016040.json,ef1547be5281746dd0977f93920e2a418f911af3d4140c421607a88137c6d1dc,d84db7d5005a0fd951c693292890f342fcf161a8d9c6d6c9869243fcd5830252,ready_for_ingestion,,1.00,0,fact_source_reported,"{""availability_boundary"":""sec_acceptance_timestamp"",""companyfacts_accession_count"":36,""fiscal_year_end_method"":""submissions_entity_metadata"",""reporting_currency_method"":""latest_annual_anchor_concepts"",""source_cutoff_date"":""2026-09-05"",""trading_currency_used_as_reporting_fallback"":false}",basic_materials_financial_data_policy_v1,5854443ad8fa8d7eca0cc40b61e76d86a8c0683abdc5177f021c76cbaf7bbcb9
current:CC,current_universe,CC,0001627223,The Chemours Company,United States,USD,2026-09-05,2026-09-05,Chemours Co,10-K,domestic_sec,US_GAAP,us-gaap,12-31,USD,latest_annual_anchor_concepts,quarterly,10-Q,0001627223-26-000024,2026-08-05T15:06:58Z,0001193125-26-065201,2026-02-24T12:14:50Z,2026-08-05T15:06:58Z,0,0,sec_submissions,sec_companyfacts,https://data.sec.gov/submissions/CIK0001627223.json,https://data.sec.gov/api/xbrl/companyfacts/CIK0001627223.json,cb325f02742bed26695c5bed5e202bc3bd6a26a213803b10d2da009534acff7a,a9767e28b16e6bc2a1915d2db9d049db0a8a49ad9444b46cef2ef105d657541e,ready_for_ingestion,,1.00,0,fact_source_reported,"{""availability_boundary"":""sec_acceptance_timestamp"",""companyfacts_accession_count"":45,""fiscal_year_end_method"":""submissions_entity_metadata"",""reporting_currency_method"":""latest_annual_anchor_concepts"",""source_cutoff_date"":""2026-09-05"",""trading_currency_used_as_reporting_fallback"":false}",basic_materials_financial_data_policy_v1,58fd3e1c585a2114c5b2129d54b96ba7f675e2c0ce26a59147e2ec95e6de5617
current:CDE,current_universe,CDE,0000215466,"Coeur Mining, Inc.",United States,USD,2026-09-05,2026-09-05,"Coeur Mining, Inc.",10-K,domestic_sec,US_GAAP,us-gaap,12-31,USD,latest_annual_anchor_concepts,quarterly,10-Q,0000215466-26-000036,2026-08-05T20:43:07Z,0000215466-26-000004,2026-02-18T21:55:17Z,2026-08-05T20:43:07Z,0,0,sec_submissions,sec_companyfacts,https://data.sec.gov/submissions/CIK0000215466.json,https://data.sec.gov/api/xbrl/companyfacts/CIK0000215466.json,b6878ce0c50818a1995155fc08b067e9108d306e20aa7e21f167270ffbe24f44,da2356de6cf8984303c827300c88adb358c86eab518e1bf24bd4e175ad1d5f18,ready_for_ingestion,,1.00,0,fact_source_reported,"{""availability_boundary"":""sec_acceptance_timestamp"",""companyfacts_accession_count"":49,""fiscal_year_end_method"":""submissions_entity_metadata"",""reporting_currency_method"":""latest_annual_anchor_concepts"",""source_cutoff_date"":""2026-09-05"",""trading_currency_used_as_reporting_fallback"":false}",basic_materials_financial_data_policy_v1,9d4c18f7927a3ff0ebdeb72d4e29aa05d7feae8634f99cbc1e2aee4378163eee
current:CE,current_universe,CE,0001306830,Celanese Corporation,United States,USD,2026-09-05,2026-09-05,Celanese Corp,10-K,domestic_sec,US_GAAP,us-gaap,12-31,USD,latest_annual_anchor_concepts,quarterly,10-Q,0001306830-26-000117,2026-08-05T20:22:31Z,0001306830-26-000031,2026-02-24T21:35:14Z,2026-08-05T20:22:31Z,0,0,sec_submissions,sec_companyfacts,https://data.sec.gov/submissions/CIK0001306830.json,https://data.sec.gov/api/xbrl/companyfacts/CIK0001306830.json,ae1a8b18c36bbfcc6356779af16d21b81b4b85ea929dea1075fa652e3ab93aa3,b7bfa5a79dd56e28f209fbf81201b4cbcdd428df74e5c4bfe76682848a9619d6,ready_for_ingestion,,1.00,0,fact_source_reported,"{""availability_boundary"":""sec_acceptance_timestamp"",""companyfacts_accession_count"":38,""fiscal_year_end_method"":""submissions_entity_metadata"",""reporting_currency_method"":""latest_annual_anchor_concepts"",""source_cutoff_date"":""2026-09-05"",""trading_currency_used_as_reporting_fallback"":false}",basic_materials_financial_data_policy_v1,88d8978d234591a9a3acdc5c598f598602f7addb4113379f8334e46eb13ce172
current:CF,current_universe,CF,0001324404,"CF Industries Holdings, Inc.",United States,USD,2026-09-05,2026-09-05,"CF Industries Holdings, Inc.",10-K,domestic_sec,US_GAAP,us-gaap,12-31,USD,latest_annual_anchor_concepts,quarterly,10-Q,0001324404-26-000019,2026-08-06T17:29:56Z,0001324404-26-000007,2026-02-25T21:51:05Z,2026-08-06T17:29:56Z,0,0,sec_submissions,sec_companyfacts,https://data.sec.gov/submissions/CIK0001324404.json,https://data.sec.gov/api/xbrl/companyfacts/CIK0001324404.json,97f9c131d7ef1a822c3ab5084d0b9cfd13da895d151198114959396e7da10d12,a17d78818af617b7046483b5e76f2a85e1bf6a960c21a6f598ba0ee8d33d48b2,ready_for_ingestion,,1.00,0,fact_source_reported,"{""availability_boundary"":""sec_acceptance_timestamp"",""companyfacts_accession_count"":47,""fiscal_year_end_method"":""submissions_entity_metadata"",""reporting_currency_method"":""latest_annual_anchor_concepts"",""source_cutoff_date"":""2026-09-05"",""trading_currency_used_as_reporting_fallback"":false}",basic_materials_financial_data_policy_v1,56615d82545b7914fb9e7f0474114895d5238099ad2ebe82f28f541e035524f5
current:CGAU,current_universe,CGAU,0001854640,Centerra Gold Inc.,Canada,USD,2026-09-05,2026-09-05,Centerra Gold Inc.,40-F,canadian_mjds,IFRS,ifrs-full,12-31,USD,eligible_companyfacts_plurality,annual_or_interim_6k,40-F,0001104659-26-033394,2026-03-23T21:04:39Z,0001104659-26-033394,2026-03-23T21:04:39Z,2024-03-28T21:11:01Z,725,1,sec_submissions,sec_companyfacts,https://data.sec.gov/submissions/CIK0001854640.json,https://data.sec.gov/api/xbrl/companyfacts/CIK0001854640.json,a48def64d27a27ed9226601676fec375a992e5e3052d7f13f24be77169ac1503,af091c22b2b65f700eac38566b04d1ea99cf27e5bc59309c3b337702cbff7328,companyfacts_fallback_required,companyfacts_fallback_required,0.80,0,fact_source_reported,"{""availability_boundary"":""sec_acceptance_timestamp"",""companyfacts_accession_count"":3,""fiscal_year_end_method"":""submissions_entity_metadata"",""reporting_currency_method"":""eligible_companyfacts_plurality"",""source_cutoff_date"":""2026-09-05"",""trading_currency_used_as_reporting_fallback"":false}",basic_materials_financial_data_policy_v1,5c387c7d1638cea4a77b4ad6df66a27b6b839d9f6676e0f0329fede0e07ccd14
current:CLF,current_universe,CLF,0000764065,Cleveland-Cliffs Inc.,United States,USD,2026-09-05,2026-09-05,CLEVELAND-CLIFFS INC.,10-K,domestic_sec,US_GAAP,us-gaap,12-31,USD,latest_annual_anchor_concepts,quarterly,10-Q,0000764065-26-000100,2026-07-23T20:08:50Z,0000764065-26-000025,2026-02-09T21:28:05Z,2026-07-23T20:08:50Z,0,0,sec_submissions,sec_companyfacts,https://data.sec.gov/submissions/CIK0000764065.json,https://data.sec.gov/api/xbrl/companyfacts/CIK0000764065.json,36e195aef2d83f3ddb73e4c187b5c0445a06333f63bbe753552c5c6aa477bd27,6ac4f4ac47ed70babca129141a29e7aa6021bdac5bddcb0da437d1547a71c400,ready_for_ingestion,,1.00,0,fact_source_reported,"{""availability_boundary"":""sec_acceptance_timestamp"",""companyfacts_accession_count"":46,""fiscal_year_end_method"":""submissions_entity_metadata"",""reporting_currency_method"":""latest_annual_anchor_concepts"",""source_cutoff_date"":""2026-09-05"",""trading_currency_used_as_reporting_fallback"":false}",basic_materials_financial_data_policy_v1,ad93a3283a6c2668026bcd584458b9fb5f6c31d3887235b44b60610c85e3c59b
current:CMCL,current_universe,CMCL,0000766011,Caledonia Mining Corporation Plc,Jersey,USD,2026-09-05,2026-09-05,Caledonia Mining Corp Plc,20-F,foreign_private_issuer,IFRS,ifrs-full,12-31,USD,eligible_companyfacts_plurality,annual_or_interim_6k,20-F,0001104659-26-047739,2026-04-23T20:30:53Z,0001104659-26-047739,2026-04-23T20:30:53Z,2025-05-16T01:26:56Z,342,1,sec_submissions,sec_companyfacts,https://data.sec.gov/submissions/CIK0000766011.json,https://data.sec.gov/api/xbrl/companyfacts/CIK0000766011.json,5dd9f1809609021eb0baa7d674448f16d0bfbd763453724a61133dfc7555cd13,cf216a1eb242b1eedf8acca148b44db16923a07dcf6039e0ee13841041c82d0e,companyfacts_fallback_required,companyfacts_fallback_required,0.80,0,fact_source_reported,"{""availability_boundary"":""sec_acceptance_timestamp"",""companyfacts_accession_count"":11,""fiscal_year_end_method"":""submissions_entity_metadata"",""reporting_currency_method"":""eligible_companyfacts_plurality"",""source_cutoff_date"":""2026-09-05"",""trading_currency_used_as_reporting_fallback"":false}",basic_materials_financial_data_policy_v1,aed552d60ba72900e4731387cee7706c9c6a51100d55e7af037398f83b2d3bd3
current:CMP,current_universe,CMP,0001227654,"Compass Minerals International, Inc.",United States,USD,2026-09-05,2026-09-05,COMPASS MINERALS INTERNATIONAL INC,10-K,domestic_sec,US_GAAP,us-gaap,09-30,USD,latest_annual_anchor_concepts,quarterly,10-Q,0001227654-26-000054,2026-08-06T21:09:13Z,0001227654-25-000199,2025-12-12T01:16:14Z,2026-08-06T21:09:13Z,0,0,sec_submissions,sec_companyfacts,https://data.sec.gov/submissions/CIK0001227654.json,https://data.sec.gov/api/xbrl/companyfacts/CIK0001227654.json,0646573e401d024f3f1bb75d75fbed04af4d927f4cf2d01186945116c9cf1fc4,e35c63d958ef9b086a4a3940b05df1180411e5e375b2a0bd4518328b58fcc764,ready_for_ingestion,,1.00,0,fact_source_reported,"{""availability_boundary"":""sec_acceptance_timestamp"",""companyfacts_accession_count"":40,""fiscal_year_end_method"":""submissions_entity_metadata"",""reporting_currency_method"":""latest_annual_anchor_concepts"",""source_cutoff_date"":""2026-09-05"",""trading_currency_used_as_reporting_fallback"":false}",basic_materials_financial_data_policy_v1,4757b0dbac97ceb0710b0c870e4393712363f57ad03f5c0cb0ece1b6e33d0a0d
current:CRH,current_universe,CRH,0000849395,CRH plc,Ireland,USD,2026-09-05,2026-09-05,CRH PUBLIC LTD CO,10-K,domestic_sec,US_GAAP,us-gaap,12-31,USD,latest_annual_anchor_concepts,quarterly,10-Q,0001628280-26-050755,2026-07-30T10:08:08Z,0001628280-26-009043,2026-02-18T21:14:07Z,2026-07-30T10:08:08Z,0,0,sec_submissions,sec_companyfacts,https://data.sec.gov/submissions/CIK0000849395.json,https://data.sec.gov/api/xbrl/companyfacts/CIK0000849395.json,c34868bee19e63670b96afafa2e9dcb0955c4efa504f673bc38b7698d47fe7de,bafbd0d6ae151e56e2849147c783ff7bdab7fe825b41be69c1bc559b27ec3daa,ready_for_ingestion,,1.00,0,fact_source_reported,"{""availability_boundary"":""sec_acceptance_timestamp"",""companyfacts_accession_count"":17,""fiscal_year_end_method"":""submissions_entity_metadata"",""reporting_currency_method"":""latest_annual_anchor_concepts"",""source_cutoff_date"":""2026-09-05"",""trading_currency_used_as_reporting_fallback"":false}",basic_materials_financial_data_policy_v1,2c2fa7d84c56815296dc7a3e71979c006a2dec5b14e3eb535629dbc922146c6c
current:CTGO,current_universe,CTGO,0001502377,Contango Silver & Gold Inc.,United States,USD,2026-09-05,2026-09-05,Contango Silver & Gold Inc.,10-K,domestic_sec,US_GAAP,us-gaap,12-31,USD,latest_annual_anchor_concepts,quarterly,10-Q,0001193125-26-349539,2026-08-13T21:00:51Z,0001193125-26-107141,2026-03-16T11:00:36Z,2026-08-13T21:00:51Z,0,0,sec_submissions,sec_companyfacts,https://data.sec.gov/submissions/CIK0001502377.json,https://data.sec.gov/api/xbrl/companyfacts/CIK0001502377.json,04ec4ab52b11ac0c95717e89bd98ac86910b9558dd903e6a2bd2340b0684e043,e5bfbc4f319c0b4f1dfe49819d07bf10fa72c7cf47b600b439bb3afd14605189,ready_for_ingestion,,1.00,0,fact_source_reported,"{""availability_boundary"":""sec_acceptance_timestamp"",""companyfacts_accession_count"":63,""fiscal_year_end_method"":""submissions_entity_metadata"",""reporting_currency_method"":""latest_annual_anchor_concepts"",""source_cutoff_date"":""2026-09-05"",""trading_currency_used_as_reporting_fallback"":false}",basic_materials_financial_data_policy_v1,774f9cf2636bc0c7d26e0be580d8a08e131d5687efbf0b0b59503cb10f01607a
current:CTVA,current_universe,CTVA,0001755672,"Corteva, Inc.",United States,USD,2026-09-05,2026-09-05,"Corteva, Inc.",10-K,domestic_sec,US_GAAP,us-gaap,12-31,USD,latest_annual_anchor_concepts,quarterly,10-Q,0001755672-26-000025,2026-07-31T21:20:04Z,0001755672-26-000004,2026-02-12T22:24:29Z,2026-07-31T21:20:04Z,0,0,sec_submissions,sec_companyfacts,https://data.sec.gov/submissions/CIK0001755672.json,https://data.sec.gov/api/xbrl/companyfacts/CIK0001755672.json,57e05a51b16ebd58b3d8f64f5a037a0a7b225b8f4ab1961b18f13b5c995c2b67,ec6d194fdc705cdbe63c4e90f533ab90be465245882c73f449d2d89356d14d28,ready_for_ingestion,,1.00,0,fact_source_reported,"{""availability_boundary"":""sec_acceptance_timestamp"",""companyfacts_accession_count"":30,""fiscal_year_end_method"":""submissions_entity_metadata"",""reporting_currency_method"":""latest_annual_anchor_concepts"",""source_cutoff_date"":""2026-09-05"",""trading_currency_used_as_reporting_fallback"":false}",basic_materials_financial_data_policy_v1,840042a48d604a1f8c2d304b5143c8a4cb29c212c266372e56e5701a0dd65bc1
current:DD,current_universe,DD,0001666700,"DuPont de Nemours, Inc.",United States,USD,2026-09-05,2026-09-05,"DuPont de Nemours, Inc.",10-K,domestic_sec,US_GAAP,us-gaap,12-31,USD,latest_annual_anchor_concepts,quarterly,10-Q,0001666700-26-000053,2026-08-04T16:17:46Z,0001666700-26-000013,2026-02-17T18:46:12Z,2026-08-04T16:17:46Z,0,0,sec_submissions,sec_companyfacts,https://data.sec.gov/submissions/CIK0001666700.json,https://data.sec.gov/api/xbrl/companyfacts/CIK0001666700.json,5725dfdeb0cf5f7f766f2e1bd06b963added02d35ae3b3d331775f476c78bb71,496efa04b7364ec9f3869e58cdf53fd6fdfeb3d6f75234e3f09c2c408bf165dd,ready_for_ingestion,,1.00,0,fact_source_reported,"{""availability_boundary"":""sec_acceptance_timestamp"",""companyfacts_accession_count"":35,""fiscal_year_end_method"":""submissions_entity_metadata"",""reporting_currency_method"":""latest_annual_anchor_concepts"",""source_cutoff_date"":""2026-09-05"",""trading_currency_used_as_reporting_fallback"":false}",basic_materials_financial_data_policy_v1,86499fdfd99af27c7d03df750609948a9fd8840598cc0cb8d52706080633b9b3
current:DOW,current_universe,DOW,0001751788,Dow Inc.,United States,USD,2026-09-05,2026-09-05,DOW INC.,10-K,domestic_sec,US_GAAP,us-gaap,12-31,USD,latest_annual_anchor_concepts,quarterly,10-Q,0001751788-26-000147,2026-07-24T11:41:52Z,0001751788-26-000018,2026-02-03T12:53:43Z,2026-04-24T11:30:32Z,91,0,sec_submissions,sec_companyfacts,https://data.sec.gov/submissions/CIK0001751788.json,https://data.sec.gov/api/xbrl/companyfacts/CIK0001751788.json,85d7f9b91eea85f45f9e13cea5559eb23a84f57083aa9e73f228388c159b23d8,ff212d1e276fc1525ccac4101dadeadea5bb44ba5237a584a53d06d89535b823,ready_for_ingestion,,1.00,0,fact_source_reported,"{""availability_boundary"":""sec_acceptance_timestamp"",""companyfacts_accession_count"":30,""fiscal_year_end_method"":""submissions_entity_metadata"",""reporting_currency_method"":""latest_annual_anchor_concepts"",""source_cutoff_date"":""2026-09-05"",""trading_currency_used_as_reporting_fallback"":false}",basic_materials_financial_data_policy_v1,4923d2eadfc13742c07d71c2eee668ab02a881c578cc49ab9e60852a79986735
current:ECL,current_universe,ECL,0000031462,Ecolab Inc.,United States,USD,2026-09-05,2026-09-05,ECOLAB INC.,10-K,domestic_sec,US_GAAP,us-gaap,12-31,USD,latest_annual_anchor_concepts,quarterly,10-Q,0001628280-26-053886,2026-08-06T12:05:20Z,0001104659-26-018357,2026-02-23T13:00:49Z,2026-08-06T12:05:20Z,0,0,sec_submissions,sec_companyfacts,https://data.sec.gov/submissions/CIK0000031462.json,https://data.sec.gov/api/xbrl/companyfacts/CIK0000031462.json,890e7e91e19b85eb571cf2704684e75320cdc1b6ed8316cd1e4cf89bc082636b,d1bde94130ee5039309a29a510152a8ae865bac9075851449780c3c9fcd6c135,ready_for_ingestion,,1.00,0,fact_source_reported,"{""availability_boundary"":""sec_acceptance_timestamp"",""companyfacts_accession_count"":26,""fiscal_year_end_method"":""submissions_entity_metadata"",""reporting_currency_method"":""latest_annual_anchor_concepts"",""source_cutoff_date"":""2026-09-05"",""trading_currency_used_as_reporting_fallback"":false}",basic_materials_financial_data_policy_v1,7160791226cb5e6db653267f075cc4cd00b5c25f2d812a9bf8611dc3302e751b
current:ECVT,current_universe,ECVT,0001708035,Ecovyst Inc.,United States,USD,2026-09-05,2026-09-05,Ecovyst Inc.,10-K,domestic_sec,US_GAAP,us-gaap,12-31,USD,latest_annual_anchor_concepts,quarterly,10-Q,0001708035-26-000090,2026-08-06T20:03:17Z,0001708035-26-000053,2026-02-27T21:01:33Z,2026-08-06T20:03:17Z,0,0,sec_submissions,sec_companyfacts,https://data.sec.gov/submissions/CIK0001708035.json,https://data.sec.gov/api/xbrl/companyfacts/CIK0001708035.json,08fc3e549dd3b6c1ffddafd89bcb4305e36ad29ebc061f3254388464ef9e3995,a1bb68eaa78880c4ebf04e94841b129ea7800a1efc952baab660b5f416700668,ready_for_ingestion,,1.00,0,fact_source_reported,"{""availability_boundary"":""sec_acceptance_timestamp"",""companyfacts_accession_count"":38,""fiscal_year_end_method"":""submissions_entity_metadata"",""reporting_currency_method"":""latest_annual_anchor_concepts"",""source_cutoff_date"":""2026-09-05"",""trading_currency_used_as_reporting_fallback"":false}",basic_materials_financial_data_policy_v1,35b8445162a242ad4db1feeb399b17d5d6002290be42bcf281c9425a41f441ae
current:EGO,current_universe,EGO,0000918608,Eldorado Gold Corporation,Canada,USD,2026-09-05,2026-09-05,ELDORADO GOLD CORP /FI,40-F,canadian_mjds,IFRS,ifrs-full,12-31,USD,latest_annual_anchor_concepts,annual_or_interim_6k,40-F,0000918608-26-000007,2026-03-27T16:29:32Z,0000918608-26-000007,2026-03-27T16:29:32Z,2026-03-27T16:29:32Z,0,0,sec_submissions,sec_companyfacts,https://data.sec.gov/submissions/CIK0000918608.json,https://data.sec.gov/api/xbrl/companyfacts/CIK0000918608.json,902ac2d57f5f2ae11c37e1ee63b9ef65e2ad6aa3ded9a3edcbfd91e2dabc462e,210a567397ba52b31aa5bdb650980f7920f98f43b124bd2f68c5d36d2010bb0b,ready_for_ingestion,,1.00,0,fact_source_reported,"{""availability_boundary"":""sec_acceptance_timestamp"",""companyfacts_accession_count"":9,""fiscal_year_end_method"":""submissions_entity_metadata"",""reporting_currency_method"":""latest_annual_anchor_concepts"",""source_cutoff_date"":""2026-09-05"",""trading_currency_used_as_reporting_fallback"":false}",basic_materials_financial_data_policy_v1,5cb2cababeef28955473fb9bc4dd61394c88fc6ecacff805044bdec9286b1843
current:ELE,current_universe,ELE,0002086771,Elemental Royalty Corporation,Canada,USD,2026-09-05,2026-09-05,Elemental Royalty Corp,40-F,canadian_mjds,IFRS,ifrs-full,12-31,USD,latest_annual_anchor_concepts,annual_or_interim_6k,40-F,0001628280-26-020856,2026-03-24T21:16:51Z,0001628280-26-020856,2026-03-24T21:16:51Z,2026-03-24T21:16:51Z,0,0,sec_submissions,sec_companyfacts,https://data.sec.gov/submissions/CIK0002086771.json,https://data.sec.gov/api/xbrl/companyfacts/CIK0002086771.json,c11cd286c587be6a0e65146e155efcc4c37d6ffbeecd1e2b6085d148321f0ddc,775e3f0f046ee45b835d460acfc67558b5ac704bacbe0aa1eb23238b0061d5f5,ready_for_ingestion,,1.00,0,fact_source_reported,"{""availability_boundary"":""sec_acceptance_timestamp"",""companyfacts_accession_count"":1,""fiscal_year_end_method"":""submissions_entity_metadata"",""reporting_currency_method"":""latest_annual_anchor_concepts"",""source_cutoff_date"":""2026-09-05"",""trading_currency_used_as_reporting_fallback"":false}",basic_materials_financial_data_policy_v1,6d949742dc34e02d8b1d7bedd2a2ec8fa28664bfa4c3d6ebc0332a358ec1b769
current:ELVR,current_universe,ELVR,0001739016,Elevra Lithium Limited,Australia,USD,2026-09-05,2026-09-05,Elevra Lithium Ltd,20-F,foreign_private_issuer,IFRS,ifrs-full,06-30,AUD,latest_annual_anchor_concepts,annual_or_interim_6k,20-F,0001140361-25-040022,2025-10-31T20:29:22Z,0001140361-25-040022,2025-10-31T20:29:22Z,2025-10-31T20:29:22Z,0,0,sec_submissions,sec_companyfacts,https://data.sec.gov/submissions/CIK0001739016.json,https://data.sec.gov/api/xbrl/companyfacts/CIK0001739016.json,380a3842f5068357876b8e4834467a425a8059b886047a5c0fa56f94b59e6e66,1bcc1453b6912e682477db6e33c453f4c7d03c88ea97f5e44c9210c7903714b4,ready_for_ingestion,,1.00,0,fact_source_reported,"{""availability_boundary"":""sec_acceptance_timestamp"",""companyfacts_accession_count"":1,""fiscal_year_end_method"":""submissions_entity_metadata"",""reporting_currency_method"":""latest_annual_anchor_concepts"",""source_cutoff_date"":""2026-09-05"",""trading_currency_used_as_reporting_fallback"":false}",basic_materials_financial_data_policy_v1,5590d1ee47ca5047a03f1f740a00cbf09a316efd17cf34f65e9ecafd73f3e9d3
current:EMN,current_universe,EMN,0000915389,Eastman Chemical Company,United States,USD,2026-09-05,2026-09-05,EASTMAN CHEMICAL CO,10-K,domestic_sec,US_GAAP,us-gaap,12-31,USD,latest_annual_anchor_concepts,quarterly,10-Q,0000915389-26-000141,2026-07-31T15:10:13Z,0000915389-26-000013,2026-02-13T16:58:39Z,2026-07-31T15:10:13Z,0,0,sec_submissions,sec_companyfacts,https://data.sec.gov/submissions/CIK0000915389.json,https://data.sec.gov/api/xbrl/companyfacts/CIK0000915389.json,3b973d7f496e3e50a4cb08ec153340e9875d294bbeee3033d3c585ba462ff797,683d07157bc9a69e765ca966a5544eb96d90ace51a503175a874caf514e3b901,ready_for_ingestion,,1.00,0,fact_source_reported,"{""availability_boundary"":""sec_acceptance_timestamp"",""companyfacts_accession_count"":42,""fiscal_year_end_method"":""submissions_entity_metadata"",""reporting_currency_method"":""latest_annual_anchor_concepts"",""source_cutoff_date"":""2026-09-05"",""trading_currency_used_as_reporting_fallback"":false}",basic_materials_financial_data_policy_v1,872f9370b66bba3d91cb0a41c1650a5538a3bf2d62ee4b25b98d327437654098
current:EQX,current_universe,EQX,0001756607,Equinox Gold Corp.,Canada,USD,2026-09-05,2026-09-05,Equinox Gold Corp.,40-F,canadian_mjds,IFRS,ifrs-full,12-31,USD,latest_annual_anchor_concepts,annual_or_interim_6k,40-F,0001628280-26-022120,2026-03-30T22:10:25Z,0001628280-26-022120,2026-03-30T22:10:25Z,2026-03-30T22:10:25Z,0,0,sec_submissions,sec_companyfacts,https://data.sec.gov/submissions/CIK0001756607.json,https://data.sec.gov/api/xbrl/companyfacts/CIK0001756607.json,3392ef85362eb69fe394608c1877f8dcfd9d6ce774e168ea4fbb0105cd718bb5,e52658ab5c6b530a0fcc381714188aad64636cb61de1309ccecc4123aad89c93,ready_for_ingestion,,1.00,0,fact_source_reported,"{""availability_boundary"":""sec_acceptance_timestamp"",""companyfacts_accession_count"":7,""fiscal_year_end_method"":""submissions_entity_metadata"",""reporting_currency_method"":""latest_annual_anchor_concepts"",""source_cutoff_date"":""2026-09-05"",""trading_currency_used_as_reporting_fallback"":false}",basic_materials_financial_data_policy_v1,3c416f06c110c491b46dc2d3731b1241e7a807a9d3bf032cf8a40399ac672b3f
current:EXP,current_universe,EXP,0000918646,Eagle Materials Inc.,United States,USD,2026-09-05,2026-09-05,EAGLE MATERIALS INC,10-K,domestic_sec,US_GAAP,us-gaap,03-31,USD,latest_annual_anchor_concepts,quarterly,10-Q,0001193125-26-323823,2026-07-29T20:26:18Z,0001193125-26-230979,2026-05-19T20:50:33Z,2026-07-29T20:26:18Z,0,0,sec_submissions,sec_companyfacts,https://data.sec.gov/submissions/CIK0000918646.json,https://data.sec.gov/api/xbrl/companyfacts/CIK0000918646.json,9ed862da58af8fe953e2f242dd17b6bb89f78f12fac0c25ee9724e98fb195ef9,01dd50e9cba91f48bd6855acf299edd2d3a0a1f354096732c2029cb55f76979c,ready_for_ingestion,,1.00,0,fact_source_reported,"{""availability_boundary"":""sec_acceptance_timestamp"",""companyfacts_accession_count"":42,""fiscal_year_end_method"":""submissions_entity_metadata"",""reporting_currency_method"":""latest_annual_anchor_concepts"",""source_cutoff_date"":""2026-09-05"",""trading_currency_used_as_reporting_fallback"":false}",basic_materials_financial_data_policy_v1,fbebea7dc6c56672f39e42ec0fe4200685dafeb90b4550564d7e52ae459359df
current:FF,current_universe,FF,0001337298,FutureFuel Corp.,United States,USD,2026-09-05,2026-09-05,FutureFuel Corp.,10-K,domestic_sec,US_GAAP,us-gaap,12-31,USD,latest_annual_anchor_concepts,quarterly,10-Q,0001437749-26-026784,2026-08-10T20:27:32Z,0001437749-26-008411,2026-03-16T20:10:00Z,2026-08-12T20:23:23Z,-2,0,sec_submissions,sec_companyfacts,https://data.sec.gov/submissions/CIK0001337298.json,https://data.sec.gov/api/xbrl/companyfacts/CIK0001337298.json,379a6ce166a85c6dac7315586475c3c82fa6340fcbcb24b2ac4dc424489bdc9f,7a4cc846d39d772c15c5a5a76b09ea27b0ab385f721f09e9a503ff6ac4c13b23,ready_for_ingestion,,1.00,0,fact_source_reported,"{""availability_boundary"":""sec_acceptance_timestamp"",""companyfacts_accession_count"":65,""fiscal_year_end_method"":""submissions_entity_metadata"",""reporting_currency_method"":""latest_annual_anchor_concepts"",""source_cutoff_date"":""2026-09-05"",""trading_currency_used_as_reporting_fallback"":false}",basic_materials_financial_data_policy_v1,935214edce76cec85f164f1aabd2e6241d3cb3da199a2f6d95ccfb22a8137dc2
current:FMC,current_universe,FMC,0000037785,FMC Corporation,United States,USD,2026-09-05,2026-09-05,FMC CORP,10-K,domestic_sec,US_GAAP,us-gaap,12-31,USD,latest_annual_anchor_concepts,quarterly,10-Q,0000037785-26-000142,2026-07-30T18:02:42Z,0000037785-26-000041,2026-02-27T16:49:25Z,2026-07-30T18:02:42Z,0,0,sec_submissions,sec_companyfacts,https://data.sec.gov/submissions/CIK0000037785.json,https://data.sec.gov/api/xbrl/companyfacts/CIK0000037785.json,088f84ab7a90e1258fd1878c9589c3c01780a9c28b5cc307df2a6a6231bdca38,2b3983270fe84c11f97bf051c37734cf7ef65c07624da1675ee2891519367b03,ready_for_ingestion,,1.00,0,fact_source_reported,"{""availability_boundary"":""sec_acceptance_timestamp"",""companyfacts_accession_count"":38,""fiscal_year_end_method"":""submissions_entity_metadata"",""reporting_currency_method"":""latest_annual_anchor_concepts"",""source_cutoff_date"":""2026-09-05"",""trading_currency_used_as_reporting_fallback"":false}",basic_materials_financial_data_policy_v1,9ba6e274e4e1c79a1952c22a7087cf7c25a5c6f859b9510a95909e346d7d47ff
current:FNV,current_universe,FNV,0001456346,Franco-Nevada Corporation,Canada,USD,2026-09-05,2026-09-05,FRANCO NEVADA Corp,40-F,canadian_mjds,IFRS,ifrs-full,12-31,USD,latest_annual_anchor_concepts,annual_or_interim_6k,40-F,0001104659-26-032133,2026-03-19T20:42:18Z,0001104659-26-032133,2026-03-19T20:42:18Z,2026-03-19T20:42:18Z,0,0,sec_submissions,sec_companyfacts,https://data.sec.gov/submissions/CIK0001456346.json,https://data.sec.gov/api/xbrl/companyfacts/CIK0001456346.json,a592f307ecf3b4d500e36f3b26e731f51f3711c49fc74d38ff22e88353a13c91,ebf05a58d5082ef37da23d0da9220864cdd9f4bd2325d99c1d4e13134828cfc7,ready_for_ingestion,,1.00,0,fact_source_reported,"{""availability_boundary"":""sec_acceptance_timestamp"",""companyfacts_accession_count"":28,""fiscal_year_end_method"":""submissions_entity_metadata"",""reporting_currency_method"":""latest_annual_anchor_concepts"",""source_cutoff_date"":""2026-09-05"",""trading_currency_used_as_reporting_fallback"":false}",basic_materials_financial_data_policy_v1,1cf67c405f2a56a0569b27cbbc6aa232e7ef0b4772d5f06c0fa33d2879829059
current:FRD,current_universe,FRD,0000039092,"Friedman Industries, Incorporated",United States,USD,2026-09-05,2026-09-05,FRIEDMAN INDUSTRIES INC,10-K,domestic_sec,US_GAAP,us-gaap,03-31,USD,eligible_companyfacts_plurality,quarterly,10-Q,0001437749-26-026305,2026-08-06T20:36:20Z,0001437749-26-020323,2026-06-11T20:33:59Z,2026-08-06T20:36:20Z,0,0,sec_submissions,sec_companyfacts,https://data.sec.gov/submissions/CIK0000039092.json,https://data.sec.gov/api/xbrl/companyfacts/CIK0000039092.json,5388e698ad9446c76fbd0af75ebae341df29c185c365034e016a82bfae7214ed,5ae9c4cf0f65c283f668d21488226f851cc8a3e1f6ccf26d3c0bce799251eb31,ready_for_ingestion,,1.00,0,fact_source_reported,"{""availability_boundary"":""sec_acceptance_timestamp"",""companyfacts_accession_count"":62,""fiscal_year_end_method"":""submissions_entity_metadata"",""reporting_currency_method"":""eligible_companyfacts_plurality"",""source_cutoff_date"":""2026-09-05"",""trading_currency_used_as_reporting_fallback"":false}",basic_materials_financial_data_policy_v1,873c0d69a0c9e42c835648584e641c73326f1ca1d0b7886e0646b8b871b7023c
current:FSI,current_universe,FSI,0001069394,"Flexible Solutions International, Inc.",Canada,USD,2026-09-05,2026-09-05,FLEXIBLE SOLUTIONS INTERNATIONAL INC,10-K,domestic_sec,US_GAAP,us-gaap,12-31,USD,latest_annual_anchor_concepts,quarterly,10-Q,0001493152-26-038290,2026-08-14T20:00:58Z,0001493152-26-016796,2026-04-15T20:01:14Z,2026-08-14T20:00:58Z,0,0,sec_submissions,sec_companyfacts,https://data.sec.gov/submissions/CIK0001069394.json,https://data.sec.gov/api/xbrl/companyfacts/CIK0001069394.json,9c433bdd8ad48de1c2ec33626c15b4ff3f3f2c276df9649ed8621e7b986e4b7d,a903e23dc69a4ed86f2ba2c2fc69dbb381223852dd5b8f6cdd22a02c0a3abd6c,ready_for_ingestion,,1.00,0,fact_source_reported,"{""availability_boundary"":""sec_acceptance_timestamp"",""companyfacts_accession_count"":65,""fiscal_year_end_method"":""submissions_entity_metadata"",""reporting_currency_method"":""latest_annual_anchor_concepts"",""source_cutoff_date"":""2026-09-05"",""trading_currency_used_as_reporting_fallback"":false}",basic_materials_financial_data_policy_v1,272919dae7d91c9f6c0a1f0afc3a240817d7109c11d3ef21b4d6da85dfe93263
current:FSM,current_universe,FSM,0001341335,Fortuna Mining Corp.,Canada,USD,2026-09-05,2026-09-05,FORTUNA MINING CORP.,40-F,canadian_mjds,IFRS,ifrs-full,12-31,USD,latest_annual_anchor_concepts,annual_or_interim_6k,40-F,0001104659-26-035151,2026-03-26T19:54:19Z,0001104659-26-035151,2026-03-26T19:54:19Z,2026-03-26T19:54:19Z,0,0,sec_submissions,sec_companyfacts,https://data.sec.gov/submissions/CIK0001341335.json,https://data.sec.gov/api/xbrl/companyfacts/CIK0001341335.json,e020f7cbb15fb368a429be2a802c44f340731ccbf9ece6bec9b81a62965f25d6,55c7ca3bbf3b8676898e1be4bc6b0f45d9ccf50d6be4964dc5ff543df3baf243,ready_for_ingestion,,1.00,0,fact_source_reported,"{""availability_boundary"":""sec_acceptance_timestamp"",""companyfacts_accession_count"":9,""fiscal_year_end_method"":""submissions_entity_metadata"",""reporting_currency_method"":""latest_annual_anchor_concepts"",""source_cutoff_date"":""2026-09-05"",""trading_currency_used_as_reporting_fallback"":false}",basic_materials_financial_data_policy_v1,56e4f29270c5d8edbe7c9e1a616030ec2d9ab4c5a48d65e240e7671847697294
current:FUL,current_universe,FUL,0000039368,H.B. Fuller Company,United States,USD,2026-09-05,2026-09-05,FULLER H B CO,10-K,domestic_sec,US_GAAP,us-gaap,11-28,USD,latest_annual_anchor_concepts,quarterly,10-Q,0001437749-26-021677,2026-06-25T19:08:16Z,0001437749-26-001767,2026-01-22T21:26:04Z,2026-06-25T19:08:16Z,0,0,sec_submissions,sec_companyfacts,https://data.sec.gov/submissions/CIK0000039368.json,https://data.sec.gov/api/xbrl/companyfacts/CIK0000039368.json,ca63696c5ae67fad74d248b73ed1c5f883193ca221cf185e3254e008fcb7cc18,19ef92e14181632257667fa30f75c6e5bc8ca496d580c56ec004c8437fec6592,ready_for_ingestion,,1.00,0,fact_source_reported,"{""availability_boundary"":""sec_acceptance_timestamp"",""companyfacts_accession_count"":23,""fiscal_year_end_method"":""submissions_entity_metadata"",""reporting_currency_method"":""latest_annual_anchor_concepts"",""source_cutoff_date"":""2026-09-05"",""trading_currency_used_as_reporting_fallback"":false}",basic_materials_financial_data_policy_v1,c6810e8042c0d54d0d7ff6b01c969f9b7f4ec98dec3b2393d4a361a0e2f18b52
current:GAU,current_universe,GAU,0001377757,Galiano Gold Inc.,Canada,USD,2026-09-05,2026-09-05,Galiano Gold Inc.,40-F,canadian_mjds,IFRS,ifrs-full,12-31,USD,latest_annual_anchor_concepts,annual_or_interim_6k,40-F,0001062993-26-001389,2026-03-12T00:29:07Z,0001062993-26-001389,2026-03-12T00:29:07Z,2026-03-12T00:29:07Z,0,0,sec_submissions,sec_companyfacts,https://data.sec.gov/submissions/CIK0001377757.json,https://data.sec.gov/api/xbrl/companyfacts/CIK0001377757.json,77b6369d6f852a3e244f0dfb6cf5a5f993c6dbe04617c02f0b6be159c696b491,12bf46f9ec19d24ddd90e119e2f4934fadf8db930494499ef1bbf966b95cbb6d,ready_for_ingestion,,1.00,0,fact_source_reported,"{""availability_boundary"":""sec_acceptance_timestamp"",""companyfacts_accession_count"":9,""fiscal_year_end_method"":""submissions_entity_metadata"",""reporting_currency_method"":""latest_annual_anchor_concepts"",""source_cutoff_date"":""2026-09-05"",""trading_currency_used_as_reporting_fallback"":false}",basic_materials_financial_data_policy_v1,39279adf6e9e920a310a7341e040bce8cc5d3dcd7a3d15cbdd3844dd69d37787
current:GROY,current_universe,GROY,0001834026,Gold Royalty Corp.,Canada,USD,2026-09-05,2026-09-05,Gold Royalty Corp.,20-F,foreign_private_issuer,IFRS,ifrs-full,12-31,USD,latest_annual_anchor_concepts,annual_or_interim_6k,20-F,0001193125-26-114767,2026-03-19T01:03:48Z,0001193125-26-114767,2026-03-19T01:03:48Z,2026-03-19T01:03:48Z,0,0,sec_submissions,sec_companyfacts,https://data.sec.gov/submissions/CIK0001834026.json,https://data.sec.gov/api/xbrl/companyfacts/CIK0001834026.json,65899aa68bf6426477dc33d7a04bffcadc813c7225009996e366a545652ee3a2,f8ab6f04d353c319c53187ea959c7ce5553c18e9d57916f41a508b14d59c1b3c,ready_for_ingestion,,1.00,0,fact_source_reported,"{""availability_boundary"":""sec_acceptance_timestamp"",""companyfacts_accession_count"":6,""fiscal_year_end_method"":""submissions_entity_metadata"",""reporting_currency_method"":""latest_annual_anchor_concepts"",""source_cutoff_date"":""2026-09-05"",""trading_currency_used_as_reporting_fallback"":false}",basic_materials_financial_data_policy_v1,0c607a7d83bb5258e328a3e05b6888aca264542f75805145db87debdb7121266
current:GSM,current_universe,GSM,0001639877,Ferroglobe PLC,United Kingdom,USD,2026-09-05,2026-09-05,Ferroglobe PLC,20-F,foreign_private_issuer,IFRS,ifrs-full,12-31,USD,latest_annual_anchor_concepts,annual_or_interim_6k,20-F,0001104659-26-034859,2026-03-26T11:01:24Z,0001104659-26-034859,2026-03-26T11:01:24Z,2026-03-26T11:01:24Z,0,0,sec_submissions,sec_companyfacts,https://data.sec.gov/submissions/CIK0001639877.json,https://data.sec.gov/api/xbrl/companyfacts/CIK0001639877.json,26cd076b44766d727907fae992a1ac12f25203005c3981455fe82803c4ba1b65,16434cfc61649315b80dd56f71187adfda99e4309b5e4036f65c6a292818c647,ready_for_ingestion,,1.00,0,fact_source_reported,"{""availability_boundary"":""sec_acceptance_timestamp"",""companyfacts_accession_count"":9,""fiscal_year_end_method"":""submissions_entity_metadata"",""reporting_currency_method"":""latest_annual_anchor_concepts"",""source_cutoff_date"":""2026-09-05"",""trading_currency_used_as_reporting_fallback"":false}",basic_materials_financial_data_policy_v1,4b24c1b04b842d59f5d2bf4cb22a35b26d96e6375c6cd3c89f960474f491fc7b
current:HDSN,current_universe,HDSN,0000925528,"Hudson Technologies, Inc.",United States,USD,2026-09-05,2026-09-05,HUDSON TECHNOLOGIES INC /NY,10-K,domestic_sec,US_GAAP,us-gaap,12-31,USD,latest_annual_anchor_concepts,quarterly,10-Q,0001104659-26-092682,2026-08-07T20:05:46Z,0001104659-26-028445,2026-03-16T20:05:36Z,2026-08-07T20:05:46Z,0,0,sec_submissions,sec_companyfacts,https://data.sec.gov/submissions/CIK0000925528.json,https://data.sec.gov/api/xbrl/companyfacts/CIK0000925528.json,40ec8aa0a5db38217e55e10ebaeac4e3faadc1611a3d3261d27ae7822e530ca2,fe846f5c14466ada55c4cc2edb24b433ddf2b87b8ee29ecabfb4e0ca680cde61,ready_for_ingestion,,1.00,0,fact_source_reported,"{""availability_boundary"":""sec_acceptance_timestamp"",""companyfacts_accession_count"":62,""fiscal_year_end_method"":""submissions_entity_metadata"",""reporting_currency_method"":""latest_annual_anchor_concepts"",""source_cutoff_date"":""2026-09-05"",""trading_currency_used_as_reporting_fallback"":false}",basic_materials_financial_data_policy_v1,ed2072ce9edb9133021faba3b6aa2a7214c4b68806e9aaa8d5592f000cfafe60
current:HL,current_universe,HL,0000719413,Hecla Mining Company,United States,USD,2026-09-05,2026-09-05,HECLA MINING CO/DE/,10-K,domestic_sec,US_GAAP,us-gaap,12-31,USD,latest_annual_anchor_concepts,quarterly,10-Q,0001193125-26-333090,2026-08-04T21:09:07Z,0001193125-26-055059,2026-02-17T22:10:38Z,2026-08-04T21:09:07Z,0,0,sec_submissions,sec_companyfacts,https://data.sec.gov/submissions/CIK0000719413.json,https://data.sec.gov/api/xbrl/companyfacts/CIK0000719413.json,6e7465133907615943bd8e78f6146ae07cd628bb029c34a346dbe9cb4527555c,b9426e4aa2316147c0c33be34ac8c9cac7d6b0b98f6e2a8b7df9151f30bf539b,ready_for_ingestion,,1.00,0,fact_source_reported,"{""availability_boundary"":""sec_acceptance_timestamp"",""companyfacts_accession_count"":62,""fiscal_year_end_method"":""submissions_entity_metadata"",""reporting_currency_method"":""latest_annual_anchor_concepts"",""source_cutoff_date"":""2026-09-05"",""trading_currency_used_as_reporting_fallback"":false}",basic_materials_financial_data_policy_v1,22c7d9c655842a4d802c588ecfcc28abab42d39994faa91114500852f613d0d4
current:HUN,current_universe,HUN,0001307954,Huntsman Corporation,United States,USD,2026-09-05,2026-09-05,Huntsman CORP,10-K,domestic_sec,US_GAAP,us-gaap,12-31,USD,latest_annual_anchor_concepts,quarterly,10-Q,0001437749-26-025186,2026-07-31T15:20:57Z,0001437749-26-004524,2026-02-18T19:53:30Z,2026-05-01T15:38:20Z,91,0,sec_submissions,sec_companyfacts,https://data.sec.gov/submissions/CIK0001307954.json,https://data.sec.gov/api/xbrl/companyfacts/CIK0001307954.json,958b1f99d911475102d5867eb65f869ee065fd2f36a21e5c06f2ddb3159dd5c2,9ce9f70cf4f63bd203cd4974f1cbde6a62f9f91b122ede6060c00e535aa2612d,ready_for_ingestion,,1.00,0,fact_source_reported,"{""availability_boundary"":""sec_acceptance_timestamp"",""companyfacts_accession_count"":48,""fiscal_year_end_method"":""submissions_entity_metadata"",""reporting_currency_method"":""latest_annual_anchor_concepts"",""source_cutoff_date"":""2026-09-05"",""trading_currency_used_as_reporting_fallback"":false}",basic_materials_financial_data_policy_v1,6fd28bbbd5b703e085248997a8cee65367ea1b7ade43cad18bb54f3c9e38f27a
current:HWKN,current_universe,HWKN,0000046250,"Hawkins, Inc.",United States,USD,2026-09-05,2026-09-05,HAWKINS INC,10-K,domestic_sec,US_GAAP,us-gaap,03-28,USD,latest_annual_anchor_concepts,quarterly,10-Q,0000046250-26-000034,2026-07-29T20:15:11Z,0000046250-26-000018,2026-05-13T20:14:34Z,2026-07-29T20:15:11Z,0,0,sec_submissions,sec_companyfacts,https://data.sec.gov/submissions/CIK0000046250.json,https://data.sec.gov/api/xbrl/companyfacts/CIK0000046250.json,1b872291eac41ba95ce6997b6a76d5766dd6b0328f9b9775a3ba159e54e3ba68,55321ad6e7915adb7da85da45e14714e1bb15101c89670ef166c31900051437f,ready_for_ingestion,,1.00,0,fact_source_reported,"{""availability_boundary"":""sec_acceptance_timestamp"",""companyfacts_accession_count"":62,""fiscal_year_end_method"":""submissions_entity_metadata"",""reporting_currency_method"":""latest_annual_anchor_concepts"",""source_cutoff_date"":""2026-09-05"",""trading_currency_used_as_reporting_fallback"":false}",basic_materials_financial_data_policy_v1,800141373b686471791ad5d790a7711fc2103d3937ff8d15a82c02a3fd762cb5
current:IAG,current_universe,IAG,0001203464,IAMGOLD Corporation,Canada,USD,2026-09-05,2026-09-05,IAMGOLD CORP,40-F,canadian_mjds,IFRS,ifrs-full,12-31,USD,latest_annual_anchor_concepts,annual_or_interim_6k,40-F,0001062993-26-001022,2026-02-18T02:44:19Z,0001062993-26-001022,2026-02-18T02:44:19Z,2026-02-18T02:44:19Z,0,0,sec_submissions,sec_companyfacts,https://data.sec.gov/submissions/CIK0001203464.json,https://data.sec.gov/api/xbrl/companyfacts/CIK0001203464.json,0e31734a6bc173a9f5213792d847da6bfa771a74046c7ef85801a95a74ae3982,1b6a0acb3a152ee2dee29ba023cc57030200b8d26a6d9870bc6dc1f6e8712457,ready_for_ingestion,,1.00,0,fact_source_reported,"{""availability_boundary"":""sec_acceptance_timestamp"",""companyfacts_accession_count"":14,""fiscal_year_end_method"":""submissions_entity_metadata"",""reporting_currency_method"":""latest_annual_anchor_concepts"",""source_cutoff_date"":""2026-09-05"",""trading_currency_used_as_reporting_fallback"":false}",basic_materials_financial_data_policy_v1,d693e437d8f566062013ba62e7855fdf569d81b35ee4d7d697e4e4bf6f666d3d
current:ICL,current_universe,ICL,0000941221,ICL Group Ltd,Israel,USD,2026-09-05,2026-09-05,ICL Group Ltd.,20-F,foreign_private_issuer,IFRS,ifrs-full,12-31,USD,latest_annual_anchor_concepts,annual_or_interim_6k,20-F,0001178913-26-000817,2026-03-11T10:04:57Z,0001178913-26-000817,2026-03-11T10:04:57Z,2026-03-11T10:04:57Z,0,0,sec_submissions,sec_companyfacts,https://data.sec.gov/submissions/CIK0000941221.json,https://data.sec.gov/api/xbrl/companyfacts/CIK0000941221.json,66cf1e87274c16f4ea6fd6027d89ef66fc3df06172df2f6346d50a5016d4b92f,ecfa639f7ba34c8e205cfb81660375b7ab25f498d8ceabfa2b8b820154958462,ready_for_ingestion,,1.00,0,fact_source_reported,"{""availability_boundary"":""sec_acceptance_timestamp"",""companyfacts_accession_count"":9,""fiscal_year_end_method"":""submissions_entity_metadata"",""reporting_currency_method"":""latest_annual_anchor_concepts"",""source_cutoff_date"":""2026-09-05"",""trading_currency_used_as_reporting_fallback"":false}",basic_materials_financial_data_policy_v1,9218bebff2c50a44f9d121ac709250702b6435d15478406e2d9c2ce985ceb48e
current:IDR,current_universe,IDR,0001030192,"Idaho Strategic Resources, Inc.",United States,USD,2026-09-05,2026-09-05,"Idaho Strategic Resources, Inc.",10-K,domestic_sec,US_GAAP,us-gaap,12-31,USD,latest_annual_anchor_concepts,quarterly,10-Q,0001654954-26-007547,2026-08-13T10:37:25Z,0001654954-26-002560,2026-03-23T10:33:53Z,2026-08-13T10:37:25Z,0,0,sec_submissions,sec_companyfacts,https://data.sec.gov/submissions/CIK0001030192.json,https://data.sec.gov/api/xbrl/companyfacts/CIK0001030192.json,a11d880a57a81f54d7f99861a5c2fe52e614d3c3b355e8069cc11f834fe49571,d4671eff66224a52633ef18d6dc6a9f8c89a4e294026da354c470062b3002ecc,ready_for_ingestion,,1.00,0,fact_source_reported,"{""availability_boundary"":""sec_acceptance_timestamp"",""companyfacts_accession_count"":58,""fiscal_year_end_method"":""submissions_entity_metadata"",""reporting_currency_method"":""latest_annual_anchor_concepts"",""source_cutoff_date"":""2026-09-05"",""trading_currency_used_as_reporting_fallback"":false}",basic_materials_financial_data_policy_v1,241e0cf335fa5854265c53473451b03782553de182e5561ea780153f359b19a3
current:IFF,current_universe,IFF,0000051253,International Flavors & Fragrances Inc.,United States,USD,2026-09-05,2026-09-05,INTERNATIONAL FLAVORS & FRAGRANCES INC,10-K,domestic_sec,US_GAAP,us-gaap,12-31,USD,latest_annual_anchor_concepts,quarterly,10-Q,0000051253-26-000030,2026-08-04T20:34:42Z,0000051253-26-000006,2026-02-27T22:16:10Z,2026-08-04T20:34:42Z,0,0,sec_submissions,sec_companyfacts,https://data.sec.gov/submissions/CIK0000051253.json,https://data.sec.gov/api/xbrl/companyfacts/CIK0000051253.json,58b6c5d76e40163960ed38aba953325867c3e12be2041d13356a9fe38be859fa,7a9abcdaa0a3ccb7149d851a37cca209a6c386c1eb081d6f1ee2e0e01641e534,ready_for_ingestion,,1.00,0,fact_source_reported,"{""availability_boundary"":""sec_acceptance_timestamp"",""companyfacts_accession_count"":30,""fiscal_year_end_method"":""submissions_entity_metadata"",""reporting_currency_method"":""latest_annual_anchor_concepts"",""source_cutoff_date"":""2026-09-05"",""trading_currency_used_as_reporting_fallback"":false}",basic_materials_financial_data_policy_v1,03be9cce8c88a7494fec6b0f8067619fcdcb096e58154a8152818f905ddda856
current:IOSP,current_universe,IOSP,0001054905,Innospec Inc.,United States,USD,2026-09-05,2026-09-05,INNOSPEC INC.,10-K,domestic_sec,US_GAAP,us-gaap,12-31,USD,latest_annual_anchor_concepts,quarterly,10-Q,0001193125-26-334178,2026-08-05T14:32:41Z,0001193125-26-056502,2026-02-18T17:12:50Z,2026-08-05T14:32:41Z,0,0,sec_submissions,sec_companyfacts,https://data.sec.gov/submissions/CIK0001054905.json,https://data.sec.gov/api/xbrl/companyfacts/CIK0001054905.json,6ab3ae8deaaf1cd69a140a567f6b5a28f7ba206f44c53b4d9ce772c76752f043,bf03452958526bcff7516a218ae6e77bc91368503477d0689203e547895a8513,ready_for_ingestion,,1.00,0,fact_source_reported,"{""availability_boundary"":""sec_acceptance_timestamp"",""companyfacts_accession_count"":62,""fiscal_year_end_method"":""submissions_entity_metadata"",""reporting_currency_method"":""latest_annual_anchor_concepts"",""source_cutoff_date"":""2026-09-05"",""trading_currency_used_as_reporting_fallback"":false}",basic_materials_financial_data_policy_v1,29c08481b47104e920fbe062792d9a878f51bf25c747e94bc1fe812be7482b8a
current:IPI,current_universe,IPI,0001421461,"Intrepid Potash, Inc.",United States,USD,2026-09-05,2026-09-05,"Intrepid Potash, Inc.",10-K,domestic_sec,US_GAAP,us-gaap,12-31,USD,latest_annual_anchor_concepts,quarterly,10-Q,0001421461-26-000021,2026-08-05T17:49:05Z,0001421461-26-000008,2026-03-05T20:45:56Z,2026-08-05T17:49:05Z,0,0,sec_submissions,sec_companyfacts,https://data.sec.gov/submissions/CIK0001421461.json,https://data.sec.gov/api/xbrl/companyfacts/CIK0001421461.json,abb9fabb417f8a14471dce1420bc0175327e71e9f3a8bcef943df0ea443d62fb,1c1d1981d1772ecd01b56c6cf6a0698124cca2fcc290fb709834ba19a7b9bb02,ready_for_ingestion,,1.00,0,fact_source_reported,"{""availability_boundary"":""sec_acceptance_timestamp"",""companyfacts_accession_count"":67,""fiscal_year_end_method"":""submissions_entity_metadata"",""reporting_currency_method"":""latest_annual_anchor_concepts"",""source_cutoff_date"":""2026-09-05"",""trading_currency_used_as_reporting_fallback"":false}",basic_materials_financial_data_policy_v1,b97b5d825d334ebe8c7a07f94eea9d554a5772ca75b94c9741e519c14026824b
current:ITRG,current_universe,ITRG,0001722387,Integra Resources Corp.,Canada,USD,2026-09-05,2026-09-05,Integra Resources Corp.,40-F,canadian_mjds,IFRS,ifrs-full,12-31,USD,latest_annual_anchor_concepts,annual_or_interim_6k,40-F,0001722387-26-000004,2026-03-24T22:19:34Z,0001722387-26-000004,2026-03-24T22:19:34Z,2026-03-24T22:19:34Z,0,0,sec_submissions,sec_companyfacts,https://data.sec.gov/submissions/CIK0001722387.json,https://data.sec.gov/api/xbrl/companyfacts/CIK0001722387.json,573453020704abfc8a101a9cc5e7fb7bc3dc1af3bc22c4208ffa0acb9953f34e,4178164b9190e856d187b9d80b575c9c3f3918dac302306b4a079736a346eec3,ready_for_ingestion,,1.00,0,fact_source_reported,"{""availability_boundary"":""sec_acceptance_timestamp"",""companyfacts_accession_count"":6,""fiscal_year_end_method"":""submissions_entity_metadata"",""reporting_currency_method"":""latest_annual_anchor_concepts"",""source_cutoff_date"":""2026-09-05"",""trading_currency_used_as_reporting_fallback"":false}",basic_materials_financial_data_policy_v1,c1cb46b8156dc6f5367aebd1d29f6456da85272b7c2dfb3e432f329c253e5254
current:JHX,current_universe,JHX,0001159152,James Hardie Industries plc,Ireland,USD,2026-09-05,2026-09-05,James Hardie Industries plc,10-K,domestic_sec,US_GAAP,us-gaap,03-31,USD,latest_annual_anchor_concepts,quarterly,10-Q,0001159152-26-000051,2026-08-06T20:34:56Z,0001159152-26-000045,2026-05-19T20:36:02Z,2026-08-06T20:34:56Z,0,0,sec_submissions,sec_companyfacts,https://data.sec.gov/submissions/CIK0001159152.json,https://data.sec.gov/api/xbrl/companyfacts/CIK0001159152.json,1da944f32305b2234d01b291ab0056aa39a4ef0c909db2a87b9d34efc2d7a683,c26233c655cb2b6e6b9cde50f6cc56ca53e54cb270e1072fb860db41bc76f765,ready_for_ingestion,,1.00,0,fact_source_reported,"{""availability_boundary"":""sec_acceptance_timestamp"",""companyfacts_accession_count"":19,""fiscal_year_end_method"":""submissions_entity_metadata"",""reporting_currency_method"":""latest_annual_anchor_concepts"",""source_cutoff_date"":""2026-09-05"",""trading_currency_used_as_reporting_fallback"":false}",basic_materials_financial_data_policy_v1,91f393662c7b96f1a7392bd93fc9c3c01bda61b2d7044f052b7a98c8e42fa182
current:KGC,current_universe,KGC,0000701818,Kinross Gold Corporation,Canada,USD,2026-09-05,2026-09-05,KINROSS GOLD CORP,40-F,canadian_mjds,IFRS,ifrs-full,12-31,USD,latest_annual_anchor_concepts,annual_or_interim_6k,40-F,0001104659-26-035268,2026-03-26T21:00:23Z,0001104659-26-035268,2026-03-26T21:00:23Z,2026-03-26T21:00:23Z,0,0,sec_submissions,sec_companyfacts,https://data.sec.gov/submissions/CIK0000701818.json,https://data.sec.gov/api/xbrl/companyfacts/CIK0000701818.json,b2b9db60b7877f6fd759b001f2b7f1e527f775a812353dee5ca0ac894f1317cf,b540490983c7b09b645a74ac3069f907f5e0e81ea302f9292148159d2eaef8f2,ready_for_ingestion,,1.00,0,fact_source_reported,"{""availability_boundary"":""sec_acceptance_timestamp"",""companyfacts_accession_count"":9,""fiscal_year_end_method"":""submissions_entity_metadata"",""reporting_currency_method"":""latest_annual_anchor_concepts"",""source_cutoff_date"":""2026-09-05"",""trading_currency_used_as_reporting_fallback"":false}",basic_materials_financial_data_policy_v1,55295eed5135456103858b91db567d29eccb9da316787f77c2b40367600992f9
current:KNF,current_universe,KNF,0001955520,Knife River Corporation,United States,USD,2026-09-05,2026-09-05,Knife River Corp,10-K,domestic_sec,US_GAAP,us-gaap,12-31,USD,latest_annual_anchor_concepts,quarterly,10-Q,0001628280-26-052748,2026-08-04T21:28:34Z,0001955520-26-000003,2026-02-20T13:00:24Z,2026-08-04T21:28:34Z,0,0,sec_submissions,sec_companyfacts,https://data.sec.gov/submissions/CIK0001955520.json,https://data.sec.gov/api/xbrl/companyfacts/CIK0001955520.json,de134a8bf120701ffa141d888dc5b384e58274ce6d90bd48393374f8b523b272,1eee9340e9d97da53faaab1eaeee3dd4fbd50af358012eafd1418b7b4a19173e,ready_for_ingestion,,1.00,0,fact_source_reported,"{""availability_boundary"":""sec_acceptance_timestamp"",""companyfacts_accession_count"":15,""fiscal_year_end_method"":""submissions_entity_metadata"",""reporting_currency_method"":""latest_annual_anchor_concepts"",""source_cutoff_date"":""2026-09-05"",""trading_currency_used_as_reporting_fallback"":false}",basic_materials_financial_data_policy_v1,9c96c48c35aac880d7579c6b3ce90b4343fef8b04e2f4caccd7b69b4694ae139
current:KOP,current_universe,KOP,0001315257,Koppers Holdings Inc.,United States,USD,2026-09-05,2026-09-05,Koppers Holdings Inc.,10-K,domestic_sec,US_GAAP,us-gaap,12-31,USD,latest_annual_anchor_concepts,quarterly,10-Q,0001315257-26-000048,2026-08-06T16:05:26Z,0001315257-26-000012,2026-02-26T17:17:41Z,2026-08-06T16:05:26Z,0,0,sec_submissions,sec_companyfacts,https://data.sec.gov/submissions/CIK0001315257.json,https://data.sec.gov/api/xbrl/companyfacts/CIK0001315257.json,2454ecc103e08cab8fd8a022677ec885e8788344f8d0faf40b1cd1c63709753b,c69f5a6b066278e32134595df9f3fb6cf4621791205dc5bf454e8dcd8eaf511f,ready_for_ingestion,,1.00,0,fact_source_reported,"{""availability_boundary"":""sec_acceptance_timestamp"",""companyfacts_accession_count"":45,""fiscal_year_end_method"":""submissions_entity_metadata"",""reporting_currency_method"":""latest_annual_anchor_concepts"",""source_cutoff_date"":""2026-09-05"",""trading_currency_used_as_reporting_fallback"":false}",basic_materials_financial_data_policy_v1,8730afdb9152d038a78b8299f82445cc582aa14cac81f723c0630212ad3c8211
current:KRO,current_universe,KRO,0001257640,"Kronos Worldwide, Inc.",United States,USD,2026-09-05,2026-09-05,KRONOS WORLDWIDE INC,10-K,domestic_sec,US_GAAP,us-gaap,12-31,USD,latest_annual_anchor_concepts,quarterly,10-Q,0001104659-26-091093,2026-08-05T20:11:00Z,0001104659-26-025219,2026-03-09T20:11:25Z,2026-08-05T20:11:00Z,0,0,sec_submissions,sec_companyfacts,https://data.sec.gov/submissions/CIK0001257640.json,https://data.sec.gov/api/xbrl/companyfacts/CIK0001257640.json,20fac3b0b4e07a5473e8e49b01df63aefd12e74d814bff0f6be2c51d6a587f41,9a64360a874c1f38fef19607b066d5e798629f767d911115ea9014e11e06c68b,ready_for_ingestion,,1.00,0,fact_source_reported,"{""availability_boundary"":""sec_acceptance_timestamp"",""companyfacts_accession_count"":61,""fiscal_year_end_method"":""submissions_entity_metadata"",""reporting_currency_method"":""latest_annual_anchor_concepts"",""source_cutoff_date"":""2026-09-05"",""trading_currency_used_as_reporting_fallback"":false}",basic_materials_financial_data_policy_v1,4b48de9c8f4812099f222eb2dca9d8c1fa967b063b70621f1cff37f30d0abdf9
current:KWR,current_universe,KWR,0000081362,Quaker Chemical Corporation,United States,USD,2026-09-05,2026-09-05,QUAKER CHEMICAL CORP,10-K,domestic_sec,US_GAAP,us-gaap,12-31,USD,latest_annual_anchor_concepts,quarterly,10-Q,0001628280-26-051107,2026-07-30T20:40:07Z,0001628280-26-010694,2026-02-23T21:40:05Z,2026-07-30T20:40:07Z,0,0,sec_submissions,sec_companyfacts,https://data.sec.gov/submissions/CIK0000081362.json,https://data.sec.gov/api/xbrl/companyfacts/CIK0000081362.json,2c82e0bba3369c7edb12b8f025b5ecee96d399ec9c0f9f4121b2021c30ec2aa7,1df8414fb2b911498201e27d7dfe09f169bd76952605ea72dc23da002818a098,ready_for_ingestion,,1.00,0,fact_source_reported,"{""availability_boundary"":""sec_acceptance_timestamp"",""companyfacts_accession_count"":48,""fiscal_year_end_method"":""submissions_entity_metadata"",""reporting_currency_method"":""latest_annual_anchor_concepts"",""source_cutoff_date"":""2026-09-05"",""trading_currency_used_as_reporting_fallback"":false}",basic_materials_financial_data_policy_v1,95ada9fb8aef9b49cb789f2c92ed20e8644b82a508674d2645dff15b2927edb8
current:LAR,current_universe,LAR,0001440972,Lithium Argentina AG,Switzerland,USD,2026-09-05,2026-09-05,Lithium Argentina AG,20-F,foreign_private_issuer,IFRS,ifrs-full,12-31,USD,latest_annual_anchor_concepts,annual_or_interim_6k,20-F,0001193125-26-118478,2026-03-23T10:48:51Z,0001193125-26-118478,2026-03-23T10:48:51Z,2026-03-23T10:48:51Z,0,0,sec_submissions,sec_companyfacts,https://data.sec.gov/submissions/CIK0001440972.json,https://data.sec.gov/api/xbrl/companyfacts/CIK0001440972.json,ae70470c1dfce9103cdb44ec7c73c5a5fcf37ca9a74993cdfe9e3793fc605b85,c316a92deb7830f52c1b17225873c668384bc2957dcb2bc27348b30d5bf46429,ready_for_ingestion,,1.00,0,fact_source_reported,"{""availability_boundary"":""sec_acceptance_timestamp"",""companyfacts_accession_count"":10,""fiscal_year_end_method"":""submissions_entity_metadata"",""reporting_currency_method"":""latest_annual_anchor_concepts"",""source_cutoff_date"":""2026-09-05"",""trading_currency_used_as_reporting_fallback"":false}",basic_materials_financial_data_policy_v1,965af3acd561fd5a48805460406c78f241bee75a60affc804be5ec9f4fa1dfe1
current:LIN,current_universe,LIN,0001707925,Linde plc,United Kingdom,USD,2026-09-05,2026-09-05,LINDE PLC,10-K,domestic_sec,US_GAAP,us-gaap,12-31,USD,latest_annual_anchor_concepts,quarterly,10-Q,0001628280-26-051289,2026-07-31T14:40:30Z,0001628280-26-011430,2026-02-25T15:13:21Z,2026-07-31T14:40:30Z,0,0,sec_submissions,sec_companyfacts,https://data.sec.gov/submissions/CIK0001707925.json,https://data.sec.gov/api/xbrl/companyfacts/CIK0001707925.json,2dfc71802252307ae10aed3278b22b8acb6c75dda1ca018be59fb2c626427975,282a7dea4f8fa3beffcf27b39d3d5a08424e7ae5bbd6f33f5b30c591395ff22a,ready_for_ingestion,,1.00,0,fact_source_reported,"{""availability_boundary"":""sec_acceptance_timestamp"",""companyfacts_accession_count"":35,""fiscal_year_end_method"":""submissions_entity_metadata"",""reporting_currency_method"":""latest_annual_anchor_concepts"",""source_cutoff_date"":""2026-09-05"",""trading_currency_used_as_reporting_fallback"":false}",basic_materials_financial_data_policy_v1,a07b1167aba149be892f55eae006ea7bf5b38d5c3e9e3d500b84524b96d6e321
current:LXU,current_universe,LXU,0000060714,"LSB Industries, Inc.",United States,USD,2026-09-05,2026-09-05,"LSB INDUSTRIES, INC.",10-K,domestic_sec,US_GAAP,us-gaap,12-31,USD,latest_annual_anchor_concepts,quarterly,10-Q,0001193125-26-326147,2026-07-30T20:14:44Z,0001193125-26-076810,2026-02-26T21:23:43Z,2026-07-30T20:14:44Z,0,0,sec_submissions,sec_companyfacts,https://data.sec.gov/submissions/CIK0000060714.json,https://data.sec.gov/api/xbrl/companyfacts/CIK0000060714.json,55da92690a8e03962ec0f8b85197916c199a096394f648ba1ff33fc9aa4fde62,59fe060b6c8c13a97285198e72200d7233fa4ad22f6c6f86caea953b482285fb,ready_for_ingestion,,1.00,0,fact_source_reported,"{""availability_boundary"":""sec_acceptance_timestamp"",""companyfacts_accession_count"":63,""fiscal_year_end_method"":""submissions_entity_metadata"",""reporting_currency_method"":""latest_annual_anchor_concepts"",""source_cutoff_date"":""2026-09-05"",""trading_currency_used_as_reporting_fallback"":false}",basic_materials_financial_data_policy_v1,e1e95c723884942015a6b0a03d28d73db3a48893d8db24eecc914aeb208b6935
current:LYB,current_universe,LYB,0001489393,LyondellBasell Industries N.V.,Netherlands,USD,2026-09-05,2026-09-05,LyondellBasell Industries N.V.,10-K,domestic_sec,US_GAAP,us-gaap,12-31,USD,latest_annual_anchor_concepts,quarterly,10-Q,0001489393-26-000061,2026-07-31T16:14:16Z,0001489393-26-000012,2026-02-20T19:59:12Z,2026-07-31T16:14:16Z,0,0,sec_submissions,sec_companyfacts,https://data.sec.gov/submissions/CIK0001489393.json,https://data.sec.gov/api/xbrl/companyfacts/CIK0001489393.json,92bf1201617163445ab273c1f6ef01deb7e0584bd69c3388c53176f531b4faae,27ee253a4417f5bbb0d9ed46ca8570aa39ac15267850cd2b7cf39f4cb7524c92,ready_for_ingestion,,1.00,0,fact_source_reported,"{""availability_boundary"":""sec_acceptance_timestamp"",""companyfacts_accession_count"":39,""fiscal_year_end_method"":""submissions_entity_metadata"",""reporting_currency_method"":""latest_annual_anchor_concepts"",""source_cutoff_date"":""2026-09-05"",""trading_currency_used_as_reporting_fallback"":false}",basic_materials_financial_data_policy_v1,3ba0e4b56bfabe2fde3d188fdf2f63b80506442867ad608590053094aa69fb68
current:MAKO,current_universe,MAKO,0001784930,Mako Mining Corp.,Canada,USD,2026-09-05,2026-09-05,Mako Mining Corp.,40-F,canadian_mjds,UNKNOWN,unknown,12-31,,unresolved,annual_or_interim_6k,40-F,0001062993-26-002209,2026-04-29T20:51:23Z,0001062993-26-002209,2026-04-29T20:51:23Z,,,1,sec_submissions,sec_companyfacts,https://data.sec.gov/submissions/CIK0001784930.json,https://data.sec.gov/api/xbrl/companyfacts/CIK0001784930.json,ee90b75e8c94136386f84dd2fa9bf29285e00bafbcad0bcdc877d882eb93ac08,,taxonomy_review_required,accounting_taxonomy_unresolved;reporting_currency_unresolved;companyfacts_fallback_required,0.60,0,fact_source_reported,"{""availability_boundary"":""sec_acceptance_timestamp"",""companyfacts_accession_count"":0,""fiscal_year_end_method"":""submissions_entity_metadata"",""reporting_currency_method"":""unresolved"",""source_cutoff_date"":""2026-09-05"",""trading_currency_used_as_reporting_fallback"":false}",basic_materials_financial_data_policy_v1,02ad2b51ddef47fcc4ba872490c120b2cfc9fb55e62ec45323dd9f171c3ffde0
current:MATV,current_universe,MATV,0001000623,"Mativ Holdings, Inc.",United States,USD,2026-09-05,2026-09-05,"Mativ Holdings, Inc.",10-K,domestic_sec,US_GAAP,us-gaap,12-31,USD,latest_annual_anchor_concepts,quarterly,10-Q,0001000623-26-000067,2026-08-06T20:35:03Z,0001000623-26-000016,2026-02-26T21:30:09Z,2026-08-06T20:35:03Z,0,0,sec_submissions,sec_companyfacts,https://data.sec.gov/submissions/CIK0001000623.json,https://data.sec.gov/api/xbrl/companyfacts/CIK0001000623.json,0ab4f8b23c04abf2b4d34a5779462fe949aeae05e5adae7607869e8724ce3528,69eeb58576df52eff2352dd05255adeeb442cff3a4b8f5702f1e2bfd9c74692d,ready_for_ingestion,,1.00,0,fact_source_reported,"{""availability_boundary"":""sec_acceptance_timestamp"",""companyfacts_accession_count"":50,""fiscal_year_end_method"":""submissions_entity_metadata"",""reporting_currency_method"":""latest_annual_anchor_concepts"",""source_cutoff_date"":""2026-09-05"",""trading_currency_used_as_reporting_fallback"":false}",basic_materials_financial_data_policy_v1,a24b122785c2c4d41bc858a41039f8af14de2dc631ddf109f8fc273540f43c87
current:MEOH,current_universe,MEOH,0000886977,Methanex Corporation,Canada,USD,2026-09-05,2026-09-05,METHANEX CORP,40-F,canadian_mjds,IFRS,ifrs-full,12-31,USD,latest_annual_anchor_concepts,annual_or_interim_6k,40-F,0001628280-26-015362,2026-03-05T22:24:44Z,0001628280-26-015362,2026-03-05T22:24:44Z,2026-03-05T22:24:44Z,0,0,sec_submissions,sec_companyfacts,https://data.sec.gov/submissions/CIK0000886977.json,https://data.sec.gov/api/xbrl/companyfacts/CIK0000886977.json,9e617e35bc82c254850d0a0e18262d2818e2937ae8a2c887adcdb351df095421,b59493321724b8c89cbb098daa73d70dcbda45f703a37d1acfed5a707225336a,ready_for_ingestion,,1.00,0,fact_source_reported,"{""availability_boundary"":""sec_acceptance_timestamp"",""companyfacts_accession_count"":9,""fiscal_year_end_method"":""submissions_entity_metadata"",""reporting_currency_method"":""latest_annual_anchor_concepts"",""source_cutoff_date"":""2026-09-05"",""trading_currency_used_as_reporting_fallback"":false}",basic_materials_financial_data_policy_v1,3d002af137a1ae470e531e9eb9a865d7cf77ddab517bcae08a7a0ae473526e70
current:MLM,current_universe,MLM,0000916076,"Martin Marietta Materials, Inc.",United States,USD,2026-09-05,2026-09-05,MARTIN MARIETTA MATERIALS INC,10-K,domestic_sec,US_GAAP,us-gaap,12-31,USD,latest_annual_anchor_concepts,quarterly,10-Q,0001193125-26-326001,2026-07-30T19:35:50Z,0001193125-26-059193,2026-02-19T20:16:57Z,2026-07-30T19:35:50Z,0,0,sec_submissions,sec_companyfacts,https://data.sec.gov/submissions/CIK0000916076.json,https://data.sec.gov/api/xbrl/companyfacts/CIK0000916076.json,0c4dc739aeebd565767336008ee43cd354e76df8ab5d4b1bec00486332b04e8e,2fde07626c3e37398e4df0a352f0b9c8ac169164db053b30b06054819eff75b7,ready_for_ingestion,,1.00,0,fact_source_reported,"{""availability_boundary"":""sec_acceptance_timestamp"",""companyfacts_accession_count"":45,""fiscal_year_end_method"":""submissions_entity_metadata"",""reporting_currency_method"":""latest_annual_anchor_concepts"",""source_cutoff_date"":""2026-09-05"",""trading_currency_used_as_reporting_fallback"":false}",basic_materials_financial_data_policy_v1,52730c11e01ce334d21f2dac62c91a618093854e94a0ae87f0a01171418e65ef
current:MOS,current_universe,MOS,0001285785,The Mosaic Company,United States,USD,2026-09-05,2026-09-05,MOSAIC CO,10-K,domestic_sec,US_GAAP,us-gaap,12-31,USD,eligible_companyfacts_plurality,quarterly,10-Q,0001285785-26-000112,2026-08-05T18:20:20Z,0001285785-26-000054,2026-03-17T19:11:35Z,2026-08-05T18:20:20Z,0,0,sec_submissions,sec_companyfacts,https://data.sec.gov/submissions/CIK0001285785.json,https://data.sec.gov/api/xbrl/companyfacts/CIK0001285785.json,363f368a4d1bbf76888c3b4bbe2bde9569b5d0538fe452d4b92a3451ab76497a,81961120680bcecc68f72fdf37219002dfb1e69b1fab6f3063ef9ee375feee90,ready_for_ingestion,,1.00,0,fact_source_reported,"{""availability_boundary"":""sec_acceptance_timestamp"",""companyfacts_accession_count"":50,""fiscal_year_end_method"":""submissions_entity_metadata"",""reporting_currency_method"":""eligible_companyfacts_plurality"",""source_cutoff_date"":""2026-09-05"",""trading_currency_used_as_reporting_fallback"":false}",basic_materials_financial_data_policy_v1,a830a8d1feb8f733248ef288ad1683bc31d276faa537ac2f6219e9cee2281c81
current:MP,current_universe,MP,0001801368,MP Materials Corp.,United States,USD,2026-09-05,2026-09-05,MP Materials Corp. / DE,10-K,domestic_sec,US_GAAP,us-gaap,12-31,USD,latest_annual_anchor_concepts,quarterly,10-Q,0001801368-26-000048,2026-08-06T22:15:49Z,0001801368-26-000008,2026-02-26T21:45:35Z,2026-08-06T22:15:49Z,0,0,sec_submissions,sec_companyfacts,https://data.sec.gov/submissions/CIK0001801368.json,https://data.sec.gov/api/xbrl/companyfacts/CIK0001801368.json,d5e6f17bb1a24e7f82717f12eb30b3671d60b5d0f385c151da7079eb1b26f7d9,3f70f12400f91ab79e751c01b0d107521309db335c01948888ca0e6481a9df21,ready_for_ingestion,,1.00,0,fact_source_reported,"{""availability_boundary"":""sec_acceptance_timestamp"",""companyfacts_accession_count"":27,""fiscal_year_end_method"":""submissions_entity_metadata"",""reporting_currency_method"":""latest_annual_anchor_concepts"",""source_cutoff_date"":""2026-09-05"",""trading_currency_used_as_reporting_fallback"":false}",basic_materials_financial_data_policy_v1,73ff92c9dd5273abf0443e752555e18207dbeda4642042e8b6469027e4cc0fa6
current:MT,current_universe,MT,0001243429,ArcelorMittal S.A.,Luxembourg,USD,2026-09-05,2026-09-05,ArcelorMittal,20-F,foreign_private_issuer,IFRS,ifrs-full,12-31,USD,latest_annual_anchor_concepts,annual_or_interim_6k,20-F,0001243429-26-000020,2026-03-06T17:30:34Z,0001243429-26-000020,2026-03-06T17:30:34Z,2026-03-06T17:30:34Z,0,0,sec_submissions,sec_companyfacts,https://data.sec.gov/submissions/CIK0001243429.json,https://data.sec.gov/api/xbrl/companyfacts/CIK0001243429.json,80b88dd14544f64e39c8cbd575ebd9669ec74d9cfd76734d19b2310f44b57aac,e37c8e8424a0f2a511cbd3b372fe69b759728074b81329fc5cf24837ef293e8d,ready_for_ingestion,,1.00,0,fact_source_reported,"{""availability_boundary"":""sec_acceptance_timestamp"",""companyfacts_accession_count"":18,""fiscal_year_end_method"":""submissions_entity_metadata"",""reporting_currency_method"":""latest_annual_anchor_concepts"",""source_cutoff_date"":""2026-09-05"",""trading_currency_used_as_reporting_fallback"":false}",basic_materials_financial_data_policy_v1,32f88aee5881eba805a82965aa3df0e3a0704ebbee3393fbb9e3d1dbb1d58a48
current:MTA,current_universe,MTA,0001722606,Metalla Royalty & Streaming Ltd.,Canada,USD,2026-09-05,2026-09-05,Metalla Royalty & Streaming Ltd.,40-F,canadian_mjds,IFRS,ifrs-full,12-31,USD,latest_annual_anchor_concepts,annual_or_interim_6k,40-F,0001062993-26-001632,2026-03-26T11:04:32Z,0001062993-26-001632,2026-03-26T11:04:32Z,2026-03-26T11:04:32Z,0,0,sec_submissions,sec_companyfacts,https://data.sec.gov/submissions/CIK0001722606.json,https://data.sec.gov/api/xbrl/companyfacts/CIK0001722606.json,9a24010cf357b2a793afbd649f1de436a80e6d3a1b0ee66390f53378ffcd43ce,f34ff446f45285721d3c1d216261b9696ee17f49d555bf7b68fffcf4c86d0a72,ready_for_ingestion,,1.00,0,fact_source_reported,"{""availability_boundary"":""sec_acceptance_timestamp"",""companyfacts_accession_count"":9,""fiscal_year_end_method"":""submissions_entity_metadata"",""reporting_currency_method"":""latest_annual_anchor_concepts"",""source_cutoff_date"":""2026-09-05"",""trading_currency_used_as_reporting_fallback"":false}",basic_materials_financial_data_policy_v1,b26695dc7447abda2ad5aef0a41ab66d13a8ced09228e760fca97c2092f7d905
current:MTRN,current_universe,MTRN,0001104657,Materion Corporation,United States,USD,2026-09-05,2026-09-05,MATERION Corp,10-K,domestic_sec,US_GAAP,us-gaap,12-31,USD,latest_annual_anchor_concepts,quarterly,10-Q,0001104657-26-000044,2026-08-05T18:59:36Z,0001104657-26-000011,2026-02-12T21:54:36Z,2026-08-05T18:59:36Z,0,0,sec_submissions,sec_companyfacts,https://data.sec.gov/submissions/CIK0001104657.json,https://data.sec.gov/api/xbrl/companyfacts/CIK0001104657.json,1b154d30f14ca15d04dc8f580e56c31452e6512fbfd713bdf116ce68175641d2,5bc80b94ea2bc47a927b6dab23194555faba2fa3252a406d137b15acd54f6a60,ready_for_ingestion,,1.00,0,fact_source_reported,"{""availability_boundary"":""sec_acceptance_timestamp"",""companyfacts_accession_count"":37,""fiscal_year_end_method"":""submissions_entity_metadata"",""reporting_currency_method"":""latest_annual_anchor_concepts"",""source_cutoff_date"":""2026-09-05"",""trading_currency_used_as_reporting_fallback"":false}",basic_materials_financial_data_policy_v1,f236c9f72b88d3fbc56e121ceb50a9ff825f0302ba5b1a14e370bdd5315b8902
current:MTUS,current_universe,MTUS,0001598428,Metallus Inc.,United States,USD,2026-09-05,2026-09-05,Metallus Inc.,10-K,domestic_sec,US_GAAP,us-gaap,12-31,USD,latest_annual_anchor_concepts,quarterly,10-Q,0001193125-26-332244,2026-08-04T17:26:49Z,0001193125-26-061042,2026-02-20T19:14:24Z,2026-08-04T17:26:49Z,0,0,sec_submissions,sec_companyfacts,https://data.sec.gov/submissions/CIK0001598428.json,https://data.sec.gov/api/xbrl/companyfacts/CIK0001598428.json,3efbaebfcf4ea4208d6464400640727b1c42584eb5332c1bff30ef010b810693,e2c62972009c5e0f2ceb543f9b2c0bd7fb34eab591658faa76d9416e62f22df7,ready_for_ingestion,,1.00,0,fact_source_reported,"{""availability_boundary"":""sec_acceptance_timestamp"",""companyfacts_accession_count"":50,""fiscal_year_end_method"":""submissions_entity_metadata"",""reporting_currency_method"":""latest_annual_anchor_concepts"",""source_cutoff_date"":""2026-09-05"",""trading_currency_used_as_reporting_fallback"":false}",basic_materials_financial_data_policy_v1,1709182d4b54bfe98f38da39e8f5e0d14b26be40127289f36bd04dc9d67c64e9
current:MTX,current_universe,MTX,0000891014,Minerals Technologies Inc.,United States,USD,2026-09-05,2026-09-05,MINERALS TECHNOLOGIES INC,10-K,domestic_sec,US_GAAP,us-gaap,12-31,USD,latest_annual_anchor_concepts,quarterly,10-Q,0000891014-26-000167,2026-07-31T19:01:18Z,0000891014-26-000067,2026-02-20T20:02:49Z,2026-07-31T19:01:18Z,0,0,sec_submissions,sec_companyfacts,https://data.sec.gov/submissions/CIK0000891014.json,https://data.sec.gov/api/xbrl/companyfacts/CIK0000891014.json,3a4d16521e64ce70569d67e9c1dbd89381a3dc056c36d44559fdcfd0974b342a,397b60e38301a608b59c822f190aa78f3bb7f0aa715ebbfc3da222ef67a78492,ready_for_ingestion,,1.00,0,fact_source_reported,"{""availability_boundary"":""sec_acceptance_timestamp"",""companyfacts_accession_count"":32,""fiscal_year_end_method"":""submissions_entity_metadata"",""reporting_currency_method"":""latest_annual_anchor_concepts"",""source_cutoff_date"":""2026-09-05"",""trading_currency_used_as_reporting_fallback"":false}",basic_materials_financial_data_policy_v1,3b5a8906828978448d6df26f6e3e7d1af0a4167879df06cc02e1bc4c25e8a0fa
current:MUX,current_universe,MUX,0000314203,McEwen Inc.,Canada,USD,2026-09-05,2026-09-05,McEwen Inc.,10-K,domestic_sec,US_GAAP,us-gaap,12-31,USD,eligible_companyfacts_plurality,quarterly,10-Q,0001104659-26-091284,2026-08-05T21:29:47Z,0001104659-26-077359,2026-06-24T21:20:52Z,2026-08-05T21:29:47Z,0,0,sec_submissions,sec_companyfacts,https://data.sec.gov/submissions/CIK0000314203.json,https://data.sec.gov/api/xbrl/companyfacts/CIK0000314203.json,5579fe012924877726328c7dd03289f29460b96aa3fe3f5a3417347a33c6419d,8ee12e048530e46a73a02ae6dc6d5c5f7c9dee6299c03500974b44ce27f73922,ready_for_ingestion,,1.00,0,fact_source_reported,"{""availability_boundary"":""sec_acceptance_timestamp"",""companyfacts_accession_count"":62,""fiscal_year_end_method"":""submissions_entity_metadata"",""reporting_currency_method"":""eligible_companyfacts_plurality"",""source_cutoff_date"":""2026-09-05"",""trading_currency_used_as_reporting_fallback"":false}",basic_materials_financial_data_policy_v1,61a1da584bb295ac942c3497b092f6e87cc7cd656a00af6397f04aa9afc0f29d
current:NEM,current_universe,NEM,0001164727,Newmont Corporation,United States,USD,2026-09-05,2026-09-05,NEWMONT Corp /DE/,10-K,domestic_sec,US_GAAP,us-gaap,12-31,USD,latest_annual_anchor_concepts,quarterly,10-Q,0001164727-26-000036,2026-07-23T20:46:06Z,0001164727-26-000010,2026-02-19T21:18:40Z,2026-07-23T20:46:06Z,0,0,sec_submissions,sec_companyfacts,https://data.sec.gov/submissions/CIK0001164727.json,https://data.sec.gov/api/xbrl/companyfacts/CIK0001164727.json,3975431f6c64489d2394198cfc5dedd47bf0bb5f2f29e055e59fc8f6ae4e5161,ea025dc937baa0c5647ad84941e423225c6c59485d9b7b27c4f1d87305739e77,ready_for_ingestion,,1.00,0,fact_source_reported,"{""availability_boundary"":""sec_acceptance_timestamp"",""companyfacts_accession_count"":31,""fiscal_year_end_method"":""submissions_entity_metadata"",""reporting_currency_method"":""latest_annual_anchor_concepts"",""source_cutoff_date"":""2026-09-05"",""trading_currency_used_as_reporting_fallback"":false}",basic_materials_financial_data_policy_v1,f484a036c6d9d2d26e91afaaddfed3c31149f931b57bbbfd9d94a97fce5ea7ce
current:NEU,current_universe,NEU,0001282637,NewMarket Corporation,United States,USD,2026-09-05,2026-09-05,NEWMARKET CORP,10-K,domestic_sec,US_GAAP,us-gaap,12-31,USD,latest_annual_anchor_concepts,quarterly,10-Q,0001282637-26-000016,2026-07-30T12:42:46Z,0001282637-26-000005,2026-02-12T17:13:00Z,2026-07-30T12:42:46Z,0,0,sec_submissions,sec_companyfacts,https://data.sec.gov/submissions/CIK0001282637.json,https://data.sec.gov/api/xbrl/companyfacts/CIK0001282637.json,87dcd255ed83da7d2e28a99985587fa460a583d52af8d4651b9bd20ad1316217,6962ae07feeaf438cfa1a8874a0049479dfbd8b6704c3e427fd7ebb44f241cf7,ready_for_ingestion,,1.00,0,fact_source_reported,"{""availability_boundary"":""sec_acceptance_timestamp"",""companyfacts_accession_count"":66,""fiscal_year_end_method"":""submissions_entity_metadata"",""reporting_currency_method"":""latest_annual_anchor_concepts"",""source_cutoff_date"":""2026-09-05"",""trading_currency_used_as_reporting_fallback"":false}",basic_materials_financial_data_policy_v1,918f7551a09580db5ea29ba826093afe73f2c92c0fc86b0c9c3ab1661e42985e
current:NGVT,current_universe,NGVT,0001653477,Ingevity Corporation,United States,USD,2026-09-05,2026-09-05,Ingevity Corp,10-K,domestic_sec,US_GAAP,us-gaap,12-31,USD,latest_annual_anchor_concepts,quarterly,10-Q,0001653477-26-000047,2026-07-30T20:21:48Z,0001653477-26-000014,2026-02-26T21:23:25Z,2026-07-30T20:21:48Z,0,0,sec_submissions,sec_companyfacts,https://data.sec.gov/submissions/CIK0001653477.json,https://data.sec.gov/api/xbrl/companyfacts/CIK0001653477.json,4cddc03be5a4fb84c1789016a0d4d8ee71a8c4ae34dd2fc9215c81e679640a0a,d2d2883c7c10642256a33ede8776f4eb2069a8e3b1a03ec35eaec4abb8a49b04,ready_for_ingestion,,1.00,0,fact_source_reported,"{""availability_boundary"":""sec_acceptance_timestamp"",""companyfacts_accession_count"":42,""fiscal_year_end_method"":""submissions_entity_metadata"",""reporting_currency_method"":""latest_annual_anchor_concepts"",""source_cutoff_date"":""2026-09-05"",""trading_currency_used_as_reporting_fallback"":false}",basic_materials_financial_data_policy_v1,3cae0ad8f1355b47f797873e8a78ffa45ff18a582cae76ee737aca414b2edf8f
current:NTR,current_universe,NTR,0001725964,Nutrien Ltd.,Canada,USD,2026-09-05,2026-09-05,Nutrien Ltd.,40-F,canadian_mjds,IFRS,ifrs-full,12-31,USD,latest_annual_anchor_concepts,annual_or_interim_6k,40-F,0001193125-26-081326,2026-02-27T17:41:17Z,0001193125-26-081326,2026-02-27T17:41:17Z,2026-02-27T17:41:17Z,0,0,sec_submissions,sec_companyfacts,https://data.sec.gov/submissions/CIK0001725964.json,https://data.sec.gov/api/xbrl/companyfacts/CIK0001725964.json,4fdb051aa409219ac0b59b3ad5aca7aad134d1c94433fa506d9ad04283b4dbf1,62d95a7f16ad38fc3e27742f9f81399ed428e139cda9e6cfc6d3c4f20e6b0e5c,ready_for_ingestion,,1.00,0,fact_source_reported,"{""availability_boundary"":""sec_acceptance_timestamp"",""companyfacts_accession_count"":8,""fiscal_year_end_method"":""submissions_entity_metadata"",""reporting_currency_method"":""latest_annual_anchor_concepts"",""source_cutoff_date"":""2026-09-05"",""trading_currency_used_as_reporting_fallback"":false}",basic_materials_financial_data_policy_v1,8a9d7200f6fd5766574ffb82dbb4c0e2f5116c7d596516b8e559f5a8aed48e51
current:NUE,current_universe,NUE,0000073309,Nucor Corporation,United States,USD,2026-09-05,2026-09-05,NUCOR CORP,10-K,domestic_sec,US_GAAP,us-gaap,12-31,USD,latest_annual_anchor_concepts,quarterly,10-Q,0001193125-26-345891,2026-08-12T13:21:28Z,0001193125-26-071575,2026-02-25T21:13:00Z,2026-08-12T13:21:28Z,0,0,sec_submissions,sec_companyfacts,https://data.sec.gov/submissions/CIK0000073309.json,https://data.sec.gov/api/xbrl/companyfacts/CIK0000073309.json,717173c6bb895a21937a558a09a31d911e6a08e49726b76252ed4fa02fae8bfd,9265f148393edf83f2797761e24c52bc061277a636d7df476b888ffaf6c74f3a,ready_for_ingestion,,1.00,0,fact_source_reported,"{""availability_boundary"":""sec_acceptance_timestamp"",""companyfacts_accession_count"":48,""fiscal_year_end_method"":""submissions_entity_metadata"",""reporting_currency_method"":""latest_annual_anchor_concepts"",""source_cutoff_date"":""2026-09-05"",""trading_currency_used_as_reporting_fallback"":false}",basic_materials_financial_data_policy_v1,d59a02f0a5ae1fdc136c6342f546daf411ba9571b0eae602d0dfbb65f74bd098
current:ODC,current_universe,ODC,0000074046,Oil-Dri Corporation of America,United States,USD,2026-09-05,2026-09-05,Oil-Dri Corp of America,10-K,domestic_sec,US_GAAP,us-gaap,07-31,USD,latest_annual_anchor_concepts,quarterly,10-Q,0001628280-26-041539,2026-06-08T20:09:21Z,0001628280-25-044686,2025-10-09T20:07:16Z,2026-06-08T20:09:21Z,0,0,sec_submissions,sec_companyfacts,https://data.sec.gov/submissions/CIK0000074046.json,https://data.sec.gov/api/xbrl/companyfacts/CIK0000074046.json,c36eec6758e4f4cd4e6e0258603016bedd63075084c63f11f4b22fce592fb088,a1271fb56618fc185c078847accb13916947702da995327d66ac1854e1910387,ready_for_ingestion,,1.00,0,fact_source_reported,"{""availability_boundary"":""sec_acceptance_timestamp"",""companyfacts_accession_count"":59,""fiscal_year_end_method"":""submissions_entity_metadata"",""reporting_currency_method"":""latest_annual_anchor_concepts"",""source_cutoff_date"":""2026-09-05"",""trading_currency_used_as_reporting_fallback"":false}",basic_materials_financial_data_policy_v1,9d0cbbb88a2878fef5c824da6cd570db5191367d5cecbd44d17597aff169d27d
current:OEC,current_universe,OEC,0001609804,Orion S.A.,Luxembourg,USD,2026-09-05,2026-09-05,Orion S.A.,10-K,domestic_sec,US_GAAP,us-gaap,12-31,USD,latest_annual_anchor_concepts,quarterly,10-Q,0001628280-26-053422,2026-08-05T20:35:55Z,0001628280-26-008601,2026-02-17T21:25:45Z,2026-08-05T20:35:55Z,0,0,sec_submissions,sec_companyfacts,https://data.sec.gov/submissions/CIK0001609804.json,https://data.sec.gov/api/xbrl/companyfacts/CIK0001609804.json,8691b3b4bca41fd8f15959b9ace377dabcbdce3d7e5457144da42c5e02f010f3,0ca17ff9567dfdd889371827b2bb71536348deceb44293869d9e195f5e65e12d,ready_for_ingestion,,1.00,0,fact_source_reported,"{""availability_boundary"":""sec_acceptance_timestamp"",""companyfacts_accession_count"":36,""fiscal_year_end_method"":""submissions_entity_metadata"",""reporting_currency_method"":""latest_annual_anchor_concepts"",""source_cutoff_date"":""2026-09-05"",""trading_currency_used_as_reporting_fallback"":false}",basic_materials_financial_data_policy_v1,ca7155debdf7a7ef8b2df312f92bb486d37b859e76887dc671fc1ffd18088a5b
current:OGC,current_universe,OGC,0001487326,OceanaGold Corporation,Canada,USD,2026-09-05,2026-09-05,OceanaGold Corp,UNKNOWN,unknown,UNKNOWN,unknown,12-31,,unresolved,unknown,,,,,,,,0,sec_submissions,sec_companyfacts,https://data.sec.gov/submissions/CIK0001487326.json,https://data.sec.gov/api/xbrl/companyfacts/CIK0001487326.json,8edd8bf3057c2b55b7b0ed1c65e756b3d8f4e1f12df0893171353594d01bbeea,942ac16f2d1a1479ba695a7b3e5affc9330fcc82476973213a345a34d5ad0bf5,annual_form_review_required,annual_form_unresolved;accounting_taxonomy_unresolved;reporting_currency_unresolved,0.50,0,fact_source_reported,"{""availability_boundary"":""sec_acceptance_timestamp"",""companyfacts_accession_count"":0,""fiscal_year_end_method"":""submissions_entity_metadata"",""reporting_currency_method"":""unresolved"",""source_cutoff_date"":""2026-09-05"",""trading_currency_used_as_reporting_fallback"":false}",basic_materials_financial_data_policy_v1,2a76ad5a45f02157cfb5b4abd14d69f74ff75e753841df987f5bb2a27d5f8520
current:OLN,current_universe,OLN,0000074303,Olin Corporation,United States,USD,2026-09-05,2026-09-05,OLIN Corp,10-K,domestic_sec,US_GAAP,us-gaap,12-31,USD,latest_annual_anchor_concepts,quarterly,10-Q,0000074303-26-000077,2026-07-31T15:55:54Z,0000074303-26-000027,2026-02-20T14:49:06Z,2026-07-31T15:55:54Z,0,0,sec_submissions,sec_companyfacts,https://data.sec.gov/submissions/CIK0000074303.json,https://data.sec.gov/api/xbrl/companyfacts/CIK0000074303.json,fda54bd446a61ceb4305d9c6f16e56371ecab41dcad2f71a3b274f572d4fc9d2,c1a33a07cb59348dc41317d4e1af4051836a6aee29bce1eec5db50916ef2de5f,ready_for_ingestion,,1.00,0,fact_source_reported,"{""availability_boundary"":""sec_acceptance_timestamp"",""companyfacts_accession_count"":41,""fiscal_year_end_method"":""submissions_entity_metadata"",""reporting_currency_method"":""latest_annual_anchor_concepts"",""source_cutoff_date"":""2026-09-05"",""trading_currency_used_as_reporting_fallback"":false}",basic_materials_financial_data_policy_v1,555c9ac46412a95f55f23e0fe03a7b416ad1e87c53ca5e736b17d23306045488
current:OR,current_universe,OR,0001627272,OR Royalties Inc.,Canada,USD,2026-09-05,2026-09-05,OR Royalties Inc.,40-F,canadian_mjds,IFRS,ifrs-full,12-31,USD,latest_annual_anchor_concepts,annual_or_interim_6k,40-F,0001062993-26-001696,2026-03-30T21:33:46Z,0001062993-26-001696,2026-03-30T21:33:46Z,2026-03-30T21:33:46Z,0,0,sec_submissions,sec_companyfacts,https://data.sec.gov/submissions/CIK0001627272.json,https://data.sec.gov/api/xbrl/companyfacts/CIK0001627272.json,2694dc28798b207f1e1a9d3b03800480e806f20c071a6ad4f04c2ecebee90ea9,dd8d4206b34fb0017cfae06156a4b960e2741cb7e2fb8f05b36902a19a4afc8c,ready_for_ingestion,,1.00,0,fact_source_reported,"{""availability_boundary"":""sec_acceptance_timestamp"",""companyfacts_accession_count"":9,""fiscal_year_end_method"":""submissions_entity_metadata"",""reporting_currency_method"":""latest_annual_anchor_concepts"",""source_cutoff_date"":""2026-09-05"",""trading_currency_used_as_reporting_fallback"":false}",basic_materials_financial_data_policy_v1,fb15421a5acef1a113a538ce1137f821ccdca125f17dc2b3cc5bf2f7f1f33fff
current:PAAS,current_universe,PAAS,0000771992,Pan American Silver Corp.,Canada,USD,2026-09-05,2026-09-05,PAN AMERICAN SILVER CORP,40-F,canadian_mjds,IFRS,ifrs-full,12-31,USD,latest_annual_anchor_concepts,annual_or_interim_6k,40-F,0000771992-26-000019,2026-02-18T22:16:14Z,0000771992-26-000019,2026-02-18T22:16:14Z,2026-02-18T22:16:14Z,0,0,sec_submissions,sec_companyfacts,https://data.sec.gov/submissions/CIK0000771992.json,https://data.sec.gov/api/xbrl/companyfacts/CIK0000771992.json,e0faebd9c7e9655e5a6c54cb5228c83a65d1b03f417e140ac241af76761df7d8,2a3e886ef705ca1207a905c7599f9c5de7800729855a08d310ceedb1d2abc4ed,ready_for_ingestion,,1.00,0,fact_source_reported,"{""availability_boundary"":""sec_acceptance_timestamp"",""companyfacts_accession_count"":9,""fiscal_year_end_method"":""submissions_entity_metadata"",""reporting_currency_method"":""latest_annual_anchor_concepts"",""source_cutoff_date"":""2026-09-05"",""trading_currency_used_as_reporting_fallback"":false}",basic_materials_financial_data_policy_v1,0057d365f6d3e76fe49548e062ff6be6093a685d587f36dbb7a17e49e1987f97
current:PKX,current_universe,PKX,0000889132,POSCO Holdings Inc.,South Korea,USD,2026-09-05,2026-09-05,POSCO HOLDINGS INC.,20-F,foreign_private_issuer,IFRS,ifrs-full,12-31,KRW,eligible_companyfacts_plurality,annual_or_interim_6k,20-F,0001193125-26-188766,2026-04-29T10:02:05Z,0001193125-26-188766,2026-04-29T10:02:05Z,2025-04-30T00:17:33Z,364,1,sec_submissions,sec_companyfacts,https://data.sec.gov/submissions/CIK0000889132.json,https://data.sec.gov/api/xbrl/companyfacts/CIK0000889132.json,df5c9cdadc455e5f6374f8be7a9624637d221cdc8d1ca12eacac5697b76470b2,8e966db34f7ae12bdea1ce4e77176fdba00d5e04f43edcc8c7c295f4b285f3e1,companyfacts_fallback_required,companyfacts_fallback_required,0.80,0,fact_source_reported,"{""availability_boundary"":""sec_acceptance_timestamp"",""companyfacts_accession_count"":8,""fiscal_year_end_method"":""submissions_entity_metadata"",""reporting_currency_method"":""eligible_companyfacts_plurality"",""source_cutoff_date"":""2026-09-05"",""trading_currency_used_as_reporting_fallback"":false}",basic_materials_financial_data_policy_v1,87f0f6b96c32c610bb0179bb1d35e471e3fde2efc7861ba10b2da8d75345ba0c
current:PPG,current_universe,PPG,0000079879,"PPG Industries, Inc.",United States,USD,2026-09-05,2026-09-05,PPG INDUSTRIES INC,10-K,domestic_sec,US_GAAP,us-gaap,12-31,USD,latest_annual_anchor_concepts,quarterly,10-Q,0000079879-26-000252,2026-07-29T19:03:06Z,0000079879-26-000046,2026-02-19T18:16:29Z,2026-04-29T19:03:10Z,91,0,sec_submissions,sec_companyfacts,https://data.sec.gov/submissions/CIK0000079879.json,https://data.sec.gov/api/xbrl/companyfacts/CIK0000079879.json,83065253f460122f4df4210bc0f0af90fb24c3a09becbb87e92e01e45d4cea40,d2115215c7b5332e873631ef48ba58e08b126192b275c4f6043c31c439948a74,ready_for_ingestion,,1.00,0,fact_source_reported,"{""availability_boundary"":""sec_acceptance_timestamp"",""companyfacts_accession_count"":14,""fiscal_year_end_method"":""submissions_entity_metadata"",""reporting_currency_method"":""latest_annual_anchor_concepts"",""source_cutoff_date"":""2026-09-05"",""trading_currency_used_as_reporting_fallback"":false}",basic_materials_financial_data_policy_v1,8efaf2a930d0207c4df8de2afb536bd09398e2c0ae45cd3d714d6bcf59657d55
current:PRM,current_universe,PRM,0001880319,"Perimeter Solutions, Inc.",United States,USD,2026-09-05,2026-09-05,"Perimeter Solutions, Inc.",10-K,domestic_sec,US_GAAP,us-gaap,12-31,USD,latest_annual_anchor_concepts,quarterly,10-Q,0001880319-26-000048,2026-07-31T13:28:02Z,0001880319-26-000013,2026-02-26T14:53:59Z,2026-07-31T13:28:02Z,0,0,sec_submissions,sec_companyfacts,https://data.sec.gov/submissions/CIK0001880319.json,https://data.sec.gov/api/xbrl/companyfacts/CIK0001880319.json,149efb1701412b75e4ccf5e06b96e9b0e8427ddb46bf8f216f9d9236b7f1d025,d2073f6f89ce8e9ad8ee4f3a3e622a62a4725c8d86dfcfcc74cbdc1dd1fab575,ready_for_ingestion,,1.00,0,fact_source_reported,"{""availability_boundary"":""sec_acceptance_timestamp"",""companyfacts_accession_count"":21,""fiscal_year_end_method"":""submissions_entity_metadata"",""reporting_currency_method"":""latest_annual_anchor_concepts"",""source_cutoff_date"":""2026-09-05"",""trading_currency_used_as_reporting_fallback"":false}",basic_materials_financial_data_policy_v1,e27769c376e62cac1e4d952299e0a5b8b6d4f08f3801349bf848df468639f2c6
current:RGLD,current_universe,RGLD,0000085535,"Royal Gold, Inc.",United States,USD,2026-09-05,2026-09-05,ROYAL GOLD INC,10-K,domestic_sec,US_GAAP,us-gaap,12-31,USD,latest_annual_anchor_concepts,quarterly,10-Q,0000085535-26-000041,2026-08-05T22:49:35Z,0000085535-26-000008,2026-02-19T01:42:45Z,2026-08-05T22:49:35Z,0,0,sec_submissions,sec_companyfacts,https://data.sec.gov/submissions/CIK0000085535.json,https://data.sec.gov/api/xbrl/companyfacts/CIK0000085535.json,ee73e8cd6b8c120087fc82f547db9b048c41003cb00902d1e2d5799beb80d24a,ad828395e1d654e7cd80a4d9e0438ef63a8b5fb6e8cf547901e3c9649a408cb9,ready_for_ingestion,,1.00,0,fact_source_reported,"{""availability_boundary"":""sec_acceptance_timestamp"",""companyfacts_accession_count"":58,""fiscal_year_end_method"":""submissions_entity_metadata"",""reporting_currency_method"":""latest_annual_anchor_concepts"",""source_cutoff_date"":""2026-09-05"",""trading_currency_used_as_reporting_fallback"":false}",basic_materials_financial_data_policy_v1,ead490ad8d318edaea4e72b5ed98ac1b96367d66f02424a86f29953c016f3851
current:RIO,current_universe,RIO,0000863064,Rio Tinto Group,United Kingdom,USD,2026-09-05,2026-09-05,RIO TINTO PLC,20-F,foreign_private_issuer,IFRS,ifrs-full,12-31,USD,latest_annual_anchor_concepts,annual_or_interim_6k,20-F,0001628280-26-009531,2026-02-19T15:19:58Z,0001628280-26-009531,2026-02-19T15:19:58Z,2026-02-19T15:19:58Z,0,0,sec_submissions,sec_companyfacts,https://data.sec.gov/submissions/CIK0000863064.json,https://data.sec.gov/api/xbrl/companyfacts/CIK0000863064.json,5aa53dc6afe6102653b1c16f5db4801a578fdd447b760bf7a6534771abf0ffe0,b9afce4b7a7d74fc25bf7471f0f8183fd08c3bbe6d3049ae52427f3ce97c4d47,ready_for_ingestion,,1.00,0,fact_source_reported,"{""availability_boundary"":""sec_acceptance_timestamp"",""companyfacts_accession_count"":18,""fiscal_year_end_method"":""submissions_entity_metadata"",""reporting_currency_method"":""latest_annual_anchor_concepts"",""source_cutoff_date"":""2026-09-05"",""trading_currency_used_as_reporting_fallback"":false}",basic_materials_financial_data_policy_v1,94b7202bcf3b162b74c4005909085e6eafac00dd943292dc66b9fbf5dec89e0f
current:RMIX,current_universe,RMIX,0002094433,"Suncrete, Inc.",United States,USD,2026-09-05,2026-09-05,"Suncrete, Inc.",UNKNOWN,unknown,US_GAAP,us-gaap,12-31,USD,eligible_companyfacts_plurality,unknown,10-Q,0001193125-26-352341,2026-08-14T20:20:55Z,,,2026-08-14T20:20:55Z,0,0,sec_submissions,sec_companyfacts,https://data.sec.gov/submissions/CIK0002094433.json,https://data.sec.gov/api/xbrl/companyfacts/CIK0002094433.json,15f3c1ad2983fa588b50e4c43ca8fb2de7e2b790db55e94095e9011003778499,0250520cb54a7dfa770caacf9a5bc13dc0583a038343e444aaf0fb2180a51ab7,annual_form_review_required,annual_form_unresolved,0.50,0,fact_source_reported,"{""availability_boundary"":""sec_acceptance_timestamp"",""companyfacts_accession_count"":3,""fiscal_year_end_method"":""submissions_entity_metadata"",""reporting_currency_method"":""eligible_companyfacts_plurality"",""source_cutoff_date"":""2026-09-05"",""trading_currency_used_as_reporting_fallback"":false}",basic_materials_financial_data_policy_v1,7abdbe701e3f56bdb86313e56df7bbbd0d6c8c5e259138fd5bd4a59f518597eb
current:RPM,current_universe,RPM,0000110621,RPM International Inc.,United States,USD,2026-09-05,2026-09-05,RPM INTERNATIONAL INC/DE/,10-K,domestic_sec,US_GAAP,us-gaap,05-31,USD,latest_annual_anchor_concepts,quarterly,10-K,0001193125-26-312142,2026-07-22T19:00:36Z,0001193125-26-312142,2026-07-22T19:00:36Z,2026-08-25T20:47:11Z,-34,0,sec_submissions,sec_companyfacts,https://data.sec.gov/submissions/CIK0000110621.json,https://data.sec.gov/api/xbrl/companyfacts/CIK0000110621.json,7158225c2945009e76e033ed464108dc6b367395038347ca5652f8402692a511,3fa1c4d00cb93923b066c22b1b0c47b4d15124c47d1d68782380dd7c2e9cf5ca,ready_for_ingestion,,1.00,0,fact_source_reported,"{""availability_boundary"":""sec_acceptance_timestamp"",""companyfacts_accession_count"":58,""fiscal_year_end_method"":""submissions_entity_metadata"",""reporting_currency_method"":""latest_annual_anchor_concepts"",""source_cutoff_date"":""2026-09-05"",""trading_currency_used_as_reporting_fallback"":false}",basic_materials_financial_data_policy_v1,b9d709972e5af41bb7181f8abe02bbe8effba72ede07a4f0595d79fed68d3516
current:RS,current_universe,RS,0000861884,"Reliance, Inc.",United States,USD,2026-09-05,2026-09-05,"RELIANCE, INC.",10-K,domestic_sec,US_GAAP,us-gaap,12-31,USD,latest_annual_anchor_concepts,quarterly,10-Q,0001104659-26-087528,2026-07-28T20:05:49Z,0001104659-26-020651,2026-02-26T22:20:04Z,2026-04-29T20:16:23Z,90,0,sec_submissions,sec_companyfacts,https://data.sec.gov/submissions/CIK0000861884.json,https://data.sec.gov/api/xbrl/companyfacts/CIK0000861884.json,6a0584a9b775e6b8bcfa2a16f01469730c234cab9900f91eb3576d0bd743ab84,908753ca12daacd8dd27ec2caa4535591adafc0e67772b6d51d7b196c39091fe,ready_for_ingestion,,1.00,0,fact_source_reported,"{""availability_boundary"":""sec_acceptance_timestamp"",""companyfacts_accession_count"":60,""fiscal_year_end_method"":""submissions_entity_metadata"",""reporting_currency_method"":""latest_annual_anchor_concepts"",""source_cutoff_date"":""2026-09-05"",""trading_currency_used_as_reporting_fallback"":false}",basic_materials_financial_data_policy_v1,32a9a57f7de3fabeecb4427c19a035d2b90357b844b21f0e9af375f1848aa573
current:RYAM,current_universe,RYAM,0001597672,Rayonier Advanced Materials Inc.,United States,USD,2026-09-05,2026-09-05,RAYONIER ADVANCED MATERIALS INC.,10-K,domestic_sec,US_GAAP,us-gaap,12-31,USD,latest_annual_anchor_concepts,quarterly,10-Q,0001597672-26-000029,2026-08-05T16:04:11Z,0001597672-26-000010,2026-03-05T21:10:23Z,2026-08-05T16:04:11Z,0,0,sec_submissions,sec_companyfacts,https://data.sec.gov/submissions/CIK0001597672.json,https://data.sec.gov/api/xbrl/companyfacts/CIK0001597672.json,dc2c2ee1045645cf52613d66d2c1bc2d71752dcfd7a6d498610e7462fd68d06c,7edf836474b6f30f82ad1aaff4f2c4df36b6c653fd69fc6552dc21cbde7b89cf,ready_for_ingestion,,1.00,0,fact_source_reported,"{""availability_boundary"":""sec_acceptance_timestamp"",""companyfacts_accession_count"":49,""fiscal_year_end_method"":""submissions_entity_metadata"",""reporting_currency_method"":""latest_annual_anchor_concepts"",""source_cutoff_date"":""2026-09-05"",""trading_currency_used_as_reporting_fallback"":false}",basic_materials_financial_data_policy_v1,9f2c9ec0455d04b782de1b6c6b9750888e7331e8e9410323d54551d06cdf7601
current:SCL,current_universe,SCL,0000094049,Stepan Company,United States,USD,2026-09-05,2026-09-05,STEPAN CO,10-K,domestic_sec,US_GAAP,us-gaap,12-31,USD,latest_annual_anchor_concepts,quarterly,10-Q,0001193125-26-334428,2026-08-05T16:37:44Z,0001193125-26-074976,2026-02-26T17:44:22Z,2026-08-05T16:37:44Z,0,0,sec_submissions,sec_companyfacts,https://data.sec.gov/submissions/CIK0000094049.json,https://data.sec.gov/api/xbrl/companyfacts/CIK0000094049.json,7f2a702038d4e8f26ab04137f9ac499b37cd0496de736ae3fd815409c35e6954,008dd44ff1c8505d887dedcbc1d338924589d832c96e6987e8602f686b96b028,ready_for_ingestion,,1.00,0,fact_source_reported,"{""availability_boundary"":""sec_acceptance_timestamp"",""companyfacts_accession_count"":42,""fiscal_year_end_method"":""submissions_entity_metadata"",""reporting_currency_method"":""latest_annual_anchor_concepts"",""source_cutoff_date"":""2026-09-05"",""trading_currency_used_as_reporting_fallback"":false}",basic_materials_financial_data_policy_v1,6b840e63a8462b9f6ef9eaf82c759451317323750f2e9872c6dc57f256f9991c
current:SCZM,current_universe,SCZM,0001548536,Santacruz Silver Mining Ltd.,Canada,USD,2026-09-05,2026-09-05,Santacruz Silver Mining Ltd.,40-F,canadian_mjds,UNKNOWN,unknown,12-31,,unresolved,annual_or_interim_6k,40-F,0001493152-26-020908,2026-05-01T20:46:14Z,0001493152-26-020908,2026-05-01T20:46:14Z,,,1,sec_submissions,sec_companyfacts,https://data.sec.gov/submissions/CIK0001548536.json,https://data.sec.gov/api/xbrl/companyfacts/CIK0001548536.json,587f6648d8b9250d41308944d2aa9c04c7aa9205dc24cca1c07ba4eb45f7bd87,,taxonomy_review_required,accounting_taxonomy_unresolved;reporting_currency_unresolved;companyfacts_fallback_required,0.60,0,fact_source_reported,"{""availability_boundary"":""sec_acceptance_timestamp"",""companyfacts_accession_count"":0,""fiscal_year_end_method"":""submissions_entity_metadata"",""reporting_currency_method"":""unresolved"",""source_cutoff_date"":""2026-09-05"",""trading_currency_used_as_reporting_fallback"":false}",basic_materials_financial_data_policy_v1,81ec5af27c493663458d512ed0ce860bf49578847d80aa0130935056cb63158d
current:SHW,current_universe,SHW,0000089800,The Sherwin-Williams Company,United States,USD,2026-09-05,2026-09-05,SHERWIN WILLIAMS CO,10-K,domestic_sec,US_GAAP,us-gaap,12-31,USD,latest_annual_anchor_concepts,quarterly,10-Q,0000089800-26-000049,2026-07-28T17:54:02Z,0000089800-26-000008,2026-02-19T19:54:43Z,2026-07-28T17:54:02Z,0,0,sec_submissions,sec_companyfacts,https://data.sec.gov/submissions/CIK0000089800.json,https://data.sec.gov/api/xbrl/companyfacts/CIK0000089800.json,2d65a7632bc9dfe7177fd2f046a6de1bcc1e1ce2324d4930995d52820441e4ef,75ef555a24c3fad594f062ed70e1c36a9163efc4f86d0ae7b77281686593fad3,ready_for_ingestion,,1.00,0,fact_source_reported,"{""availability_boundary"":""sec_acceptance_timestamp"",""companyfacts_accession_count"":39,""fiscal_year_end_method"":""submissions_entity_metadata"",""reporting_currency_method"":""latest_annual_anchor_concepts"",""source_cutoff_date"":""2026-09-05"",""trading_currency_used_as_reporting_fallback"":false}",basic_materials_financial_data_policy_v1,98bc133343820df4446b169119b615a487e6fa9573177915edb31f246c505c0b
current:SMID,current_universe,SMID,0000924719,Smith-Midland Corporation,United States,USD,2026-09-05,2026-09-05,SMITH MIDLAND CORP,10-K,domestic_sec,US_GAAP,us-gaap,12-31,USD,latest_annual_anchor_concepts,quarterly,10-Q,0001654954-26-007660,2026-08-14T20:31:15Z,0001654954-26-003505,2026-04-14T21:12:14Z,2026-08-14T20:31:15Z,0,0,sec_submissions,sec_companyfacts,https://data.sec.gov/submissions/CIK0000924719.json,https://data.sec.gov/api/xbrl/companyfacts/CIK0000924719.json,11a9f446d0b9d5be0fcca2c9988162956dbb17925856b91d909138598b23b706,30603071a09d807d9b68dba4b219263d05a6740f54e471ab38ac01a82af9a88e,ready_for_ingestion,,1.00,0,fact_source_reported,"{""availability_boundary"":""sec_acceptance_timestamp"",""companyfacts_accession_count"":61,""fiscal_year_end_method"":""submissions_entity_metadata"",""reporting_currency_method"":""latest_annual_anchor_concepts"",""source_cutoff_date"":""2026-09-05"",""trading_currency_used_as_reporting_fallback"":false}",basic_materials_financial_data_policy_v1,bd3888e557585ff32a2cb0c1dd1326be065244315089fe5dfaf93922dd914e04
current:SOLS,current_universe,SOLS,0002064953,"Solstice Advanced Materials, Inc.",United States,USD,2026-09-05,2026-09-05,Solstice Advanced Materials Inc.,10-K,domestic_sec,US_GAAP,us-gaap,12-31,USD,latest_annual_anchor_concepts,quarterly,10-Q,0002064953-26-000087,2026-07-30T20:04:59Z,0002064953-26-000008,2026-02-19T21:11:39Z,2026-07-30T20:04:59Z,0,0,sec_submissions,sec_companyfacts,https://data.sec.gov/submissions/CIK0002064953.json,https://data.sec.gov/api/xbrl/companyfacts/CIK0002064953.json,3014fb571d296a4a9ba0f02cd4e025bcce831062c8e98975779355f40076028c,e4faeff4e29d6eae158156017e85c8ed90d8687ade38c2efa125534589e26ba4,ready_for_ingestion,,1.00,0,fact_source_reported,"{""availability_boundary"":""sec_acceptance_timestamp"",""companyfacts_accession_count"":4,""fiscal_year_end_method"":""submissions_entity_metadata"",""reporting_currency_method"":""latest_annual_anchor_concepts"",""source_cutoff_date"":""2026-09-05"",""trading_currency_used_as_reporting_fallback"":false}",basic_materials_financial_data_policy_v1,2ed2a9b190c9b6d9d26506a110ec0e8cadfa5880268227299caf9779a894ba78
current:SSRM,current_universe,SSRM,0000921638,SSR Mining Inc.,United States,USD,2026-09-05,2026-09-05,SSR MINING INC.,10-K,domestic_sec,US_GAAP,us-gaap,12-31,USD,latest_annual_anchor_concepts,quarterly,10-Q,0000921638-26-000081,2026-08-04T20:03:12Z,0000921638-26-000035,2026-02-17T21:04:54Z,2026-08-04T20:03:12Z,0,0,sec_submissions,sec_companyfacts,https://data.sec.gov/submissions/CIK0000921638.json,https://data.sec.gov/api/xbrl/companyfacts/CIK0000921638.json,e1dbbc24098a7c95c63aafe71428e7c94e4d81c48e4e67296599f167f8e83dad,7b7f82f5c14ca49b7486de75721f6329162b8605d141331a11f0d3830352dc97,ready_for_ingestion,,1.00,0,fact_source_reported,"{""availability_boundary"":""sec_acceptance_timestamp"",""companyfacts_accession_count"":26,""fiscal_year_end_method"":""submissions_entity_metadata"",""reporting_currency_method"":""latest_annual_anchor_concepts"",""source_cutoff_date"":""2026-09-05"",""trading_currency_used_as_reporting_fallback"":false}",basic_materials_financial_data_policy_v1,7a3609a3a0479811895cbdda579caa24cd1705370a90e431e82420ed5b1482e3
current:STLD,current_universe,STLD,0001022671,"Steel Dynamics, Inc.",United States,USD,2026-09-05,2026-09-05,STEEL DYNAMICS INC,10-K,domestic_sec,US_GAAP,us-gaap,12-31,USD,latest_annual_anchor_concepts,quarterly,10-Q,0001104659-26-087414,2026-07-28T15:59:42Z,0001104659-26-021395,2026-02-27T18:06:49Z,2026-07-28T15:59:42Z,0,0,sec_submissions,sec_companyfacts,https://data.sec.gov/submissions/CIK0001022671.json,https://data.sec.gov/api/xbrl/companyfacts/CIK0001022671.json,abb8ad67f116dd07dd8cb1e1a7cd6aab9b121213e978c1babe6bc4db2ae4ebf2,05faeb3700549a72e77fc8cdb107ba5bc36b73512de61c7a9a9c0e305a5d5943,ready_for_ingestion,,1.00,0,fact_source_reported,"{""availability_boundary"":""sec_acceptance_timestamp"",""companyfacts_accession_count"":30,""fiscal_year_end_method"":""submissions_entity_metadata"",""reporting_currency_method"":""latest_annual_anchor_concepts"",""source_cutoff_date"":""2026-09-05"",""trading_currency_used_as_reporting_fallback"":false}",basic_materials_financial_data_policy_v1,f7f53cad03b89ac71961eefa46d99ebb8604694180a2f2a6cf6da94cd98ed586
current:SXT,current_universe,SXT,0000310142,Sensient Technologies Corporation,United States,USD,2026-09-05,2026-09-05,SENSIENT TECHNOLOGIES CORP,10-K,domestic_sec,US_GAAP,us-gaap,12-31,USD,latest_annual_anchor_concepts,quarterly,10-Q,0001140361-26-031094,2026-08-04T16:33:13Z,0001140361-26-005311,2026-02-13T18:20:57Z,2026-08-04T16:33:13Z,0,0,sec_submissions,sec_companyfacts,https://data.sec.gov/submissions/CIK0000310142.json,https://data.sec.gov/api/xbrl/companyfacts/CIK0000310142.json,f90b805de780c18def3a0d6b529efe9f9cfa9663f9a92f16bb43793e4a995d5f,47409ef5dd5b558def3779c8a89e610a4e9c69abc94192026bf37498feaf471c,ready_for_ingestion,,1.00,0,fact_source_reported,"{""availability_boundary"":""sec_acceptance_timestamp"",""companyfacts_accession_count"":51,""fiscal_year_end_method"":""submissions_entity_metadata"",""reporting_currency_method"":""latest_annual_anchor_concepts"",""source_cutoff_date"":""2026-09-05"",""trading_currency_used_as_reporting_fallback"":false}",basic_materials_financial_data_policy_v1,601c184dd52f1ee7301944f695f9c306e0f492cad819d3908f1eceb851b4afb8
current:TFPM,current_universe,TFPM,0001829726,Triple Flag Precious Metals Corp.,Canada,USD,2026-09-05,2026-09-05,Triple Flag Precious Metals Corp.,40-F,canadian_mjds,IFRS,ifrs-full,12-31,USD,latest_annual_anchor_concepts,annual_or_interim_6k,40-F,0001104659-26-036188,2026-03-27T20:48:55Z,0001104659-26-036188,2026-03-27T20:48:55Z,2026-03-27T20:48:55Z,0,0,sec_submissions,sec_companyfacts,https://data.sec.gov/submissions/CIK0001829726.json,https://data.sec.gov/api/xbrl/companyfacts/CIK0001829726.json,e3fb14da301f9891e97a74ed31729109b8b4118cb5f118c44e4cff02b56f8481,624faa53caec720874038801628ea4deca557a4ebfba125f4c59f181f8996859,ready_for_ingestion,,1.00,0,fact_source_reported,"{""availability_boundary"":""sec_acceptance_timestamp"",""companyfacts_accession_count"":7,""fiscal_year_end_method"":""submissions_entity_metadata"",""reporting_currency_method"":""latest_annual_anchor_concepts"",""source_cutoff_date"":""2026-09-05"",""trading_currency_used_as_reporting_fallback"":false}",basic_materials_financial_data_policy_v1,0132df1b8bead07c70de4519da1dd928fadede91b5ce14a951be78cf1f78b940
current:TGLS,current_universe,TGLS,0001534675,Tecnoglass Holdings Inc.,United States,USD,2026-09-05,2026-09-05,Tecnoglass Holdings Inc.,10-K,domestic_sec,US_GAAP,us-gaap,12-31,USD,latest_annual_anchor_concepts,quarterly,10-Q,0001493152-26-036362,2026-08-06T20:30:46Z,0001493152-26-008465,2026-03-02T14:01:16Z,2026-08-06T20:30:46Z,0,0,sec_submissions,sec_companyfacts,https://data.sec.gov/submissions/CIK0001534675.json,https://data.sec.gov/api/xbrl/companyfacts/CIK0001534675.json,9d751e54bc407c6cd7650b797a381d581cfc64a2b9f607ecad0fbc61da25929c,d0dc9a1cedf42298c4efa93637cddd0e6bd16aa229046ce2fbbfd5a3f256db7b,ready_for_ingestion,,1.00,0,fact_source_reported,"{""availability_boundary"":""sec_acceptance_timestamp"",""companyfacts_accession_count"":67,""fiscal_year_end_method"":""submissions_entity_metadata"",""reporting_currency_method"":""latest_annual_anchor_concepts"",""source_cutoff_date"":""2026-09-05"",""trading_currency_used_as_reporting_fallback"":false}",basic_materials_financial_data_policy_v1,aa0b2823c104d25c1548ad0d1a3522b710ed881120eec9709c6193dc5eb01305
current:TII,current_universe,TII,0001791703,Titan Mining Corporation,Canada,USD,2026-09-05,2026-09-05,Titan Mining Corp,40-F,canadian_mjds,IFRS,ifrs-full,12-31,USD,eligible_companyfacts_plurality,annual_or_interim_6k,40-F/A,0001213900-26-035613,2026-03-27T20:54:09Z,0001213900-26-035613,2026-03-27T20:54:09Z,2026-03-19T10:31:19Z,8,1,sec_submissions,sec_companyfacts,https://data.sec.gov/submissions/CIK0001791703.json,https://data.sec.gov/api/xbrl/companyfacts/CIK0001791703.json,4f08e523a138b1f7f60dc925d4d737d6a83b4b8edd163754192c8da5bc192be5,cb4b3b9e6ded0d4eeea092126c1b0b6f90b45e4e53dffbddb07edb573bf20a2c,companyfacts_fallback_required,companyfacts_fallback_required,0.80,0,fact_source_reported,"{""availability_boundary"":""sec_acceptance_timestamp"",""companyfacts_accession_count"":1,""fiscal_year_end_method"":""submissions_entity_metadata"",""reporting_currency_method"":""eligible_companyfacts_plurality"",""source_cutoff_date"":""2026-09-05"",""trading_currency_used_as_reporting_fallback"":false}",basic_materials_financial_data_policy_v1,d304feb9bcfb39f3b1dd5d9a1e4aa96ae60cba9a64e98c3789559bf3e73dabe4
current:TROX,current_universe,TROX,0001530804,Tronox Holdings plc,United States,USD,2026-09-05,2026-09-05,Tronox Holdings plc,10-K,domestic_sec,US_GAAP,us-gaap,12-31,USD,latest_annual_anchor_concepts,quarterly,10-Q,0001530804-26-000015,2026-08-06T14:05:09Z,0001530804-26-000006,2026-02-20T16:32:08Z,2026-08-06T14:05:09Z,0,0,sec_submissions,sec_companyfacts,https://data.sec.gov/submissions/CIK0001530804.json,https://data.sec.gov/api/xbrl/companyfacts/CIK0001530804.json,cd8ce700176979e2addd61b78cf57226149f9793f3b21242a697027491deeb18,d0bacbb681a19d17635f1c432dd9d5891a9a45013b835491980c3c5608cda097,ready_for_ingestion,,1.00,0,fact_source_reported,"{""availability_boundary"":""sec_acceptance_timestamp"",""companyfacts_accession_count"":57,""fiscal_year_end_method"":""submissions_entity_metadata"",""reporting_currency_method"":""latest_annual_anchor_concepts"",""source_cutoff_date"":""2026-09-05"",""trading_currency_used_as_reporting_fallback"":false}",basic_materials_financial_data_policy_v1,c6f50a7134526ee64ccd14564783acef0c932586d81bdefa7c695de3466947cc
current:TTAM,current_universe,TTAM,0002035304,Titan America SA,Belgium,USD,2026-09-05,2026-09-05,Titan America SA,20-F,foreign_private_issuer,IFRS,ifrs-full,12-31,USD,latest_annual_anchor_concepts,annual_or_interim_6k,20-F,0002035304-26-000047,2026-03-24T20:05:44Z,0002035304-26-000047,2026-03-24T20:05:44Z,2026-03-24T20:05:44Z,0,0,sec_submissions,sec_companyfacts,https://data.sec.gov/submissions/CIK0002035304.json,https://data.sec.gov/api/xbrl/companyfacts/CIK0002035304.json,ed3fb333bf98d3fc2db9daa7c59a21d02dd0855707a801ad686fb1347f262692,52c3ea9eec97faffadcd65316e27fd6d0a8a6289443ce62e713b44c0bdc5d830,ready_for_ingestion,,1.00,0,fact_source_reported,"{""availability_boundary"":""sec_acceptance_timestamp"",""companyfacts_accession_count"":2,""fiscal_year_end_method"":""submissions_entity_metadata"",""reporting_currency_method"":""latest_annual_anchor_concepts"",""source_cutoff_date"":""2026-09-05"",""trading_currency_used_as_reporting_fallback"":false}",basic_materials_financial_data_policy_v1,e46eff6c2f99592f03e57d9c209fd429abf10539e565fd07222fab854e963f27
current:TX,current_universe,TX,0001342874,Ternium S.A.,Luxembourg,USD,2026-09-05,2026-09-05,Ternium S.A.,20-F,foreign_private_issuer,IFRS,ifrs-full,12-31,USD,latest_annual_anchor_concepts,annual_or_interim_6k,20-F,0001342874-26-000020,2026-03-31T20:19:50Z,0001342874-26-000020,2026-03-31T20:19:50Z,2026-03-31T20:19:50Z,0,0,sec_submissions,sec_companyfacts,https://data.sec.gov/submissions/CIK0001342874.json,https://data.sec.gov/api/xbrl/companyfacts/CIK0001342874.json,91cf58368935fa728c36315591da49143ff359a9d131789279d87616002f8a26,6f9a9c3790e8ab7e4d93e034fbad1342003ef16397db9199e075fbb2ef475f3c,ready_for_ingestion,,1.00,0,fact_source_reported,"{""availability_boundary"":""sec_acceptance_timestamp"",""companyfacts_accession_count"":9,""fiscal_year_end_method"":""submissions_entity_metadata"",""reporting_currency_method"":""latest_annual_anchor_concepts"",""source_cutoff_date"":""2026-09-05"",""trading_currency_used_as_reporting_fallback"":false}",basic_materials_financial_data_policy_v1,bc8dbd87bc1acc04922856b9f1188ee5291e567a6a33528e77bf00c6d0fddd82
current:UAMY,current_universe,UAMY,0000101538,United States Antimony Corporation,United States,USD,2026-09-05,2026-09-05,UNITED STATES ANTIMONY CORP,10-K,domestic_sec,US_GAAP,us-gaap,12-31,USD,latest_annual_anchor_concepts,quarterly,10-Q,0001104659-26-094035,2026-08-11T20:02:52Z,0001104659-26-032049,2026-03-19T20:00:46Z,2026-08-11T20:02:52Z,0,0,sec_submissions,sec_companyfacts,https://data.sec.gov/submissions/CIK0000101538.json,https://data.sec.gov/api/xbrl/companyfacts/CIK0000101538.json,879a2f05cdf2b82042b231f25826fbc519898f5ba9041e9696a501aa5ef6a72e,1c8da52ef005683370be7b67554bcf4a36232c8a55e94c35948ebb0cd5ad1fbd,ready_for_ingestion,,1.00,0,fact_source_reported,"{""availability_boundary"":""sec_acceptance_timestamp"",""companyfacts_accession_count"":74,""fiscal_year_end_method"":""submissions_entity_metadata"",""reporting_currency_method"":""latest_annual_anchor_concepts"",""source_cutoff_date"":""2026-09-05"",""trading_currency_used_as_reporting_fallback"":false}",basic_materials_financial_data_policy_v1,dca192265c5bf712bb9deda8f7fd0f5f08f1b7b5bcd61a09267ce13abf399624
current:UAN,current_universe,UAN,0001425292,"CVR Partners, LP",United States,USD,2026-09-05,2026-09-05,"CVR PARTNERS, LP",10-K,domestic_sec,US_GAAP,us-gaap,12-31,USD,latest_annual_anchor_concepts,quarterly,10-Q,0001425292-26-000031,2026-07-29T16:23:38Z,0001425292-26-000011,2026-02-18T16:33:15Z,2026-07-29T16:23:38Z,0,0,sec_submissions,sec_companyfacts,https://data.sec.gov/submissions/CIK0001425292.json,https://data.sec.gov/api/xbrl/companyfacts/CIK0001425292.json,1cd9863022f9f3171ea1321c904e0a1ac67df5f049220a5be6dfa9f6e2c90274,2b4932ab9ad93baa182d87b42425639ea039eeb774549b77c9e3d0caa5e3efe8,ready_for_ingestion,,1.00,0,fact_source_reported,"{""availability_boundary"":""sec_acceptance_timestamp"",""companyfacts_accession_count"":61,""fiscal_year_end_method"":""submissions_entity_metadata"",""reporting_currency_method"":""latest_annual_anchor_concepts"",""source_cutoff_date"":""2026-09-05"",""trading_currency_used_as_reporting_fallback"":false}",basic_materials_financial_data_policy_v1,044c831e517951e5b5f79f7f9eb8bc7b916439ba5dd6a29ddc646a9d2bbcbd4b
current:USAS,current_universe,USAS,0001286973,Americas Gold and Silver Corporation,Canada,USD,2026-09-05,2026-09-05,Americas Gold & Silver Corp,40-F,canadian_mjds,IFRS,ifrs-full,12-31,USD,latest_annual_anchor_concepts,annual_or_interim_6k,40-F/A,0001062993-26-001831,2026-04-02T21:14:24Z,0001062993-26-001831,2026-04-02T21:14:24Z,2026-04-02T21:14:24Z,0,0,sec_submissions,sec_companyfacts,https://data.sec.gov/submissions/CIK0001286973.json,https://data.sec.gov/api/xbrl/companyfacts/CIK0001286973.json,a480f8506ecf4dffdd9c33170918c1a4a591072cc73e3d3148a3bcfd916db387,f8ac72f7b8f976baec24cdc73636857d9df036c4e19a8f42bc35d5661fa9986e,ready_for_ingestion,,1.00,0,fact_source_reported,"{""availability_boundary"":""sec_acceptance_timestamp"",""companyfacts_accession_count"":20,""fiscal_year_end_method"":""latest_annual_report_date"",""reporting_currency_method"":""latest_annual_anchor_concepts"",""source_cutoff_date"":""2026-09-05"",""trading_currency_used_as_reporting_fallback"":false}",basic_materials_financial_data_policy_v1,a88c009b8c88e0cd93f4420036dd69a8b9ce9decb8400f983a4fac7624bb22e9
current:USLM,current_universe,USLM,0000082020,"United States Lime & Minerals, Inc.",United States,USD,2026-09-05,2026-09-05,UNITED STATES LIME & MINERALS INC,10-K,domestic_sec,US_GAAP,us-gaap,12-31,USD,latest_annual_anchor_concepts,quarterly,10-Q,0001104659-26-088668,2026-07-30T20:05:52Z,0001104659-26-020480,2026-02-26T21:06:09Z,2026-07-30T20:05:52Z,0,0,sec_submissions,sec_companyfacts,https://data.sec.gov/submissions/CIK0000082020.json,https://data.sec.gov/api/xbrl/companyfacts/CIK0000082020.json,5cfb29dbfa647eb1c443dd1ab47597c34332a32393b4a64d32ec7192d2f11520,65592e5d2682e68278f1e16da43842aae972d60371e805239b3ecae024c06270,ready_for_ingestion,,1.00,0,fact_source_reported,"{""availability_boundary"":""sec_acceptance_timestamp"",""companyfacts_accession_count"":61,""fiscal_year_end_method"":""submissions_entity_metadata"",""reporting_currency_method"":""latest_annual_anchor_concepts"",""source_cutoff_date"":""2026-09-05"",""trading_currency_used_as_reporting_fallback"":false}",basic_materials_financial_data_policy_v1,9f04482cfba2178d97297c7e77d8c97879245443f872111b7255d27f1897c49d
current:VMC,current_universe,VMC,0001396009,Vulcan Materials Company,United States,USD,2026-09-05,2026-09-05,Vulcan Materials CO,10-K,domestic_sec,US_GAAP,us-gaap,12-31,USD,latest_annual_anchor_concepts,quarterly,10-Q,0001628280-26-050486,2026-07-29T17:19:21Z,0001628280-26-009546,2026-02-19T16:58:02Z,2026-04-29T19:27:04Z,91,0,sec_submissions,sec_companyfacts,https://data.sec.gov/submissions/CIK0001396009.json,https://data.sec.gov/api/xbrl/companyfacts/CIK0001396009.json,5aca8d77031b958ecfef5a28f93d30056e130985d40cc231d4d79b8c29b6e029,de76d44410d152213a10eacbbe63ef8cd32c330665614a88fe25ce432e1d4d01,ready_for_ingestion,,1.00,0,fact_source_reported,"{""availability_boundary"":""sec_acceptance_timestamp"",""companyfacts_accession_count"":44,""fiscal_year_end_method"":""submissions_entity_metadata"",""reporting_currency_method"":""latest_annual_anchor_concepts"",""source_cutoff_date"":""2026-09-05"",""trading_currency_used_as_reporting_fallback"":false}",basic_materials_financial_data_policy_v1,a16d132d0cef005b3426b567f9714a82c735654567af7f9e4253019ca2ce9050
current:VMET,current_universe,VMET,0002080073,Versamet Royalties Corporation,Canada,USD,2026-09-05,2026-09-05,Versamet Royalties Corp,20-F,foreign_private_issuer,UNKNOWN,unknown,12-31,,unresolved,annual_or_interim_6k,20-F,0001104659-26-052847,2026-04-30T20:00:52Z,0001104659-26-052847,2026-04-30T20:00:52Z,,,1,sec_submissions,sec_companyfacts,https://data.sec.gov/submissions/CIK0002080073.json,https://data.sec.gov/api/xbrl/companyfacts/CIK0002080073.json,1af63746c348bd31631c9e0161228418cace016e4a028f15b0cfac812f201721,f037a73468842ea23cdf7ec78c1d818105b263c38bd7ed4bbe9a0040ceb2b23b,taxonomy_review_required,accounting_taxonomy_unresolved;reporting_currency_unresolved;companyfacts_fallback_required,0.60,0,fact_source_reported,"{""availability_boundary"":""sec_acceptance_timestamp"",""companyfacts_accession_count"":0,""fiscal_year_end_method"":""submissions_entity_metadata"",""reporting_currency_method"":""unresolved"",""source_cutoff_date"":""2026-09-05"",""trading_currency_used_as_reporting_fallback"":false}",basic_materials_financial_data_policy_v1,1d0c1b767eef3486623177e7fba4489c12cf14b78f464092093c86c568fc166e
current:VOXR,current_universe,VOXR,0001907909,Vox Royalty Corp.,United States,USD,2026-09-05,2026-09-05,VOX ROYALTY CORP.,40-F,canadian_mjds,IFRS,ifrs-full,12-31,USD,latest_annual_anchor_concepts,annual_or_interim_6k,40-F,0001654954-26-002978,2026-03-30T21:39:10Z,0001654954-26-002978,2026-03-30T21:39:10Z,2026-03-30T21:39:10Z,0,0,sec_submissions,sec_companyfacts,https://data.sec.gov/submissions/CIK0001907909.json,https://data.sec.gov/api/xbrl/companyfacts/CIK0001907909.json,24e326f07f9543aea0972fc56e21d64f1d2a61f5a1f8a5836b545ed90cb1b6ff,326f9f0f8a07134141074ac9cf172218b6bc6fdc66bce33a64431f867e7f1c94,ready_for_ingestion,,1.00,0,fact_source_reported,"{""availability_boundary"":""sec_acceptance_timestamp"",""companyfacts_accession_count"":5,""fiscal_year_end_method"":""submissions_entity_metadata"",""reporting_currency_method"":""latest_annual_anchor_concepts"",""source_cutoff_date"":""2026-09-05"",""trading_currency_used_as_reporting_fallback"":false}",basic_materials_financial_data_policy_v1,0f0feab4e97d70dd41713a34790cef2fba5d11e91e804279916157f210a8acc5
current:WDFC,current_universe,WDFC,0000105132,WD-40 Company,United States,USD,2026-09-05,2026-09-05,WD 40 CO,10-K,domestic_sec,US_GAAP,us-gaap,08-31,USD,latest_annual_anchor_concepts,quarterly,10-Q,0000105132-26-000061,2026-07-09T20:16:37Z,0000105132-25-000067,2025-10-27T20:12:49Z,2026-07-09T20:16:37Z,0,0,sec_submissions,sec_companyfacts,https://data.sec.gov/submissions/CIK0000105132.json,https://data.sec.gov/api/xbrl/companyfacts/CIK0000105132.json,486990c118aefc25dd7cda2a8981b65b8aac90047a052a593ed09e03616f3eca,fd6d09174aefda792a3bb40370e26c7671e7b239d92ae39c45e6964249107e71,ready_for_ingestion,,1.00,0,fact_source_reported,"{""availability_boundary"":""sec_acceptance_timestamp"",""companyfacts_accession_count"":59,""fiscal_year_end_method"":""submissions_entity_metadata"",""reporting_currency_method"":""latest_annual_anchor_concepts"",""source_cutoff_date"":""2026-09-05"",""trading_currency_used_as_reporting_fallback"":false}",basic_materials_financial_data_policy_v1,b2787bc85ab62d0271ab8d9302bbc9f2f2ec4894ea03c2f6fa49a0d4b07a9973
current:WLK,current_universe,WLK,0001262823,Westlake Corporation,United States,USD,2026-09-05,2026-09-05,WESTLAKE CORP,10-K,domestic_sec,US_GAAP,us-gaap,12-31,USD,latest_annual_anchor_concepts,quarterly,10-Q,0001262823-26-000032,2026-08-05T18:27:54Z,0001262823-26-000016,2026-02-26T18:39:26Z,2026-08-05T18:27:54Z,0,0,sec_submissions,sec_companyfacts,https://data.sec.gov/submissions/CIK0001262823.json,https://data.sec.gov/api/xbrl/companyfacts/CIK0001262823.json,5ac6b219de15d79751391077e23aceced530e4075e134c477890e995a08926b8,cea7c11dfd3af2f332304a11e723d95447af9482ca953a1a21ea51067df2997b,ready_for_ingestion,,1.00,0,fact_source_reported,"{""availability_boundary"":""sec_acceptance_timestamp"",""companyfacts_accession_count"":47,""fiscal_year_end_method"":""submissions_entity_metadata"",""reporting_currency_method"":""latest_annual_anchor_concepts"",""source_cutoff_date"":""2026-09-05"",""trading_currency_used_as_reporting_fallback"":false}",basic_materials_financial_data_policy_v1,0ec5f55bbb9aa0cdbf6360a71d68572c4296ce62d6d1c8ddb021e866932a881a
current:WLKP,current_universe,WLKP,0001604665,Westlake Chemical Partners LP,United States,USD,2026-09-05,2026-09-05,Westlake Chemical Partners LP,10-K,domestic_sec,US_GAAP,us-gaap,12-31,USD,latest_annual_anchor_concepts,quarterly,10-Q,0001604665-26-000027,2026-08-05T18:27:54Z,0001604665-26-000010,2026-03-04T18:01:38Z,2026-08-05T18:27:54Z,0,0,sec_submissions,sec_companyfacts,https://data.sec.gov/submissions/CIK0001604665.json,https://data.sec.gov/api/xbrl/companyfacts/CIK0001604665.json,d6e8dd01ff409f62cefa64d6938c22c2cebd8af6322fc5343e4267fda57824cd,78c7a3751e33312866cccbde501f00c1f4d30975d18a5022dba541672728424a,ready_for_ingestion,,1.00,0,fact_source_reported,"{""availability_boundary"":""sec_acceptance_timestamp"",""companyfacts_accession_count"":49,""fiscal_year_end_method"":""submissions_entity_metadata"",""reporting_currency_method"":""latest_annual_anchor_concepts"",""source_cutoff_date"":""2026-09-05"",""trading_currency_used_as_reporting_fallback"":false}",basic_materials_financial_data_policy_v1,706fdabc6e72d489e962c7c109d8af7d37e84e27cc9ac6e0726c6ca22cca3e11
current:WPM,current_universe,WPM,0001323404,Wheaton Precious Metals Corp.,Canada,USD,2026-09-05,2026-09-05,Wheaton Precious Metals Corp.,40-F,canadian_mjds,IFRS,ifrs-full,12-31,USD,latest_annual_anchor_concepts,annual_or_interim_6k,40-F,0001193125-26-134908,2026-03-31T21:08:15Z,0001193125-26-134908,2026-03-31T21:08:15Z,2026-03-31T21:08:15Z,0,0,sec_submissions,sec_companyfacts,https://data.sec.gov/submissions/CIK0001323404.json,https://data.sec.gov/api/xbrl/companyfacts/CIK0001323404.json,264accd945eec99eee1ea53f523602dad5e1f07cedbfd1b36618adef201fe46a,e7cb5720769933380e9290105e15c910b5c4e059446147bc79f4f5684c7a2ba3,ready_for_ingestion,,1.00,0,fact_source_reported,"{""availability_boundary"":""sec_acceptance_timestamp"",""companyfacts_accession_count"":17,""fiscal_year_end_method"":""submissions_entity_metadata"",""reporting_currency_method"":""latest_annual_anchor_concepts"",""source_cutoff_date"":""2026-09-05"",""trading_currency_used_as_reporting_fallback"":false}",basic_materials_financial_data_policy_v1,8ec41ffb546ef6245d279d95eea8cc5eea7f4ffccdb23da19c048cdce7435368
current:WS,current_universe,WS,0001968487,"Worthington Steel, Inc.",United States,USD,2026-09-05,2026-09-05,"Worthington Steel, Inc.",10-K,domestic_sec,US_GAAP,us-gaap,05-31,USD,latest_annual_anchor_concepts,quarterly,10-K,0001968487-26-000026,2026-07-30T20:15:52Z,0001968487-26-000026,2026-07-30T20:15:52Z,2026-08-14T20:11:02Z,-15,0,sec_submissions,sec_companyfacts,https://data.sec.gov/submissions/CIK0001968487.json,https://data.sec.gov/api/xbrl/companyfacts/CIK0001968487.json,7f0095afb9ec3ecf7495ec42010f3a4759a910eef8ba3e74447365d553dff4c2,1e556fefb28105b3df71a50bb86d4a3e99f34020861716e149fbe5dde54686aa,ready_for_ingestion,,1.00,0,fact_source_reported,"{""availability_boundary"":""sec_acceptance_timestamp"",""companyfacts_accession_count"":12,""fiscal_year_end_method"":""submissions_entity_metadata"",""reporting_currency_method"":""latest_annual_anchor_concepts"",""source_cutoff_date"":""2026-09-05"",""trading_currency_used_as_reporting_fallback"":false}",basic_materials_financial_data_policy_v1,b2432c2eac8ce7df3da837d9395f8626e6693f26d007ee5f11b38244492cca21
historical:AGU,historical_pilot,AGU,0000943003,Agrium Inc,Canada,USD,2026-09-05,2017-12-29,AGRIUM INC,40-F,canadian_mjds,UNKNOWN,unknown,12-31,,unresolved,annual_or_interim_6k,40-F,0001193125-17-067096,2017-03-02T12:41:15Z,0001193125-17-067096,2017-03-02T12:41:15Z,,,1,sec_submissions,sec_companyfacts,https://data.sec.gov/submissions/CIK0000943003.json,https://data.sec.gov/api/xbrl/companyfacts/CIK0000943003.json,54d8ed25cc901f46afaee039d179d415838c1ed3713a92a16292caf92926548b,1790ce5feb589dec22b8bf954ba3871592eab3f46e71ad9ff6bc8b7461d9cfc9,taxonomy_review_required,accounting_taxonomy_unresolved;reporting_currency_unresolved;companyfacts_fallback_required,0.60,0,fact_source_reported,"{""availability_boundary"":""sec_acceptance_timestamp"",""companyfacts_accession_count"":0,""fiscal_year_end_method"":""submissions_entity_metadata"",""reporting_currency_method"":""unresolved"",""source_cutoff_date"":""2017-12-29"",""trading_currency_used_as_reporting_fallback"":false}",basic_materials_financial_data_policy_v1,5606d61a268c3a1d8127d813d70f7c82fd0f7db39cdffbfbde9634955a3f9ec7
historical:ALTM,historical_pilot,ALTM,0001977303,Arcadium Lithium PLC,Jersey,USD,2026-09-05,2025-03-05,Arcadium Lithium plc,10-K,domestic_sec,US_GAAP,us-gaap,12-31,USD,latest_annual_anchor_concepts,quarterly,10-K,0001977303-25-000006,2025-02-27T16:22:17Z,0001977303-25-000006,2025-02-27T16:22:17Z,2025-02-27T16:22:17Z,0,0,sec_submissions,sec_companyfacts,https://data.sec.gov/submissions/CIK0001977303.json,https://data.sec.gov/api/xbrl/companyfacts/CIK0001977303.json,8007a23788a9c40712bb999e29fe5a6110a1e43914d37a5540c85106b56b46fb,b49edc7eb49d953f78e1e0750c6caa16a0f06a2090f205021391ec5064338419,ready_for_ingestion,,1.00,0,fact_source_reported,"{""availability_boundary"":""sec_acceptance_timestamp"",""companyfacts_accession_count"":5,""fiscal_year_end_method"":""submissions_entity_metadata"",""reporting_currency_method"":""latest_annual_anchor_concepts"",""source_cutoff_date"":""2025-03-05"",""trading_currency_used_as_reporting_fallback"":false}",basic_materials_financial_data_policy_v1,3572fb42316dfc562d9e6f47c3c4efc3555e9ab5f2340de388ff4bb4d7d29313
historical:ANV,historical_pilot,ANV,0001376610,Allied Nevada Gold Corp,United States,USD,2026-09-05,2015-10-21,Hycroft Mining Corp,10-K,domestic_sec,US_GAAP,us-gaap,12-31,USD,eligible_companyfacts_plurality,quarterly,10-Q,0001376610-15-000013,2015-08-06T20:19:28Z,0001376610-15-000006,2015-04-23T16:35:44Z,2015-08-06T20:19:28Z,0,0,sec_submissions,sec_companyfacts,https://data.sec.gov/submissions/CIK0001376610.json,https://data.sec.gov/api/xbrl/companyfacts/CIK0001376610.json,8fda0137913522dc7f21f1f1ef82d5ace1066cb7ea4dc6d6b8f2674ba1d1a3a2,723251295e86a0a4fe6ff6443713e240dac49ccf8960cade43a4edb169360719,ready_for_ingestion,,1.00,0,fact_source_reported,"{""availability_boundary"":""sec_acceptance_timestamp"",""companyfacts_accession_count"":20,""fiscal_year_end_method"":""submissions_entity_metadata"",""reporting_currency_method"":""eligible_companyfacts_plurality"",""source_cutoff_date"":""2015-10-21"",""trading_currency_used_as_reporting_fallback"":false}",basic_materials_financial_data_policy_v1,82cd8bdbfb8b79547abf61976a0ce6a748c5aa4905146e8df7260e1e8c62dce6
historical:AXLL,historical_pilot,AXLL,0000805264,Axiall Corp,United States,USD,2026-09-05,2016-08-30,AXIALL CORP/DE/,10-K,domestic_sec,US_GAAP,us-gaap,12-31,USD,eligible_companyfacts_plurality,quarterly,10-Q,0001193125-16-675481,2016-08-08T18:53:57Z,0001193125-16-564189,2016-04-28T17:13:06Z,2016-08-29T20:29:30Z,-21,0,sec_submissions,sec_companyfacts,https://data.sec.gov/submissions/CIK0000805264.json,https://data.sec.gov/api/xbrl/companyfacts/CIK0000805264.json,c4e0c74756d5bcb3a6229efa060a2444e3b831288c44f092859f1b5d974d6e04,caea8ae1fd13a55d3cdf93aaf860d6125385bd88d962a84742e612227c4aa367,ready_for_ingestion,,1.00,0,fact_source_reported,"{""availability_boundary"":""sec_acceptance_timestamp"",""companyfacts_accession_count"":22,""fiscal_year_end_method"":""submissions_entity_metadata"",""reporting_currency_method"":""eligible_companyfacts_plurality"",""source_cutoff_date"":""2016-08-30"",""trading_currency_used_as_reporting_fallback"":false}",basic_materials_financial_data_policy_v1,896b7e9236568dbe89d0051cd914d6ad961acd5e55739ad72bd22b4df5ea401c
historical:BIOA,historical_pilot,BIOA,0001534287,BioAmber Inc,Canada,USD,2026-09-05,2019-11-21,BioAmber Inc.,10-K,domestic_sec,US_GAAP,us-gaap,12-31,USD,eligible_companyfacts_plurality,quarterly,10-K/A,0001193125-18-143689,2018-04-30T17:11:57Z,0001193125-18-143689,2018-04-30T17:11:57Z,2018-03-29T19:44:58Z,32,0,sec_submissions,sec_companyfacts,https://data.sec.gov/submissions/CIK0001534287.json,https://data.sec.gov/api/xbrl/companyfacts/CIK0001534287.json,87b035113eb09d0621d91d6f4966124ddd65471de8137426b1bd28b524b0cf45,1755056abb74085f2264e1709b82238341667140c8d55b68b51bf6eb3d170f14,ready_for_ingestion,,1.00,0,fact_source_reported,"{""availability_boundary"":""sec_acceptance_timestamp"",""companyfacts_accession_count"":20,""fiscal_year_end_method"":""submissions_entity_metadata"",""reporting_currency_method"":""eligible_companyfacts_plurality"",""source_cutoff_date"":""2019-11-21"",""trading_currency_used_as_reporting_fallback"":false}",basic_materials_financial_data_policy_v1,3cc6c0fdc40fd1443ecf692bf9e21b2dff55f399c68286fbd810b79642c71c3e
historical:GATO,historical_pilot,GATO,0001517006,Gatos Silver Inc,United States,USD,2026-09-05,2025-01-15,"Gatos Silver, Inc.",10-K,domestic_sec,US_GAAP,us-gaap,12-31,USD,latest_annual_anchor_concepts,quarterly,10-Q,0001628280-24-046787,2024-11-12T06:04:05Z,0001628280-24-020639,2024-05-06T16:19:05Z,2024-11-12T06:04:05Z,0,0,sec_submissions,sec_companyfacts,https://data.sec.gov/submissions/CIK0001517006.json,https://data.sec.gov/api/xbrl/companyfacts/CIK0001517006.json,57b9ae54fc6341c63f062a7139bd80e7b54dd2a856dca58ecbdcf225f5b9d50e,8a125d90b6154c4e07e52a263c76405b08a21d2f204c248da30a737119df2f69,ready_for_ingestion,,1.00,0,fact_source_reported,"{""availability_boundary"":""sec_acceptance_timestamp"",""companyfacts_accession_count"":24,""fiscal_year_end_method"":""submissions_entity_metadata"",""reporting_currency_method"":""latest_annual_anchor_concepts"",""source_cutoff_date"":""2025-01-15"",""trading_currency_used_as_reporting_fallback"":false}",basic_materials_financial_data_policy_v1,0ef1a9a7f120efd1ba577e37d259b7c6af73e4806651d554115815266b9a6e30
historical:GMO,historical_pilot,GMO,0001275229,General Moly Inc,United States,USD,2026-09-05,2021-07-06,"General Moly, Inc",10-K,domestic_sec,US_GAAP,us-gaap,12-31,USD,eligible_companyfacts_plurality,quarterly,10-Q,0001654954-20-009352,2020-08-19T15:22:53Z,0001104659-20-060194,2020-05-12T16:19:22Z,2020-08-19T15:22:53Z,0,0,sec_submissions,sec_companyfacts,https://data.sec.gov/submissions/CIK0001275229.json,https://data.sec.gov/api/xbrl/companyfacts/CIK0001275229.json,170add4859267e2d5eada1fb389e14841fabd9860018490b1e99a08658a6df05,b7250aadd4625e4bfb1c51baaa250d72912db5d9ebf9bf8b4ce81732c3135f1e,ready_for_ingestion,,1.00,0,fact_source_reported,"{""availability_boundary"":""sec_acceptance_timestamp"",""companyfacts_accession_count"":38,""fiscal_year_end_method"":""submissions_entity_metadata"",""reporting_currency_method"":""eligible_companyfacts_plurality"",""source_cutoff_date"":""2021-07-06"",""trading_currency_used_as_reporting_fallback"":false}",basic_materials_financial_data_policy_v1,433164d42a69afbd42646cebfe8b59fa605f1d8e89377706358cdb7baf9ba55d
historical:GOLD,historical_pilot,GOLD,0001175580,Randgold Resources Ltd ADR,Jersey,USD,2026-09-05,2018-12-28,RANDGOLD RESOURCES LTD,20-F,foreign_private_issuer,IFRS,ifrs-full,12-31,USD,latest_annual_anchor_concepts,annual_or_interim_6k,20-F,0001144204-18-017952,2018-03-29T16:17:38Z,0001144204-18-017952,2018-03-29T16:17:38Z,2018-03-29T16:17:38Z,0,0,sec_submissions,sec_companyfacts,https://data.sec.gov/submissions/CIK0001175580.json,https://data.sec.gov/api/xbrl/companyfacts/CIK0001175580.json,0dd8442496650fa87ca41e35be3902a1879b5ac9dfb4ea7e5f86a517a1223266,4f49509759c01e7fb9c88eed233c2b4d5819267340552babaa66f8d1e15d3dc8,ready_for_ingestion,,1.00,0,fact_source_reported,"{""availability_boundary"":""sec_acceptance_timestamp"",""companyfacts_accession_count"":1,""fiscal_year_end_method"":""submissions_entity_metadata"",""reporting_currency_method"":""latest_annual_anchor_concepts"",""source_cutoff_date"":""2018-12-28"",""trading_currency_used_as_reporting_fallback"":false}",basic_materials_financial_data_policy_v1,e85cca1cf021a0a5d0728ade79304e67a613bb65246b8a58a30c7166f24a77fa
historical:HAYN,historical_pilot,HAYN,0000858655,Haynes International Inc,United States,USD,2026-09-05,2024-11-20,HAYNES INTERNATIONAL INC,10-K,domestic_sec,US_GAAP,us-gaap,09-30,USD,latest_annual_anchor_concepts,quarterly,10-Q,0001558370-24-010597,2024-08-01T16:07:30Z,0001558370-23-019161,2023-11-16T16:05:57Z,2024-08-01T16:07:30Z,0,0,sec_submissions,sec_companyfacts,https://data.sec.gov/submissions/CIK0000858655.json,https://data.sec.gov/api/xbrl/companyfacts/CIK0000858655.json,59ccf337c50fa8e00f510cab3e4df9626d939094aada042d1ba593e20fecfa82,ac65f0984fb00a43fa7a7a8d90a9eede2e26ab06b92607adc9608d039ee285f7,ready_for_ingestion,,1.00,0,fact_source_reported,"{""availability_boundary"":""sec_acceptance_timestamp"",""companyfacts_accession_count"":53,""fiscal_year_end_method"":""submissions_entity_metadata"",""reporting_currency_method"":""latest_annual_anchor_concepts"",""source_cutoff_date"":""2024-11-20"",""trading_currency_used_as_reporting_fallback"":false}",basic_materials_financial_data_policy_v1,cc246b63d4fde2c00bba17abb35b2eefa6202debb324f78370bb8d97f68ff916
historical:MCP,historical_pilot,MCP,0001489137,Molycorp Inc,United States,USD,2026-09-05,2016-08-31,"Molycorp, Inc.",10-K,domestic_sec,US_GAAP,us-gaap,12-31,USD,eligible_companyfacts_plurality,quarterly,10-Q,0001489137-15-000065,2015-08-17T16:33:33Z,0001489137-15-000024,2015-04-30T16:36:58Z,2015-08-17T16:33:33Z,0,0,sec_submissions,sec_companyfacts,https://data.sec.gov/submissions/CIK0001489137.json,https://data.sec.gov/api/xbrl/companyfacts/CIK0001489137.json,523554d98f4d945c5ab2db66c4cf32121e47568187eddbe5f5f0d326ba5f669c,ee8cbf45e2ee1b530098294881b32b328dc476d20165fef07a729d23ad63bf20,ready_for_ingestion,,1.00,0,fact_source_reported,"{""availability_boundary"":""sec_acceptance_timestamp"",""companyfacts_accession_count"":20,""fiscal_year_end_method"":""submissions_entity_metadata"",""reporting_currency_method"":""eligible_companyfacts_plurality"",""source_cutoff_date"":""2016-08-31"",""trading_currency_used_as_reporting_fallback"":false}",basic_materials_financial_data_policy_v1,ff6663f8eb316e07c6d48d460c858bef45b3b3c540c04d65e5ca38119e5709e4
historical:MMX,historical_pilot,MMX,0001773250,Maverix Metals Inc,Canada,USD,2026-09-05,2023-01-19,MAVERIX METALS INC.,40-F,canadian_mjds,IFRS,ifrs-full,12-31,USD,latest_annual_anchor_concepts,annual_or_interim_6k,40-F,0001104659-22-034202,2022-03-16T07:00:48Z,0001104659-22-034202,2022-03-16T07:00:48Z,2022-03-16T07:00:48Z,0,0,sec_submissions,sec_companyfacts,https://data.sec.gov/submissions/CIK0001773250.json,https://data.sec.gov/api/xbrl/companyfacts/CIK0001773250.json,07fa999fffbd203e54ab467709ab07dc3780ccf89c0be6c925d23d90706d6732,3746892540feb1a2e66d0d34f42fb052096468a80d09e0a03d826f13f66d7a37,ready_for_ingestion,,1.00,0,fact_source_reported,"{""availability_boundary"":""sec_acceptance_timestamp"",""companyfacts_accession_count"":3,""fiscal_year_end_method"":""submissions_entity_metadata"",""reporting_currency_method"":""latest_annual_anchor_concepts"",""source_cutoff_date"":""2023-01-19"",""trading_currency_used_as_reporting_fallback"":false}",basic_materials_financial_data_policy_v1,d84b8ccac478a00c34a17a48ec8f65c85ad3c20ee38c6213e9d9d5b0d561362a
historical:MON,historical_pilot,MON,0001110783,Monsanto Co,United States,USD,2026-09-05,2018-06-06,MONSANTO CO /NEW/,10-K,domestic_sec,US_GAAP,us-gaap,08-31,USD,latest_annual_anchor_concepts,quarterly,10-Q,0001110783-18-000050,2018-04-05T16:10:39Z,0001110783-17-000187,2017-10-27T14:29:39Z,2018-04-05T16:10:39Z,0,0,sec_submissions,sec_companyfacts,https://data.sec.gov/submissions/CIK0001110783.json,https://data.sec.gov/api/xbrl/companyfacts/CIK0001110783.json,2f568a1d6a5fa6782306486d87a7cc692ff6fc7aaa7f8dbdecba4cdbff57ffa0,ed2cbc96589d2706d86ebe96933a05c9928cea241454b963ebb6a6e6cc94a0a1,ready_for_ingestion,,1.00,0,fact_source_reported,"{""availability_boundary"":""sec_acceptance_timestamp"",""companyfacts_accession_count"":43,""fiscal_year_end_method"":""submissions_entity_metadata"",""reporting_currency_method"":""latest_annual_anchor_concepts"",""source_cutoff_date"":""2018-06-06"",""trading_currency_used_as_reporting_fallback"":false}",basic_materials_financial_data_policy_v1,46bd7896e0bab889b085ab774011975f27e0e0e3db2c92b4875e99b42edf22b8
historical:POT,historical_pilot,POT,0000855931,Potash Corporation of Saskatchewan Inc,Canada,USD,2026-09-05,2017-12-29,POTASH CORP OF SASKATCHEWAN INC,10-K,domestic_sec,UNKNOWN,unknown,12-31,,unresolved,quarterly,10-Q,0001193125-17-326594,2017-10-31T12:54:49Z,0001193125-17-055499,2017-02-24T10:58:42Z,,,0,sec_submissions,sec_companyfacts,https://data.sec.gov/submissions/CIK0000855931.json,https://data.sec.gov/api/xbrl/companyfacts/CIK0000855931.json,5355e2c3de33f04e502de3cc0d9d6e6c4756abfd4a2fbc75fe108c8c415a8f8f,66cc5f99ea9125a86d3ad5460713cd69ba4434e70b1b094718ac54a8e32ad91a,taxonomy_review_required,accounting_taxonomy_unresolved;reporting_currency_unresolved,0.60,0,fact_source_reported,"{""availability_boundary"":""sec_acceptance_timestamp"",""companyfacts_accession_count"":0,""fiscal_year_end_method"":""submissions_entity_metadata"",""reporting_currency_method"":""unresolved"",""source_cutoff_date"":""2017-12-29"",""trading_currency_used_as_reporting_fallback"":false}",basic_materials_financial_data_policy_v1,8a8689548b7cd94b86fc252439d1ec3a2c04ff527247dc4195ea89b49d04e387
historical:RDUS,historical_pilot,RDUS,0000912603,Radius Recycling Inc,United States,USD,2026-09-05,2025-07-10,"RADIUS RECYCLING, INC.",10-K,domestic_sec,US_GAAP,us-gaap,08-31,USD,latest_annual_anchor_concepts,quarterly,10-Q,0000950170-25-092082,2025-07-01T14:33:40Z,0000950170-24-117007,2024-10-24T15:06:54Z,2025-07-01T14:33:40Z,0,0,sec_submissions,sec_companyfacts,https://data.sec.gov/submissions/CIK0000912603.json,https://data.sec.gov/api/xbrl/companyfacts/CIK0000912603.json,44eb62dfd2d08525e33b97032ccb49100782130c2bc25829ce4daae39aaa463b,6b1f4259333272bdfce4315441cb4c00ce00b8d85f9799bc74d82020f7be1a57,ready_for_ingestion,,1.00,0,fact_source_reported,"{""availability_boundary"":""sec_acceptance_timestamp"",""companyfacts_accession_count"":59,""fiscal_year_end_method"":""submissions_entity_metadata"",""reporting_currency_method"":""latest_annual_anchor_concepts"",""source_cutoff_date"":""2025-07-10"",""trading_currency_used_as_reporting_fallback"":false}",basic_materials_financial_data_policy_v1,2abd766df23b07e86d557b8a63573ed97bdbcdf97f88ac117063410b171d637a
historical:SAND,historical_pilot,SAND,0001434614,Sandstorm Gold Ltd,Canada,USD,2026-09-05,2025-10-17,SANDSTORM GOLD LTD,40-F,canadian_mjds,IFRS,ifrs-full,12-31,USD,latest_annual_anchor_concepts,annual_or_interim_6k,40-F,0001628280-25-015698,2025-03-31T17:02:11Z,0001628280-25-015698,2025-03-31T17:02:11Z,2025-03-31T17:02:11Z,0,0,sec_submissions,sec_companyfacts,https://data.sec.gov/submissions/CIK0001434614.json,https://data.sec.gov/api/xbrl/companyfacts/CIK0001434614.json,8e3b021c08639b503b03b5a2fe997494ac6eb3fbf5cc881278999c351e3f7a65,9f9122d92f8f351c298126299846a9a1dc9234b8f7278a744d190f50c7b76cc1,ready_for_ingestion,,1.00,0,fact_source_reported,"{""availability_boundary"":""sec_acceptance_timestamp"",""companyfacts_accession_count"":14,""fiscal_year_end_method"":""latest_annual_report_date"",""reporting_currency_method"":""latest_annual_anchor_concepts"",""source_cutoff_date"":""2025-10-17"",""trading_currency_used_as_reporting_fallback"":false}",basic_materials_financial_data_policy_v1,131482ce7f6b57a64dd8620ecee50b8eee3da3ad0e6514f75105739149072cfa
historical:SUM,historical_pilot,SUM,0001621563,Summit Materials Inc,United States,USD,2026-09-05,2025-02-10,"Summit Materials, Inc.",10-K,domestic_sec,US_GAAP,us-gaap,12-31,USD,latest_annual_anchor_concepts,quarterly,10-Q,0001628280-24-044485,2024-10-31T12:34:54Z,0001628280-24-004995,2024-02-15T13:02:41Z,2024-10-31T12:34:54Z,0,0,sec_submissions,sec_companyfacts,https://data.sec.gov/submissions/CIK0001621563.json,https://data.sec.gov/api/xbrl/companyfacts/CIK0001621563.json,6041deb50268f9755f0234fbbc43ee89aca1ca17531e8be277093cf85bf3ac56,f32a0ca79a539c40ba11baf67c71cb006f130d56ca99f2546696a07d246913bf,ready_for_ingestion,,1.00,0,fact_source_reported,"{""availability_boundary"":""sec_acceptance_timestamp"",""companyfacts_accession_count"":40,""fiscal_year_end_method"":""submissions_entity_metadata"",""reporting_currency_method"":""latest_annual_anchor_concepts"",""source_cutoff_date"":""2025-02-10"",""trading_currency_used_as_reporting_fallback"":false}",basic_materials_financial_data_policy_v1,3ae0279353531cc87f36735ca4efd231f1689313aeb8fea47f7cbef2875ddde3
historical:USCR,historical_pilot,USCR,0001073429,US Concrete Inc,United States,USD,2026-09-05,2021-08-25,"U.S. CONCRETE, INC.",10-K,domestic_sec,US_GAAP,us-gaap,12-31,USD,latest_annual_anchor_concepts,quarterly,10-Q,0001073429-21-000227,2021-08-05T12:50:59Z,0001073429-21-000055,2021-02-24T13:53:32Z,2021-08-05T12:50:59Z,0,0,sec_submissions,sec_companyfacts,https://data.sec.gov/submissions/CIK0001073429.json,https://data.sec.gov/api/xbrl/companyfacts/CIK0001073429.json,f80af7cd996ad7aa72dcae7a1d85ce94c67802a568d19f119c2a911ac31e9753,4380c5b614ac244f245ffee39c59e17db61d90dbcd8af0e133d3c0879c3d1cb5,ready_for_ingestion,,1.00,0,fact_source_reported,"{""availability_boundary"":""sec_acceptance_timestamp"",""companyfacts_accession_count"":42,""fiscal_year_end_method"":""submissions_entity_metadata"",""reporting_currency_method"":""latest_annual_anchor_concepts"",""source_cutoff_date"":""2021-08-25"",""trading_currency_used_as_reporting_fallback"":false}",basic_materials_financial_data_policy_v1,67c33749bd1aa5e24b99491ae28b18c61a7d63728f265d208ed4fc512894f4c4
historical:VAL,historical_pilot,VAL,0000102741,Valspar Corp,United States,USD,2026-09-05,2017-05-31,VALSPAR CORP,10-K,domestic_sec,US_GAAP,us-gaap,10-30,USD,latest_annual_anchor_concepts,quarterly,10-Q,0000102741-17-000005,2017-05-31T10:08:22Z,0000102741-16-000024,2016-12-20T16:10:46Z,2017-05-31T10:08:22Z,0,0,sec_submissions,sec_companyfacts,https://data.sec.gov/submissions/CIK0000102741.json,https://data.sec.gov/api/xbrl/companyfacts/CIK0000102741.json,cadbfdb7340e3a4f97e2f4cdbef5753f4beab4f02a0166430ee9946cfc816ccb,a537652d38f431aee0036b4bf233f90e96edca1c22f1dfdaf9b124b5910ab0ff,ready_for_ingestion,,1.00,0,fact_source_reported,"{""availability_boundary"":""sec_acceptance_timestamp"",""companyfacts_accession_count"":28,""fiscal_year_end_method"":""submissions_entity_metadata"",""reporting_currency_method"":""latest_annual_anchor_concepts"",""source_cutoff_date"":""2017-05-31"",""trading_currency_used_as_reporting_fallback"":false}",basic_materials_financial_data_policy_v1,f99d29cf4ed6bc3dd372612255e0b11832f33a3ca222e16d283a7765803131c1
historical:X,historical_pilot,X,0001163302,United States Steel Corp,United States,USD,2026-09-05,2025-06-17,UNITED STATES STEEL CORP,10-K,domestic_sec,US_GAAP,us-gaap,12-31,USD,latest_annual_anchor_concepts,quarterly,10-Q,0001163302-25-000030,2025-05-02T11:56:15Z,0001163302-25-000018,2025-01-31T12:17:51Z,2025-05-02T11:56:15Z,0,0,sec_submissions,sec_companyfacts,https://data.sec.gov/submissions/CIK0001163302.json,https://data.sec.gov/api/xbrl/companyfacts/CIK0001163302.json,cda8b05c2c2ae9ce84936bbfaabe66655c21096df43933cac78369793e53b428,fed4c2e5bcdf08ec09531fc3f5324f2717a5d80cf6dbfecf2332524f427ae042,ready_for_ingestion,,1.00,0,fact_source_reported,"{""availability_boundary"":""sec_acceptance_timestamp"",""companyfacts_accession_count"":64,""fiscal_year_end_method"":""submissions_entity_metadata"",""reporting_currency_method"":""latest_annual_anchor_concepts"",""source_cutoff_date"":""2025-06-17"",""trading_currency_used_as_reporting_fallback"":false}",basic_materials_financial_data_policy_v1,bd13e676369177b26fd136decf04f602a42253db22f8db8703e1dd1bd508577a
historical:ZEUS,historical_pilot,ZEUS,0000917470,Olympic Steel Inc,United States,USD,2026-09-05,2026-02-12,OLYMPIC STEEL INC,10-K,domestic_sec,US_GAAP,us-gaap,12-31,USD,latest_annual_anchor_concepts,quarterly,10-Q,0001437749-25-032420,2025-10-30T20:06:32Z,0001437749-25-004742,2025-02-21T21:05:39Z,2025-10-30T20:06:32Z,0,0,sec_submissions,sec_companyfacts,https://data.sec.gov/submissions/CIK0000917470.json,https://data.sec.gov/api/xbrl/companyfacts/CIK0000917470.json,883b120a95036f6c71f28e2d51f7f7dfca842ef79631ebb2c1455936abf5467e,9bc2e3f529ebae5bee73bb34d3b7487d39dcf61af402e03b87ff428c265a45fa,ready_for_ingestion,,1.00,0,fact_source_reported,"{""availability_boundary"":""sec_acceptance_timestamp"",""companyfacts_accession_count"":58,""fiscal_year_end_method"":""submissions_entity_metadata"",""reporting_currency_method"":""latest_annual_anchor_concepts"",""source_cutoff_date"":""2026-02-12"",""trading_currency_used_as_reporting_fallback"":false}",basic_materials_financial_data_policy_v1,d74277763a472eb4942b4365506cc6c454a4c17d62dd1be18353f833c05552f8
