Ticker,CIK,CompanyName,Exchange,sector,industry,industry_aggregate,SecurityType,IsPrimaryListing,ListingStatus,Country,Currency,ManualInclude,ManualExclude,ManualReview,Notes,IdentityDataSources,MissingIdentityFields
ABBV,0001551152,AbbVie Inc.,NYSE,Healthcare,Drug Manufacturers - General,Healthcare: Biopharma & Research Tools,Common Stock,True,active,United States,USD,,,,,explicit_identity_fallback;nasdaqtrader:otherlisted,
ABCL,0001703057,AbCellera Biologics Inc.,Nasdaq,Healthcare,Biotechnology,Healthcare: Biopharma & Research Tools,Common Stock,True,active,United States,USD,,,,,explicit_identity_fallback;nasdaqtrader:nasdaqlisted,
ABSI,0001672688,Absci Corp,Nasdaq,Healthcare,Biotechnology,Healthcare: Biopharma & Research Tools,Common Stock,True,active,United States,USD,,,,,explicit_identity_fallback;nasdaqtrader:nasdaqlisted,
ABT,0000001800,ABBOTT LABORATORIES,NYSE,Healthcare,Medical Devices,"Healthcare: Providers, Plans, MedTech & Distribution",Common Stock,True,active,United States,USD,,,,,explicit_identity_fallback;nasdaqtrader:otherlisted,
ABUS,0001447028,Arbutus Biopharma Corp,Nasdaq,Healthcare,Biotechnology,Healthcare: Biopharma & Research Tools,Common Stock,True,active,United States,USD,,,,,explicit_identity_fallback;nasdaqtrader:nasdaqlisted,
ACAD,0001070494,ACADIA PHARMACEUTICALS INC,Nasdaq,Healthcare,Biotechnology,Healthcare: Biopharma & Research Tools,Common Stock,True,active,United States,USD,,,,,explicit_identity_fallback;nasdaqtrader:nasdaqlisted,
ACRV,0001781174,"Acrivon Therapeutics, Inc.",Nasdaq,Healthcare,Biotechnology,Healthcare: Biopharma & Research Tools,Common Stock,True,active,United States,USD,,,,,explicit_identity_fallback;nasdaqtrader:nasdaqlisted,
ADAG,0001818838,Adagene Inc.,Nasdaq,Healthcare,Biotechnology,Healthcare: Biopharma & Research Tools,ADR/ADS,True,active,United States,USD,,,,,explicit_identity_fallback;nasdaqtrader:nasdaqlisted,
ADCT,0001771910,ADC Therapeutics SA,NYSE,Healthcare,Biotechnology,Healthcare: Biopharma & Research Tools,Common Stock,True,active,United States,USD,,,,,explicit_identity_fallback;nasdaqtrader:otherlisted,
ADMA,0001368514,"ADMA BIOLOGICS, INC.",Nasdaq,Healthcare,Biotechnology,Healthcare: Biopharma & Research Tools,Common Stock,True,active,United States,USD,,,,,explicit_identity_fallback;nasdaqtrader:nasdaqlisted,
AGIO,0001439222,"AGIOS PHARMACEUTICALS, INC.",Nasdaq,Healthcare,Biotechnology,Healthcare: Biopharma & Research Tools,Common Stock,True,active,United States,USD,,,,,explicit_identity_fallback;nasdaqtrader:nasdaqlisted,
ALDX,0001341235,"Aldeyra Therapeutics, Inc.",Nasdaq,Healthcare,Biotechnology,Healthcare: Biopharma & Research Tools,Common Stock,True,active,United States,USD,,,,,explicit_identity_fallback;nasdaqtrader:nasdaqlisted,
ALEC,0001653087,"Alector, Inc.",Nasdaq,Healthcare,Biotechnology,Healthcare: Biopharma & Research Tools,Common Stock,True,active,United States,USD,,,,,explicit_identity_fallback;nasdaqtrader:nasdaqlisted,
ALKS,0001520262,Alkermes plc.,Nasdaq,Healthcare,Drug Manufacturers - Specialty & Generic,Healthcare: Biopharma & Research Tools,Ordinary Shares,True,active,United States,USD,,,,,explicit_identity_fallback;nasdaqtrader:nasdaqlisted,
ALLO,0001737287,"Allogene Therapeutics, Inc.",Nasdaq,Healthcare,Biotechnology,Healthcare: Biopharma & Research Tools,Common Stock,True,active,United States,USD,,,,,explicit_identity_fallback;nasdaqtrader:nasdaqlisted,
ALLR,0001860657,"Allarity Therapeutics, Inc.",Nasdaq,Healthcare,Biotechnology,Healthcare: Biopharma & Research Tools,Common Stock,True,active,United States,USD,,,,,explicit_identity_fallback;nasdaqtrader:nasdaqlisted,
ALNY,0001178670,"ALNYLAM PHARMACEUTICALS, INC.",Nasdaq,Healthcare,Biotechnology,Healthcare: Biopharma & Research Tools,Common Stock,True,active,United States,USD,,,,,explicit_identity_fallback;nasdaqtrader:nasdaqlisted,
ALT,0001326190,"Altimmune, Inc.",Nasdaq,Healthcare,Biotechnology,Healthcare: Biopharma & Research Tools,Common Stock,True,active,United States,USD,,,,,explicit_identity_fallback;nasdaqtrader:nasdaqlisted,
AMGN,0000318154,AMGEN INC,Nasdaq,Healthcare,Drug Manufacturers - General,Healthcare: Biopharma & Research Tools,Common Stock,True,active,United States,USD,,,,,explicit_identity_fallback;nasdaqtrader:nasdaqlisted,
AMLX,0001658551,"Amylyx Pharmaceuticals, Inc.",Nasdaq,Healthcare,Drug Manufacturers - Specialty & Generic,Healthcare: Biopharma & Research Tools,Common Stock,True,active,United States,USD,,,,,explicit_identity_fallback;nasdaqtrader:nasdaqlisted,
AMPH,0001297184,"Amphastar Pharmaceuticals, Inc.",Nasdaq,Healthcare,Drug Manufacturers - Specialty & Generic,Healthcare: Biopharma & Research Tools,Common Stock,True,active,United States,USD,,,,,explicit_identity_fallback;nasdaqtrader:nasdaqlisted,
AMRX,0001723128,"Amneal Pharmaceuticals, Inc.",Nasdaq,Healthcare,Drug Manufacturers - Specialty & Generic,Healthcare: Biopharma & Research Tools,Common Stock,True,active,United States,USD,,,,,explicit_identity_fallback;nasdaqtrader:nasdaqlisted,
ANIK,0000898437,"Anika Therapeutics, Inc.",Nasdaq,Healthcare,Drug Manufacturers - Specialty & Generic,Healthcare: Biopharma & Research Tools,Common Stock,True,active,United States,USD,,,,,explicit_identity_fallback;nasdaqtrader:nasdaqlisted,
ANIP,0001023024,ANI PHARMACEUTICALS INC,Nasdaq,Healthcare,Drug Manufacturers - Specialty & Generic,Healthcare: Biopharma & Research Tools,Common Stock,True,active,United States,USD,,,,,explicit_identity_fallback;nasdaqtrader:nasdaqlisted,
ANIX,0000715446,Anixa Biosciences Inc,Nasdaq,Healthcare,Biotechnology,Healthcare: Biopharma & Research Tools,Common Stock,True,active,United States,USD,,,,,explicit_identity_fallback;nasdaqtrader:nasdaqlisted,
ANNX,0001528115,"Annexon, Inc.",Nasdaq,Healthcare,Biotechnology,Healthcare: Biopharma & Research Tools,Common Stock,True,active,United States,USD,,,,,explicit_identity_fallback;nasdaqtrader:nasdaqlisted,
ANTX,0001880438,"AN2 Therapeutics, Inc.",Nasdaq,Healthcare,Biotechnology,Healthcare: Biopharma & Research Tools,Common Stock,True,active,United States,USD,,,,,explicit_identity_fallback;nasdaqtrader:nasdaqlisted,
AORT,0000784199,"ARTIVION, INC.",NYSE,Healthcare,Medical Devices,"Healthcare: Providers, Plans, MedTech & Distribution",Common Stock,True,active,United States,USD,,,,,explicit_identity_fallback;nasdaqtrader:otherlisted,
ARDX,0001437402,"ARDELYX, INC.",Nasdaq,Healthcare,Biotechnology,Healthcare: Biopharma & Research Tools,Common Stock,True,active,United States,USD,,,,,explicit_identity_fallback;nasdaqtrader:nasdaqlisted,
ARTV,0001817241,"Artiva Biotherapeutics, Inc.",Nasdaq,Healthcare,Biotechnology,Healthcare: Biopharma & Research Tools,Common Stock,True,active,United States,USD,,,,,explicit_identity_fallback;nasdaqtrader:nasdaqlisted,
ARVN,0001655759,"ARVINAS, INC.",Nasdaq,Healthcare,Biotechnology,Healthcare: Biopharma & Research Tools,Common Stock,True,active,United States,USD,,,,,explicit_identity_fallback;nasdaqtrader:nasdaqlisted,
ASND,0001612042,Ascendis Pharma A/S,Nasdaq,Healthcare,Biotechnology,Healthcare: Biopharma & Research Tools,Ordinary Shares,True,active,United States,USD,,,,,explicit_identity_fallback;nasdaqtrader:nasdaqlisted,
ATHE,0001131343,ALTERITY THERAPEUTICS LTD,Nasdaq,Healthcare,Biotechnology,Healthcare: Biopharma & Research Tools,Preferred,True,active,United States,USD,,,,,explicit_identity_fallback;nasdaqtrader:nasdaqlisted,
ATNM,0001388320,"Actinium Pharmaceuticals, Inc.",NYSE,Healthcare,Biotechnology,Healthcare: Biopharma & Research Tools,Common Stock,True,active,United States,USD,,,,,explicit_identity_fallback;nasdaqtrader:otherlisted,
AUPH,0001600620,Aurinia Pharmaceuticals Inc.,Nasdaq,Healthcare,Biotechnology,Healthcare: Biopharma & Research Tools,Common Stock,True,active,United States,USD,,,,,explicit_identity_fallback;nasdaqtrader:nasdaqlisted,
AVIR,0001593899,"Atea Pharmaceuticals, Inc.",Nasdaq,Healthcare,Biotechnology,Healthcare: Biopharma & Research Tools,Common Stock,True,active,United States,USD,,,,,explicit_identity_fallback;nasdaqtrader:nasdaqlisted,
AVNS,0001606498,"AVANOS MEDICAL, INC.",NYSE,Healthcare,Medical Devices,"Healthcare: Providers, Plans, MedTech & Distribution",Common Stock,True,active,United States,USD,,,,,explicit_identity_fallback,
AXGN,0000805928,"Axogen, Inc.",Nasdaq,Healthcare,Medical Devices,"Healthcare: Providers, Plans, MedTech & Distribution",Common Stock,True,active,United States,USD,,,,,explicit_identity_fallback;nasdaqtrader:nasdaqlisted,
AXSM,0001579428,"Axsome Therapeutics, Inc.",Nasdaq,Healthcare,Biotechnology,Healthcare: Biopharma & Research Tools,Common Stock,True,active,United States,USD,,,,,explicit_identity_fallback;nasdaqtrader:nasdaqlisted,
BBIO,0001743881,"BridgeBio Pharma, Inc.",Nasdaq,Healthcare,Biotechnology,Healthcare: Biopharma & Research Tools,Common Stock,True,active,United States,USD,,,,,explicit_identity_fallback;nasdaqtrader:nasdaqlisted,
BCRX,0000882796,BIOCRYST PHARMACEUTICALS INC,Nasdaq,Healthcare,Drug Manufacturers - Specialty & Generic,Healthcare: Biopharma & Research Tools,Common Stock,True,active,United States,USD,,,,,explicit_identity_fallback;nasdaqtrader:nasdaqlisted,
BCYC,0001761612,BICYCLE THERAPEUTICS PLC,Nasdaq,Healthcare,Biotechnology,Healthcare: Biopharma & Research Tools,Preferred,True,active,United States,USD,,,,,explicit_identity_fallback;nasdaqtrader:nasdaqlisted,
BDTX,0001701541,"Black Diamond Therapeutics, Inc.",Nasdaq,Healthcare,Biotechnology,Healthcare: Biopharma & Research Tools,Common Stock,True,active,United States,USD,,,,,explicit_identity_fallback;nasdaqtrader:nasdaqlisted,
BFLY,0001804176,"Butterfly Network, Inc.",NYSE,Healthcare,Medical Devices,"Healthcare: Providers, Plans, MedTech & Distribution",Common Stock,True,active,United States,USD,,,,,explicit_identity_fallback;nasdaqtrader:otherlisted,
BIIB,0000875045,BIOGEN INC.,Nasdaq,Healthcare,Drug Manufacturers - General,Healthcare: Biopharma & Research Tools,Common Stock,True,active,United States,USD,,,,,explicit_identity_fallback;nasdaqtrader:nasdaqlisted,
BMRN,0001048477,BIOMARIN PHARMACEUTICAL INC,Nasdaq,Healthcare,Biotechnology,Healthcare: Biopharma & Research Tools,Common Stock,True,active,United States,USD,,,,,explicit_identity_fallback;nasdaqtrader:nasdaqlisted,
BMY,0000014272,BRISTOL MYERS SQUIBB CO,NYSE,Healthcare,Drug Manufacturers - General,Healthcare: Biopharma & Research Tools,Common Stock,True,active,United States,USD,,,,,explicit_identity_fallback;nasdaqtrader:otherlisted,
BNTX,0001776985,BioNTech SE,Nasdaq,Healthcare,Biotechnology,Healthcare: Biopharma & Research Tools,Preferred,True,active,United States,USD,,,,,explicit_identity_fallback;nasdaqtrader:nasdaqlisted,
BOLD,0001782303,"Boundless Bio, Inc.",Nasdaq,Healthcare,Biotechnology,Healthcare: Biopharma & Research Tools,Common Stock,True,active,United States,USD,,,,,explicit_identity_fallback;nasdaqtrader:nasdaqlisted,
BVS,0001665988,Bioventus Inc.,Nasdaq,Healthcare,Medical Devices,"Healthcare: Providers, Plans, MedTech & Distribution",Common Stock,True,active,United States,USD,,,,,explicit_identity_fallback;nasdaqtrader:nasdaqlisted,
CDNA,0001217234,"CareDx, Inc.",Nasdaq,Healthcare,Diagnostics & Research,Healthcare: Biopharma & Research Tools,Common Stock,True,active,United States,USD,,,,,explicit_identity_fallback;nasdaqtrader:nasdaqlisted,
CDXS,0001200375,"CODEXIS, INC.",Nasdaq,Healthcare,Biotechnology,Healthcare: Biopharma & Research Tools,Common Stock,True,active,United States,USD,,,,,explicit_identity_fallback;nasdaqtrader:nasdaqlisted,
CGEN,0001119774,COMPUGEN LTD,Nasdaq,Healthcare,Biotechnology,Healthcare: Biopharma & Research Tools,Ordinary Shares,True,active,United States,USD,,,,,explicit_identity_fallback;nasdaqtrader:nasdaqlisted,
CGTX,0001455365,COGNITION THERAPEUTICS INC,Nasdaq,Healthcare,Biotechnology,Healthcare: Biopharma & Research Tools,Common Stock,True,active,United States,USD,,,,,explicit_identity_fallback;nasdaqtrader:nasdaqlisted,
CHRS,0001512762,"Coherus Oncology, Inc.",Nasdaq,Healthcare,Biotechnology,Healthcare: Biopharma & Research Tools,Common Stock,True,active,United States,USD,,,,,explicit_identity_fallback;nasdaqtrader:nasdaqlisted,
CLDX,0000744218,"Celldex Therapeutics, Inc.",Nasdaq,Healthcare,Biotechnology,Healthcare: Biopharma & Research Tools,Common Stock,True,active,United States,USD,,,,,explicit_identity_fallback;nasdaqtrader:nasdaqlisted,
CLYM,0001768446,"Climb Bio, Inc.",Nasdaq,Healthcare,Biotechnology,Healthcare: Biopharma & Research Tools,Common Stock,True,active,United States,USD,,,,,explicit_identity_fallback;nasdaqtrader:nasdaqlisted,
CMND,0001892500,Clearmind Medicine Inc.,Nasdaq,Healthcare,Biotechnology,Healthcare: Biopharma & Research Tools,Common Stock,True,active,United States,USD,,,,,explicit_identity_fallback;nasdaqtrader:nasdaqlisted,
CNMD,0000816956,CONMED Corp,NYSE,Healthcare,Medical Devices,"Healthcare: Providers, Plans, MedTech & Distribution",Common Stock,True,active,United States,USD,,,,,explicit_identity_fallback;nasdaqtrader:otherlisted,
CNTA,0001847903,Centessa Pharmaceuticals plc,Nasdaq,Healthcare,Biotechnology,Healthcare: Biopharma & Research Tools,ADR/ADS,True,active,United States,USD,,,,,explicit_identity_fallback,
CNTX,0001842952,Context Therapeutics Inc.,Nasdaq,Healthcare,Biotechnology,Healthcare: Biopharma & Research Tools,Common Stock,True,active_financial_status_D,United States,USD,,,,,explicit_identity_fallback;nasdaqtrader:nasdaqlisted,
COGT,0001622229,"Cogent Biosciences, Inc.",Nasdaq,Healthcare,Biotechnology,Healthcare: Biopharma & Research Tools,Common Stock,True,active,United States,USD,,,,,explicit_identity_fallback;nasdaqtrader:nasdaqlisted,
COLL,0001267565,"COLLEGIUM PHARMACEUTICAL, INC",Nasdaq,Healthcare,Drug Manufacturers - Specialty & Generic,Healthcare: Biopharma & Research Tools,Common Stock,True,active,United States,USD,,,,,explicit_identity_fallback;nasdaqtrader:nasdaqlisted,
CORT,0001088856,CORCEPT THERAPEUTICS INC,Nasdaq,Healthcare,Biotechnology,Healthcare: Biopharma & Research Tools,Common Stock,True,active,United States,USD,,,,,explicit_identity_fallback;nasdaqtrader:nasdaqlisted,
CRBP,0001595097,"Corbus Pharmaceuticals Holdings, Inc.",Nasdaq,Healthcare,Biotechnology,Healthcare: Biopharma & Research Tools,Common Stock,True,active,United States,USD,,,,,explicit_identity_fallback;nasdaqtrader:nasdaqlisted,
CRL,0001100682,"CHARLES RIVER LABORATORIES INTERNATIONAL, INC.",NYSE,Healthcare,Diagnostics & Research,Healthcare: Biopharma & Research Tools,Common Stock,True,active,United States,USD,,,,,explicit_identity_fallback;nasdaqtrader:otherlisted,
CRNX,0001658247,"Crinetics Pharmaceuticals, Inc.",Nasdaq,Healthcare,Biotechnology,Healthcare: Biopharma & Research Tools,Common Stock,True,active,United States,USD,,,,,explicit_identity_fallback;nasdaqtrader:nasdaqlisted,
CRSP,0001674416,CRISPR Therapeutics AG,Nasdaq,Healthcare,Biotechnology,Healthcare: Biopharma & Research Tools,Common Stock,True,active,United States,USD,,,,,explicit_identity_fallback;nasdaqtrader:nasdaqlisted,
CSBR,0000771856,"CHAMPIONS ONCOLOGY, INC.",Nasdaq,Healthcare,Biotechnology,Healthcare: Biopharma & Research Tools,Common Stock,True,active,United States,USD,,,,,explicit_identity_fallback;nasdaqtrader:nasdaqlisted,
CTMX,0001501989,"CytomX Therapeutics, Inc.",Nasdaq,Healthcare,Biotechnology,Healthcare: Biopharma & Research Tools,Common Stock,True,active,United States,USD,,,,,explicit_identity_fallback;nasdaqtrader:nasdaqlisted,
CVRX,0001235912,"CVRx, Inc.",Nasdaq,Healthcare,Medical Devices,"Healthcare: Providers, Plans, MedTech & Distribution",Common Stock,True,active,United States,USD,,,,,explicit_identity_fallback;nasdaqtrader:nasdaqlisted,
CYTK,0001061983,CYTOKINETICS INC,Nasdaq,Healthcare,Biotechnology,Healthcare: Biopharma & Research Tools,Common Stock,True,active,United States,USD,,,,,explicit_identity_fallback;nasdaqtrader:nasdaqlisted,
DGX,0001022079,QUEST DIAGNOSTICS INC,NYSE,Healthcare,Diagnostics & Research,Healthcare: Biopharma & Research Tools,Common Stock,True,active,United States,USD,,,,,explicit_identity_fallback;nasdaqtrader:otherlisted,
DMAC,0001401040,DiaMedica Therapeutics Inc.,Nasdaq,Healthcare,Biotechnology,Healthcare: Biopharma & Research Tools,Common Stock,True,active,United States,USD,,,,,explicit_identity_fallback;nasdaqtrader:nasdaqlisted,
DNLI,0001714899,Denali Therapeutics Inc.,Nasdaq,Healthcare,Biotechnology,Healthcare: Biopharma & Research Tools,Common Stock,True,active,United States,USD,,,,,explicit_identity_fallback;nasdaqtrader:nasdaqlisted,
DRTS,0001871321,Alpha Tau Medical Ltd.,Nasdaq,Healthcare,Biotechnology,Healthcare: Biopharma & Research Tools,Ordinary Shares,True,active,United States,USD,,,,,explicit_identity_fallback;nasdaqtrader:nasdaqlisted,
DXCM,0001093557,DEXCOM INC,Nasdaq,Healthcare,Medical Devices,"Healthcare: Providers, Plans, MedTech & Distribution",Common Stock,True,active,United States,USD,,,,,explicit_identity_fallback;nasdaqtrader:nasdaqlisted,
DYN,0001818794,"Dyne Therapeutics, Inc.",Nasdaq,Healthcare,Biotechnology,Healthcare: Biopharma & Research Tools,Common Stock,True,active,United States,USD,,,,,explicit_identity_fallback;nasdaqtrader:nasdaqlisted,
EDIT,0001650664,"Editas Medicine, Inc.",Nasdaq,Healthcare,Biotechnology,Healthcare: Biopharma & Research Tools,Common Stock,True,active,United States,USD,,,,,explicit_identity_fallback;nasdaqtrader:nasdaqlisted,
EPRX,0001581178,EUPRAXIA PHARMACEUTICALS INC.,Nasdaq,Healthcare,Biotechnology,Healthcare: Biopharma & Research Tools,Common Stock,True,active,United States,USD,,,,,explicit_identity_fallback;nasdaqtrader:nasdaqlisted,
ESPR,0001434868,"Esperion Therapeutics, Inc.",Nasdaq,Healthcare,Drug Manufacturers - Specialty & Generic,Healthcare: Biopharma & Research Tools,Common Stock,True,active,United States,USD,,,,,explicit_identity_fallback,
EVAX,0001828253,Evaxion A/S,Nasdaq,Healthcare,Biotechnology,Healthcare: Biopharma & Research Tools,ADR/ADS,True,active,United States,USD,,,,,explicit_identity_fallback;nasdaqtrader:nasdaqlisted,
EW,0001099800,Edwards Lifesciences Corp,NYSE,Healthcare,Medical Devices,"Healthcare: Providers, Plans, MedTech & Distribution",Common Stock,True,active,United States,USD,,,,,explicit_identity_fallback;nasdaqtrader:otherlisted,
EXEL,0000939767,"EXELIXIS, INC.",Nasdaq,Healthcare,Biotechnology,Healthcare: Biopharma & Research Tools,Common Stock,True,active,United States,USD,,,,,explicit_identity_fallback;nasdaqtrader:nasdaqlisted,
EYPT,0001314102,"EyePoint, Inc.",Nasdaq,Healthcare,Biotechnology,Healthcare: Biopharma & Research Tools,Common Stock,True,active,United States,USD,,,,,explicit_identity_fallback;nasdaqtrader:nasdaqlisted,
FDMT,0001650648,"4D Molecular Therapeutics, Inc.",Nasdaq,Healthcare,Biotechnology,Healthcare: Biopharma & Research Tools,Common Stock,True,active,United States,USD,,,,,explicit_identity_fallback;nasdaqtrader:nasdaqlisted,
FENC,0001211583,FENNEC PHARMACEUTICALS INC.,Nasdaq,Healthcare,Biotechnology,Healthcare: Biopharma & Research Tools,Common Stock,True,active,United States,USD,,,,,explicit_identity_fallback;nasdaqtrader:nasdaqlisted,
FHTX,0001822462,Foghorn Therapeutics Inc.,Nasdaq,Healthcare,Biotechnology,Healthcare: Biopharma & Research Tools,Common Stock,True,active,United States,USD,,,,,explicit_identity_fallback;nasdaqtrader:nasdaqlisted,
FTRE,0001965040,Fortrea Holdings Inc.,Nasdaq,Healthcare,Biotechnology,Healthcare: Biopharma & Research Tools,Common Stock,True,active,United States,USD,,,,,explicit_identity_fallback;nasdaqtrader:nasdaqlisted,
FULC,0001680581,"Fulcrum Therapeutics, Inc.",Nasdaq,Healthcare,Biotechnology,Healthcare: Biopharma & Research Tools,Common Stock,True,active,United States,USD,,,,,explicit_identity_fallback;nasdaqtrader:nasdaqlisted,
GEHC,0001932393,GE HealthCare Technologies Inc.,Nasdaq,Healthcare,Medical Devices,"Healthcare: Providers, Plans, MedTech & Distribution",Common Stock,True,active,United States,USD,,,,,explicit_identity_fallback;nasdaqtrader:nasdaqlisted,
GERN,0000886744,GERON CORP,Nasdaq,Healthcare,Biotechnology,Healthcare: Biopharma & Research Tools,Common Stock,True,active,United States,USD,,,,,explicit_identity_fallback;nasdaqtrader:nasdaqlisted,
GILD,0000882095,"GILEAD SCIENCES, INC.",Nasdaq,Healthcare,Drug Manufacturers - General,Healthcare: Biopharma & Research Tools,Common Stock,True,active,United States,USD,,,,,explicit_identity_fallback;nasdaqtrader:nasdaqlisted,
GKOS,0001192448,GLAUKOS Corp,NYSE,Healthcare,Medical Devices,"Healthcare: Providers, Plans, MedTech & Distribution",Common Stock,True,active,United States,USD,,,,,explicit_identity_fallback;nasdaqtrader:otherlisted,
GLUE,0001826457,"Monte Rosa Therapeutics, Inc.",Nasdaq,Healthcare,Biotechnology,Healthcare: Biopharma & Research Tools,Common Stock,True,active,United States,USD,,,,,explicit_identity_fallback;nasdaqtrader:nasdaqlisted,
GMAB,0001434265,GENMAB A/S,Nasdaq,Healthcare,Biotechnology,Healthcare: Biopharma & Research Tools,Preferred,True,active,United States,USD,,,,,explicit_identity_fallback;nasdaqtrader:nasdaqlisted,
GPCR,0001888886,Structure Therapeutics Inc.,Nasdaq,Healthcare,Biotechnology,Healthcare: Biopharma & Research Tools,Preferred,True,active,United States,USD,,,,,explicit_identity_fallback;nasdaqtrader:nasdaqlisted,
GRCE,0001444192,"Grace Therapeutics, Inc.",Nasdaq,Healthcare,Biotechnology,Healthcare: Biopharma & Research Tools,Common Stock,True,active,United States,USD,,,,,explicit_identity_fallback;nasdaqtrader:nasdaqlisted,
HAE,0000313143,HAEMONETICS CORP,NYSE,Healthcare,Medical Devices,"Healthcare: Providers, Plans, MedTech & Distribution",Common Stock,True,active,United States,USD,,,,,explicit_identity_fallback;nasdaqtrader:otherlisted,
HALO,0001159036,"HALOZYME THERAPEUTICS, INC.",Nasdaq,Healthcare,Biotechnology,Healthcare: Biopharma & Research Tools,Common Stock,True,active,United States,USD,,,,,explicit_identity_fallback;nasdaqtrader:nasdaqlisted,
HROW,0001360214,"HARROW, INC.",Nasdaq,Healthcare,Drug Manufacturers - Specialty & Generic,Healthcare: Biopharma & Research Tools,Common Stock,True,active,United States,USD,,,,,explicit_identity_fallback;nasdaqtrader:nasdaqlisted,
HRTX,0000818033,"HERON THERAPEUTICS, INC. /DE/",Nasdaq,Healthcare,Biotechnology,Healthcare: Biopharma & Research Tools,Common Stock,True,active_financial_status_D,United States,USD,,,,,explicit_identity_fallback;nasdaqtrader:nasdaqlisted,
IDYA,0001676725,"IDEAYA Biosciences, Inc.",Nasdaq,Healthcare,Biotechnology,Healthcare: Biopharma & Research Tools,Common Stock,True,active,United States,USD,,,,,explicit_identity_fallback;nasdaqtrader:nasdaqlisted,
IMCR,0001671927,Immunocore Holdings plc,Nasdaq,Healthcare,Biotechnology,Healthcare: Biopharma & Research Tools,Preferred,True,active,United States,USD,,,,,explicit_identity_fallback;nasdaqtrader:nasdaqlisted,
IMMP,0001506184,IMMUTEP Ltd,Nasdaq,Healthcare,Biotechnology,Healthcare: Biopharma & Research Tools,Preferred,True,active_financial_status_D,United States,USD,,,,,explicit_identity_fallback;nasdaqtrader:nasdaqlisted,
IMNM,0001472012,Immunome Inc.,Nasdaq,Healthcare,Biotechnology,Healthcare: Biopharma & Research Tools,Common Stock,True,active,United States,USD,,,,,explicit_identity_fallback;nasdaqtrader:nasdaqlisted,
IMRN,0001660046,Immuron Ltd,Nasdaq,Healthcare,Biotechnology,Healthcare: Biopharma & Research Tools,Preferred,True,active,United States,USD,,,,,explicit_identity_fallback;nasdaqtrader:nasdaqlisted,
IMVT,0001764013,"Immunovant, Inc.",Nasdaq,Healthcare,Biotechnology,Healthcare: Biopharma & Research Tools,Common Stock,True,active,United States,USD,,,,,explicit_identity_fallback;nasdaqtrader:nasdaqlisted,
INBX,0002007919,"Inhibrx Biosciences, Inc.",Nasdaq,Healthcare,Biotechnology,Healthcare: Biopharma & Research Tools,Common Stock,True,active,United States,USD,,,,,explicit_identity_fallback;nasdaqtrader:nasdaqlisted,
INCY,0000879169,INCYTE CORP,Nasdaq,Healthcare,Biotechnology,Healthcare: Biopharma & Research Tools,Common Stock,True,active,United States,USD,,,,,explicit_identity_fallback;nasdaqtrader:nasdaqlisted,
INDV,0001625297,"Indivior Pharmaceuticals, Inc.",Nasdaq,Healthcare,Drug Manufacturers - Specialty & Generic,Healthcare: Biopharma & Research Tools,Common Stock,True,active,United States,USD,,,,,explicit_identity_fallback;nasdaqtrader:nasdaqlisted,
INGN,0001294133,Inogen Inc,Nasdaq,Healthcare,Medical Devices,"Healthcare: Providers, Plans, MedTech & Distribution",Common Stock,True,active,United States,USD,,,,,explicit_identity_fallback;nasdaqtrader:nasdaqlisted,
INSM,0001104506,INSMED Inc,Nasdaq,Healthcare,Biotechnology,Healthcare: Biopharma & Research Tools,Common Stock,True,active,United States,USD,,,,,explicit_identity_fallback;nasdaqtrader:nasdaqlisted,
IONS,0000874015,IONIS PHARMACEUTICALS INC,Nasdaq,Healthcare,Biotechnology,Healthcare: Biopharma & Research Tools,Common Stock,True,active,United States,USD,,,,,explicit_identity_fallback;nasdaqtrader:nasdaqlisted,
IRWD,0001446847,IRONWOOD PHARMACEUTICALS INC,Nasdaq,Healthcare,Drug Manufacturers - Specialty & Generic,Healthcare: Biopharma & Research Tools,Common Stock,True,active,United States,USD,,,,,explicit_identity_fallback;nasdaqtrader:nasdaqlisted,
JAZZ,0001232524,Jazz Pharmaceuticals plc,Nasdaq,Healthcare,Biotechnology,Healthcare: Biopharma & Research Tools,Ordinary Shares,True,active,United States,USD,,,,,explicit_identity_fallback;nasdaqtrader:nasdaqlisted,
JNJ,0000200406,JOHNSON & JOHNSON,NYSE,Healthcare,Drug Manufacturers - General,Healthcare: Biopharma & Research Tools,Common Stock,True,active,United States,USD,,,,,explicit_identity_fallback;nasdaqtrader:otherlisted,
KALV,0001348911,"KalVista Pharmaceuticals, Inc.",Nasdaq,Healthcare,Biotechnology,Healthcare: Biopharma & Research Tools,Common Stock,True,active,United States,USD,,,,,explicit_identity_fallback,
KROS,0001664710,"Keros Therapeutics, Inc.",Nasdaq,Healthcare,Biotechnology,Healthcare: Biopharma & Research Tools,Common Stock,True,active,United States,USD,,,,,explicit_identity_fallback;nasdaqtrader:nasdaqlisted,
KRYS,0001711279,"Krystal Biotech, Inc.",Nasdaq,Healthcare,Biotechnology,Healthcare: Biopharma & Research Tools,Common Stock,True,active,United States,USD,,,,,explicit_identity_fallback;nasdaqtrader:nasdaqlisted,
KURA,0001422143,"Kura Oncology, Inc.",Nasdaq,Healthcare,Biotechnology,Healthcare: Biopharma & Research Tools,Common Stock,True,active,United States,USD,,,,,explicit_identity_fallback;nasdaqtrader:nasdaqlisted,
KZIA,0001075880,KAZIA THERAPEUTICS LTD,Nasdaq,Healthcare,Biotechnology,Healthcare: Biopharma & Research Tools,Preferred,True,active,United States,USD,,,,,explicit_identity_fallback;nasdaqtrader:nasdaqlisted,
LCTX,0000876343,"Lineage Cell Therapeutics, Inc.",NYSE,Healthcare,Biotechnology,Healthcare: Biopharma & Research Tools,Common Stock,True,active,United States,USD,,,,,explicit_identity_fallback;nasdaqtrader:otherlisted,
LH,0000920148,LABCORP HOLDINGS INC.,NYSE,Healthcare,Diagnostics & Research,Healthcare: Biopharma & Research Tools,Common Stock,True,active,United States,USD,,,,,explicit_identity_fallback;nasdaqtrader:otherlisted,
LLY,0000059478,ELI LILLY & Co,NYSE,Healthcare,Drug Manufacturers - General,Healthcare: Biopharma & Research Tools,Common Stock,True,active,United States,USD,,,,,explicit_identity_fallback;nasdaqtrader:otherlisted,
LQDA,0001819576,Liquidia Corp,Nasdaq,Healthcare,Drug Manufacturers - Specialty & Generic,Healthcare: Biopharma & Research Tools,Common Stock,True,active,United States,USD,,,,,explicit_identity_fallback;nasdaqtrader:nasdaqlisted,
LUNG,0001127537,Pulmonx Corp,Nasdaq,Healthcare,Medical Devices,"Healthcare: Providers, Plans, MedTech & Distribution",Common Stock,True,active,United States,USD,,,,,explicit_identity_fallback;nasdaqtrader:nasdaqlisted,
LXEO,0001907108,"Lexeo Therapeutics, Inc.",Nasdaq,Healthcare,Biotechnology,Healthcare: Biopharma & Research Tools,Common Stock,True,active,United States,USD,,,,,explicit_identity_fallback;nasdaqtrader:nasdaqlisted,
LXRX,0001062822,"LEXICON PHARMACEUTICALS, INC.",Nasdaq,Healthcare,Biotechnology,Healthcare: Biopharma & Research Tools,Common Stock,True,active,United States,USD,,,,,explicit_identity_fallback;nasdaqtrader:nasdaqlisted,
MDT,0001613103,Medtronic plc,NYSE,Healthcare,Medical Devices,"Healthcare: Providers, Plans, MedTech & Distribution",Ordinary Shares,True,active,United States,USD,,,,,explicit_identity_fallback;nasdaqtrader:otherlisted,
MDXG,0001376339,"MIMEDX GROUP, INC.",Nasdaq,Healthcare,Biotechnology,Healthcare: Biopharma & Research Tools,Common Stock,True,active,United States,USD,,,,,explicit_identity_fallback;nasdaqtrader:nasdaqlisted,
MESO,0001345099,MESOBLAST LTD,Nasdaq,Healthcare,Biotechnology,Healthcare: Biopharma & Research Tools,Preferred,True,active,United States,USD,,,,,explicit_identity_fallback;nasdaqtrader:nasdaqlisted,
MGNX,0001125345,MACROGENICS INC,Nasdaq,Healthcare,Biotechnology,Healthcare: Biopharma & Research Tools,Common Stock,True,active,United States,USD,,,,,explicit_identity_fallback;nasdaqtrader:nasdaqlisted,
MGTX,0001735438,MeiraGTx Holdings plc,Nasdaq,Healthcare,Biotechnology,Healthcare: Biopharma & Research Tools,Ordinary Shares,True,active,United States,USD,,,,,explicit_identity_fallback;nasdaqtrader:nasdaqlisted,
MLYS,0001933414,"Mineralys Therapeutics, Inc.",Nasdaq,Healthcare,Biotechnology,Healthcare: Biopharma & Research Tools,Common Stock,True,active,United States,USD,,,,,explicit_identity_fallback;nasdaqtrader:nasdaqlisted,
MNKD,0000899460,MANNKIND CORP,Nasdaq,Healthcare,Biotechnology,Healthcare: Biopharma & Research Tools,Common Stock,True,active,United States,USD,,,,,explicit_identity_fallback;nasdaqtrader:nasdaqlisted,
MNOV,0001226616,MEDICINOVA INC,Nasdaq,Healthcare,Biotechnology,Healthcare: Biopharma & Research Tools,Common Stock,True,active,United States,USD,,,,,explicit_identity_fallback;nasdaqtrader:nasdaqlisted,
MRK,0000310158,"Merck & Co., Inc.",NYSE,Healthcare,Drug Manufacturers - General,Healthcare: Biopharma & Research Tools,Common Stock,True,active,United States,USD,,,,,explicit_identity_fallback;nasdaqtrader:otherlisted,
MRNA,0001682852,"Moderna, Inc.",Nasdaq,Healthcare,Biotechnology,Healthcare: Biopharma & Research Tools,Common Stock,True,active,United States,USD,,,,,explicit_identity_fallback;nasdaqtrader:nasdaqlisted,
MXCT,0001287098,"MAXCYTE, INC.",Nasdaq,Healthcare,Medical Devices,"Healthcare: Providers, Plans, MedTech & Distribution",Common Stock,True,active,United States,USD,,,,,explicit_identity_fallback;nasdaqtrader:nasdaqlisted,
MYGN,0000899923,MYRIAD GENETICS INC,Nasdaq,Healthcare,Diagnostics & Research,Healthcare: Biopharma & Research Tools,Common Stock,True,active,United States,USD,,,,,explicit_identity_fallback;nasdaqtrader:nasdaqlisted,
NAMS,0001936258,NewAmsterdam Pharma Co N.V.,Nasdaq,Healthcare,Biotechnology,Healthcare: Biopharma & Research Tools,Ordinary Shares,True,active,United States,USD,,,,,explicit_identity_fallback;nasdaqtrader:nasdaqlisted,
NEO,0001077183,NEOGENOMICS INC,Nasdaq,Healthcare,Diagnostics & Research,Healthcare: Biopharma & Research Tools,Common Stock,True,active,United States,USD,,,,,explicit_identity_fallback;nasdaqtrader:nasdaqlisted,
NMRA,0001885522,"Neumora Therapeutics, Inc.",Nasdaq,Healthcare,Biotechnology,Healthcare: Biopharma & Research Tools,Common Stock,True,active,United States,USD,,,,,explicit_identity_fallback;nasdaqtrader:nasdaqlisted,
NNOX,0001795251,Nano-X Imaging Ltd.,Nasdaq,Healthcare,Medical Devices,"Healthcare: Providers, Plans, MedTech & Distribution",Ordinary Shares,True,active,United States,USD,,,,,explicit_identity_fallback;nasdaqtrader:nasdaqlisted,
NTLA,0001652130,"Intellia Therapeutics, Inc.",Nasdaq,Healthcare,Biotechnology,Healthcare: Biopharma & Research Tools,Common Stock,True,active,United States,USD,,,,,explicit_identity_fallback;nasdaqtrader:nasdaqlisted,
NTRA,0001604821,"Natera, Inc.",Nasdaq,Healthcare,Diagnostics & Research,Healthcare: Biopharma & Research Tools,Common Stock,True,active,United States,USD,,,,,explicit_identity_fallback;nasdaqtrader:nasdaqlisted,
NUVB,0001811063,Nuvation Bio Inc.,NYSE,Healthcare,Biotechnology,Healthcare: Biopharma & Research Tools,Common Stock,True,active,United States,USD,,,,,explicit_identity_fallback;nasdaqtrader:otherlisted,
NUVL,0001861560,"Nuvalent, Inc.",Nasdaq,Healthcare,Biotechnology,Healthcare: Biopharma & Research Tools,Common Stock,True,active,United States,USD,,,,,explicit_identity_fallback,
NVCR,0001645113,NovoCure Ltd,Nasdaq,Healthcare,Medical Devices,"Healthcare: Providers, Plans, MedTech & Distribution",Ordinary Shares,True,active,United States,USD,,,,,explicit_identity_fallback;nasdaqtrader:nasdaqlisted,
OCUL,0001393434,"OCULAR THERAPEUTIX, INC",Nasdaq,Healthcare,Biotechnology,Healthcare: Biopharma & Research Tools,Common Stock,True,active,United States,USD,,,,,explicit_identity_fallback;nasdaqtrader:nasdaqlisted,
ONC,0001651308,BeOne Medicines Ltd.,Nasdaq,Healthcare,Biotechnology,Healthcare: Biopharma & Research Tools,Preferred,True,active,United States,USD,,,,,explicit_identity_fallback;nasdaqtrader:nasdaqlisted,
OPK,0000944809,"OPKO HEALTH, INC.",Nasdaq,Healthcare,Diagnostics & Research,Healthcare: Biopharma & Research Tools,Common Stock,True,active,United States,USD,,,,,explicit_identity_fallback;nasdaqtrader:nasdaqlisted,
ORGO,0001661181,Organogenesis Holdings Inc.,Nasdaq,Healthcare,Drug Manufacturers - Specialty & Generic,Healthcare: Biopharma & Research Tools,Unknown,True,active,United States,USD,,,,,explicit_identity_fallback;nasdaqtrader:nasdaqlisted,
PACB,0001299130,"PACIFIC BIOSCIENCES OF CALIFORNIA, INC.",Nasdaq,Healthcare,Medical Devices,"Healthcare: Providers, Plans, MedTech & Distribution",Common Stock,True,active,United States,USD,,,,,explicit_identity_fallback;nasdaqtrader:nasdaqlisted,
PBYI,0001401667,"PUMA BIOTECHNOLOGY, INC.",Nasdaq,Healthcare,Biotechnology,Healthcare: Biopharma & Research Tools,Common Stock,True,active,United States,USD,,,,,explicit_identity_fallback;nasdaqtrader:nasdaqlisted,
PCRX,0001396814,"Pacira BioSciences, Inc.",Nasdaq,Healthcare,Drug Manufacturers - Specialty & Generic,Healthcare: Biopharma & Research Tools,Common Stock,True,active,United States,USD,,,,,explicit_identity_fallback;nasdaqtrader:nasdaqlisted,
PCVX,0001649094,"Vaxcyte, Inc.",Nasdaq,Healthcare,Biotechnology,Healthcare: Biopharma & Research Tools,Common Stock,True,active,United States,USD,,,,,explicit_identity_fallback;nasdaqtrader:nasdaqlisted,
PFE,0000078003,PFIZER INC,NYSE,Healthcare,Drug Manufacturers - General,Healthcare: Biopharma & Research Tools,Common Stock,True,active,United States,USD,,,,,explicit_identity_fallback;nasdaqtrader:otherlisted,
PLRX,0001746473,"PLIANT THERAPEUTICS, INC.",Nasdaq,Healthcare,Biotechnology,Healthcare: Biopharma & Research Tools,Common Stock,True,active,United States,USD,,,,,explicit_identity_fallback;nasdaqtrader:nasdaqlisted,
PMVP,0001699382,"PMV Pharmaceuticals, Inc.",Nasdaq,Healthcare,Biotechnology,Healthcare: Biopharma & Research Tools,Common Stock,True,active,United States,USD,,,,,explicit_identity_fallback;nasdaqtrader:nasdaqlisted,
PODD,0001145197,INSULET CORP,Nasdaq,Healthcare,Medical Devices,"Healthcare: Providers, Plans, MedTech & Distribution",Common Stock,True,active,United States,USD,,,,,explicit_identity_fallback;nasdaqtrader:nasdaqlisted,
PRCT,0001588978,PROCEPT BioRobotics Corp,Nasdaq,Healthcare,Medical Devices,"Healthcare: Providers, Plans, MedTech & Distribution",Common Stock,True,active,United States,USD,,,,,explicit_identity_fallback;nasdaqtrader:nasdaqlisted,
PRLD,0001678660,Prelude Therapeutics Inc,Nasdaq,Healthcare,Biotechnology,Healthcare: Biopharma & Research Tools,Common Stock,True,active,United States,USD,,,,,explicit_identity_fallback;nasdaqtrader:nasdaqlisted,
PROK,0001850270,PROKIDNEY CORP.,Nasdaq,Healthcare,Biotechnology,Healthcare: Biopharma & Research Tools,Ordinary Shares,True,active,United States,USD,,,,,explicit_identity_fallback;nasdaqtrader:nasdaqlisted,
PSNL,0001527753,"Personalis, Inc.",Nasdaq,Healthcare,Diagnostics & Research,Healthcare: Biopharma & Research Tools,Common Stock,True,active,United States,USD,,,,,explicit_identity_fallback;nasdaqtrader:nasdaqlisted,
PTCT,0001070081,"PTC THERAPEUTICS, INC.",Nasdaq,Healthcare,Biotechnology,Healthcare: Biopharma & Research Tools,Common Stock,True,active,United States,USD,,,,,explicit_identity_fallback;nasdaqtrader:nasdaqlisted,
PTGX,0001377121,"Protagonist Therapeutics, Inc",Nasdaq,Healthcare,Biotechnology,Healthcare: Biopharma & Research Tools,Common Stock,True,active,United States,USD,,,,,explicit_identity_fallback;nasdaqtrader:nasdaqlisted,
QDEL,0001906324,QuidelOrtho Corp,Nasdaq,Healthcare,Medical Devices,"Healthcare: Providers, Plans, MedTech & Distribution",Common Stock,True,active,United States,USD,,,,,explicit_identity_fallback;nasdaqtrader:nasdaqlisted,
QSI,0001816431,Quantum-Si Inc,Nasdaq,Healthcare,Medical Devices,"Healthcare: Providers, Plans, MedTech & Distribution",Common Stock,True,active_financial_status_D,United States,USD,,,,,explicit_identity_fallback;nasdaqtrader:nasdaqlisted,
QURE,0001590560,uniQure N.V.,Nasdaq,Healthcare,Biotechnology,Healthcare: Biopharma & Research Tools,Ordinary Shares,True,active,United States,USD,,,,,explicit_identity_fallback;nasdaqtrader:nasdaqlisted,
RARE,0001515673,Ultragenyx Pharmaceutical Inc.,Nasdaq,Healthcare,Biotechnology,Healthcare: Biopharma & Research Tools,Common Stock,True,active,United States,USD,,,,,explicit_identity_fallback;nasdaqtrader:nasdaqlisted,
RCUS,0001724521,"Arcus Biosciences, Inc.",NYSE,Healthcare,Biotechnology,Healthcare: Biopharma & Research Tools,Common Stock,True,active,United States,USD,,,,,explicit_identity_fallback;nasdaqtrader:otherlisted,
REGN,0000872589,"REGENERON PHARMACEUTICALS, INC.",Nasdaq,Healthcare,Biotechnology,Healthcare: Biopharma & Research Tools,Common Stock,True,active,United States,USD,,,,,explicit_identity_fallback;nasdaqtrader:nasdaqlisted,
REPL,0001737953,"Replimune Group, Inc.",Nasdaq,Healthcare,Biotechnology,Healthcare: Biopharma & Research Tools,Common Stock,True,active,United States,USD,,,,,explicit_identity_fallback;nasdaqtrader:nasdaqlisted,
RLAY,0001812364,"Relay Therapeutics, Inc.",Nasdaq,Healthcare,Biotechnology,Healthcare: Biopharma & Research Tools,Common Stock,True,active,United States,USD,,,,,explicit_identity_fallback;nasdaqtrader:nasdaqlisted,
RNA,0002093101,"Atrium Therapeutics, Inc.",Nasdaq,Healthcare,Biotechnology,Healthcare: Biopharma & Research Tools,Common Stock,True,active,United States,USD,,,,,explicit_identity_fallback;nasdaqtrader:nasdaqlisted,
ROIV,0001635088,Roivant Sciences Ltd.,Nasdaq,Healthcare,Biotechnology,Healthcare: Biopharma & Research Tools,Common Stock,True,active,United States,USD,,,,,explicit_identity_fallback;nasdaqtrader:nasdaqlisted,
RXRX,0001601830,"RECURSION PHARMACEUTICALS, INC.",Nasdaq,Healthcare,Biotechnology,Healthcare: Biopharma & Research Tools,Common Stock,True,active,United States,USD,,,,,explicit_identity_fallback;nasdaqtrader:nasdaqlisted,
RYTM,0001649904,"RHYTHM PHARMACEUTICALS, INC.",Nasdaq,Healthcare,Biotechnology,Healthcare: Biopharma & Research Tools,Common Stock,True,active,United States,USD,,,,,explicit_identity_fallback;nasdaqtrader:nasdaqlisted,
SGHT,0001531177,"Sight Sciences, Inc.",Nasdaq,Healthcare,Medical Devices,"Healthcare: Providers, Plans, MedTech & Distribution",Common Stock,True,active,United States,USD,,,,,explicit_identity_fallback;nasdaqtrader:nasdaqlisted,
SIBN,0001459839,"SI-BONE, Inc.",Nasdaq,Healthcare,Medical Devices,"Healthcare: Providers, Plans, MedTech & Distribution",Common Stock,True,active,United States,USD,,,,,explicit_identity_fallback;nasdaqtrader:nasdaqlisted,
SIGA,0001010086,SIGA TECHNOLOGIES INC,Nasdaq,Healthcare,Drug Manufacturers - Specialty & Generic,Healthcare: Biopharma & Research Tools,Common Stock,True,active,United States,USD,,,,,explicit_identity_fallback;nasdaqtrader:nasdaqlisted,
SMMT,0001599298,Summit Therapeutics Inc.,Nasdaq,Healthcare,Biotechnology,Healthcare: Biopharma & Research Tools,Common Stock,True,active,United States,USD,,,,,explicit_identity_fallback;nasdaqtrader:nasdaqlisted,
SNDX,0001395937,Syndax Pharmaceuticals Inc,Nasdaq,Healthcare,Biotechnology,Healthcare: Biopharma & Research Tools,Common Stock,True,active,United States,USD,,,,,explicit_identity_fallback;nasdaqtrader:nasdaqlisted,
SRPT,0000873303,"Sarepta Therapeutics, Inc.",Nasdaq,Healthcare,Biotechnology,Healthcare: Biopharma & Research Tools,Common Stock,True,active,United States,USD,,,,,explicit_identity_fallback;nasdaqtrader:nasdaqlisted,
STE,0001757898,STERIS plc,NYSE,Healthcare,Medical Devices,"Healthcare: Providers, Plans, MedTech & Distribution",Ordinary Shares,True,active,United States,USD,,,,,explicit_identity_fallback;nasdaqtrader:otherlisted,
STOK,0001623526,"Stoke Therapeutics, Inc.",Nasdaq,Healthcare,Biotechnology,Healthcare: Biopharma & Research Tools,Common Stock,True,active,United States,USD,,,,,explicit_identity_fallback;nasdaqtrader:nasdaqlisted,
STTK,0001680367,"Shattuck Labs, Inc.",Nasdaq,Healthcare,Biotechnology,Healthcare: Biopharma & Research Tools,Common Stock,True,active,United States,USD,,,,,explicit_identity_fallback;nasdaqtrader:nasdaqlisted,
SUPN,0001356576,"SUPERNUS PHARMACEUTICALS, INC.",Nasdaq,Healthcare,Drug Manufacturers - Specialty & Generic,Healthcare: Biopharma & Research Tools,Common Stock,True,active,United States,USD,,,,,explicit_identity_fallback;nasdaqtrader:nasdaqlisted,
SVRA,0001160308,Savara Inc,Nasdaq,Healthcare,Biotechnology,Healthcare: Biopharma & Research Tools,Common Stock,True,active,United States,USD,,,,,explicit_identity_fallback;nasdaqtrader:nasdaqlisted,
SYK,0000310764,STRYKER CORP,NYSE,Healthcare,Medical Devices,"Healthcare: Providers, Plans, MedTech & Distribution",Common Stock,True,active,United States,USD,,,,,explicit_identity_fallback;nasdaqtrader:otherlisted,
TARS,0001819790,"Tarsus Pharmaceuticals, Inc.",Nasdaq,Healthcare,Biotechnology,Healthcare: Biopharma & Research Tools,Common Stock,True,active,United States,USD,,,,,explicit_identity_fallback;nasdaqtrader:nasdaqlisted,
TBPH,0001583107,"Theravance Biopharma, Inc.",Nasdaq,Healthcare,Biotechnology,Healthcare: Biopharma & Research Tools,Ordinary Shares,True,active,United States,USD,,,,,explicit_identity_fallback;nasdaqtrader:nasdaqlisted,
TCMD,0001027838,TACTILE SYSTEMS TECHNOLOGY INC,Nasdaq,Healthcare,Medical Devices,"Healthcare: Providers, Plans, MedTech & Distribution",Common Stock,True,active,United States,USD,,,,,explicit_identity_fallback;nasdaqtrader:nasdaqlisted,
TECH,0000842023,BIO-TECHNE Corp,Nasdaq,Healthcare,Biotechnology,Healthcare: Biopharma & Research Tools,Common Stock,True,active,United States,USD,,,,,explicit_identity_fallback;nasdaqtrader:nasdaqlisted,
TENX,0000034956,"TENAX THERAPEUTICS, INC.",Nasdaq,Healthcare,Biotechnology,Healthcare: Biopharma & Research Tools,Common Stock,True,active,United States,USD,,,,,explicit_identity_fallback;nasdaqtrader:nasdaqlisted,
TLSA,0001723069,Tiziana Life Sciences Ltd,Nasdaq,Healthcare,Biotechnology,Healthcare: Biopharma & Research Tools,Common Stock,True,active,United States,USD,,,,,explicit_identity_fallback;nasdaqtrader:nasdaqlisted,
TLX,0002007191,Telix Pharmaceuticals Ltd,Nasdaq,Healthcare,Biotechnology,Healthcare: Biopharma & Research Tools,Preferred,True,active,United States,USD,,,,,explicit_identity_fallback;nasdaqtrader:nasdaqlisted,
TMCI,0001630627,"TREACE MEDICAL CONCEPTS, INC.",Nasdaq,Healthcare,Medical Devices,"Healthcare: Providers, Plans, MedTech & Distribution",Common Stock,True,active,United States,USD,,,,,explicit_identity_fallback;nasdaqtrader:nasdaqlisted,
TMDX,0001756262,"TransMedics Group, Inc.",Nasdaq,Healthcare,Medical Devices,"Healthcare: Providers, Plans, MedTech & Distribution",Common Stock,True,active,United States,USD,,,,,explicit_identity_fallback;nasdaqtrader:nasdaqlisted,
TMO,0000097745,THERMO FISHER SCIENTIFIC INC.,NYSE,Healthcare,Diagnostics & Research,Healthcare: Biopharma & Research Tools,Common Stock,True,active,United States,USD,,,,,explicit_identity_fallback;nasdaqtrader:otherlisted,
TNGX,0001819133,"Tango Therapeutics, Inc.",Nasdaq,Healthcare,Biotechnology,Healthcare: Biopharma & Research Tools,Common Stock,True,active,United States,USD,,,,,explicit_identity_fallback;nasdaqtrader:nasdaqlisted,
TNYA,0001858848,"Tenaya Therapeutics, Inc.",Nasdaq,Healthcare,Biotechnology,Healthcare: Biopharma & Research Tools,Common Stock,True,active_financial_status_D,United States,USD,,,,,explicit_identity_fallback;nasdaqtrader:nasdaqlisted,
TSHA,0001806310,"Taysha Gene Therapies, Inc.",Nasdaq,Healthcare,Biotechnology,Healthcare: Biopharma & Research Tools,Common Stock,True,active,United States,USD,,,,,explicit_identity_fallback;nasdaqtrader:nasdaqlisted,
TVTX,0001438533,"Travere Therapeutics, Inc.",Nasdaq,Healthcare,Biotechnology,Healthcare: Biopharma & Research Tools,Common Stock,True,active,United States,USD,,,,,explicit_identity_fallback;nasdaqtrader:nasdaqlisted,
TWST,0001581280,Twist Bioscience Corp,Nasdaq,Healthcare,Diagnostics & Research,Healthcare: Biopharma & Research Tools,Common Stock,True,active,United States,USD,,,,,explicit_identity_fallback;nasdaqtrader:nasdaqlisted,
TYRA,0001863127,"Tyra Biosciences, Inc.",Nasdaq,Healthcare,Biotechnology,Healthcare: Biopharma & Research Tools,Common Stock,True,active,United States,USD,,,,,explicit_identity_fallback;nasdaqtrader:nasdaqlisted,
UTHR,0001082554,UNITED THERAPEUTICS Corp,Nasdaq,Healthcare,Drug Manufacturers - Specialty & Generic,Healthcare: Biopharma & Research Tools,Common Stock,True,active,United States,USD,,,,,explicit_identity_fallback;nasdaqtrader:nasdaqlisted,
VERA,0001831828,"Vera Therapeutics, Inc.",Nasdaq,Healthcare,Biotechnology,Healthcare: Biopharma & Research Tools,Common Stock,True,active,United States,USD,,,,,explicit_identity_fallback;nasdaqtrader:nasdaqlisted,
VIR,0001706431,"Vir Biotechnology, Inc.",Nasdaq,Healthcare,Biotechnology,Healthcare: Biopharma & Research Tools,Common Stock,True,active,United States,USD,,,,,explicit_identity_fallback;nasdaqtrader:nasdaqlisted,
VKTX,0001607678,"Viking Therapeutics, Inc.",Nasdaq,Healthcare,Biotechnology,Healthcare: Biopharma & Research Tools,Common Stock,True,active,United States,USD,,,,,explicit_identity_fallback;nasdaqtrader:nasdaqlisted,
VNDA,0001347178,Vanda Pharmaceuticals Inc.,Nasdaq,Healthcare,Biotechnology,Healthcare: Biopharma & Research Tools,Common Stock,True,active,United States,USD,,,,,explicit_identity_fallback;nasdaqtrader:nasdaqlisted,
VRTX,0000875320,VERTEX PHARMACEUTICALS INC / MA,Nasdaq,Healthcare,Biotechnology,Healthcare: Biopharma & Research Tools,Common Stock,True,active,United States,USD,,,,,explicit_identity_fallback;nasdaqtrader:nasdaqlisted,
VTRS,0001792044,Viatris Inc,Nasdaq,Healthcare,Drug Manufacturers - Specialty & Generic,Healthcare: Biopharma & Research Tools,Common Stock,True,active,United States,USD,,,,,explicit_identity_fallback;nasdaqtrader:nasdaqlisted,
VYGR,0001640266,"Voyager Therapeutics, Inc.",Nasdaq,Healthcare,Biotechnology,Healthcare: Biopharma & Research Tools,Common Stock,True,active,United States,USD,,,,,explicit_identity_fallback;nasdaqtrader:nasdaqlisted,
WAT,0001000697,WATERS CORP /DE/,NYSE,Healthcare,Diagnostics & Research,Healthcare: Biopharma & Research Tools,Common Stock,True,active,United States,USD,,,,,explicit_identity_fallback;nasdaqtrader:otherlisted,
XBIT,0001626878,XBiotech Inc.,Nasdaq,Healthcare,Biotechnology,Healthcare: Biopharma & Research Tools,Common Stock,True,active,United States,USD,,,,,explicit_identity_fallback;nasdaqtrader:nasdaqlisted,
XENE,0001582313,Xenon Pharmaceuticals Inc.,Nasdaq,Healthcare,Biotechnology,Healthcare: Biopharma & Research Tools,Common Stock,True,active,United States,USD,,,,,explicit_identity_fallback;nasdaqtrader:nasdaqlisted,
XERS,0001867096,"Xeris Biopharma Holdings, Inc.",Nasdaq,Healthcare,Biotechnology,Healthcare: Biopharma & Research Tools,Common Stock,True,active,United States,USD,,,,,explicit_identity_fallback;nasdaqtrader:nasdaqlisted,
XNCR,0001326732,Xencor Inc,Nasdaq,Healthcare,Biotechnology,Healthcare: Biopharma & Research Tools,Common Stock,True,active,United States,USD,,,,,explicit_identity_fallback;nasdaqtrader:nasdaqlisted,
XTLB,0001023549,XTL BIOPHARMACEUTICALS LTD,Nasdaq,Healthcare,Biotechnology,Healthcare: Biopharma & Research Tools,Preferred,True,active,United States,USD,,,,,explicit_identity_fallback;nasdaqtrader:nasdaqlisted,
ZBH,0001136869,"ZIMMER BIOMET HOLDINGS, INC.",NYSE,Healthcare,Medical Devices,"Healthcare: Providers, Plans, MedTech & Distribution",Common Stock,True,active,United States,USD,,,,,explicit_identity_fallback;nasdaqtrader:otherlisted,
ZLAB,0001704292,Zai Lab Ltd,Nasdaq,Healthcare,Biotechnology,Healthcare: Biopharma & Research Tools,Preferred,True,active,United States,USD,,,,,explicit_identity_fallback;nasdaqtrader:nasdaqlisted,
ZVRA,0001434647,"ZEVRA THERAPEUTICS, INC.",Nasdaq,Healthcare,Biotechnology,Healthcare: Biopharma & Research Tools,Common Stock,True,active,United States,USD,,,,,explicit_identity_fallback;nasdaqtrader:nasdaqlisted,
ZYME,0001937653,Zymeworks Inc.,Nasdaq,Healthcare,Biotechnology,Healthcare: Biopharma & Research Tools,Common Stock,True,active,United States,USD,,,,,explicit_identity_fallback;nasdaqtrader:nasdaqlisted,
AARD,0001774857,"Aardvark Therapeutics, Inc.",Nasdaq,Healthcare,Biotechnology,Healthcare: Biopharma & Research Tools,Common Stock,True,active,United States,USD,,,,,explicit_identity_fallback;nasdaqtrader:nasdaqlisted,
ABEO,0000318306,ABEONA THERAPEUTICS INC.,Nasdaq,Healthcare,Biotechnology,Healthcare: Biopharma & Research Tools,Common Stock,True,active,United States,USD,,,,,explicit_identity_fallback;nasdaqtrader:nasdaqlisted,
ABOS,0001576885,"Acumen Pharmaceuticals, Inc.",Nasdaq,Healthcare,Biotechnology,Healthcare: Biopharma & Research Tools,Common Stock,True,active,United States,USD,,,,,explicit_identity_fallback;nasdaqtrader:nasdaqlisted,
ABVC,0001173313,"ABVC BIOPHARMA, INC.",Nasdaq,Healthcare,Biotechnology,Healthcare: Biopharma & Research Tools,Common Stock,True,active,United States,USD,,,,,explicit_identity_fallback;nasdaqtrader:nasdaqlisted,
ABVX,0001956827,Abivax S.A.,Nasdaq,Healthcare,Biotechnology,Healthcare: Biopharma & Research Tools,Preferred,True,active,United States,USD,,,,,explicit_identity_fallback;nasdaqtrader:nasdaqlisted,
ACHV,0000949858,"ACHIEVE LIFE SCIENCES, INC.",Nasdaq,Healthcare,Biotechnology,Healthcare: Biopharma & Research Tools,Common Stock,True,active,United States,USD,,,,,explicit_identity_fallback;nasdaqtrader:nasdaqlisted,
ACIU,0001651625,AC Immune SA,Nasdaq,Healthcare,Biotechnology,Healthcare: Biopharma & Research Tools,Common Stock,True,active,United States,USD,,,,,explicit_identity_fallback;nasdaqtrader:nasdaqlisted,
ACRS,0001557746,"Aclaris Therapeutics, Inc.",Nasdaq,Healthcare,Biotechnology,Healthcare: Biopharma & Research Tools,Common Stock,True,active,United States,USD,,,,,explicit_identity_fallback;nasdaqtrader:nasdaqlisted,
ACTU,0001652935,"ACTUATE THERAPEUTICS, INC.",Nasdaq,Healthcare,Biotechnology,Healthcare: Biopharma & Research Tools,Common Stock,True,active_financial_status_D,United States,USD,,,,,explicit_identity_fallback;nasdaqtrader:nasdaqlisted,
ACXP,0001736243,"Acurx Pharmaceuticals, Inc.",Nasdaq,Healthcare,Biotechnology,Healthcare: Biopharma & Research Tools,Common Stock,True,active,United States,USD,,,,,explicit_identity_fallback;nasdaqtrader:nasdaqlisted,
ADIL,0001513525,"ADIAL PHARMACEUTICALS, INC.",Nasdaq,Healthcare,Biotechnology,Healthcare: Biopharma & Research Tools,Common Stock,True,active,United States,USD,,,,,explicit_identity_fallback;nasdaqtrader:nasdaqlisted,
AEON,0001837607,"AEON Biopharma, Inc.",NYSE,Healthcare,Biotechnology,Healthcare: Biopharma & Research Tools,Common Stock,True,active,United States,USD,,,,,explicit_identity_fallback;nasdaqtrader:otherlisted,
AGEN,0001098972,AGENUS INC,Nasdaq,Healthcare,Biotechnology,Healthcare: Biopharma & Research Tools,Common Stock,True,active,United States,USD,,,,,explicit_identity_fallback;nasdaqtrader:nasdaqlisted,
AIM,0000946644,AIM ImmunoTech Inc.,NYSE,Healthcare,Biotechnology,Healthcare: Biopharma & Research Tools,Common Stock,True,active,United States,USD,,,,,explicit_identity_fallback;nasdaqtrader:otherlisted,
AKBA,0001517022,"Akebia Therapeutics, Inc.",Nasdaq,Healthcare,Drug Manufacturers - Specialty & Generic,Healthcare: Biopharma & Research Tools,Common Stock,True,active,United States,USD,,,,,explicit_identity_fallback;nasdaqtrader:nasdaqlisted,
AKTS,0002035832,"Aktis Oncology, Inc.",Nasdaq,Healthcare,Biotechnology,Healthcare: Biopharma & Research Tools,Common Stock,True,active,United States,USD,,,,,explicit_identity_fallback;nasdaqtrader:nasdaqlisted,
AKTX,0001541157,Akari Therapeutics Plc,Nasdaq,Healthcare,Biotechnology,Healthcare: Biopharma & Research Tools,Preferred,True,active,United States,USD,,,,,explicit_identity_fallback;nasdaqtrader:nasdaqlisted,
ALGS,0001799448,"Aligos Therapeutics, Inc.",Nasdaq,Healthcare,Biotechnology,Healthcare: Biopharma & Research Tools,Common Stock,True,active,United States,USD,,,,,explicit_identity_fallback;nasdaqtrader:nasdaqlisted,
ALZN,0001677077,"Alzamend Neuro, Inc.",Nasdaq,Healthcare,Biotechnology,Healthcare: Biopharma & Research Tools,Common Stock,True,active_financial_status_D,United States,USD,,,,,explicit_identity_fallback;nasdaqtrader:nasdaqlisted,
ANAB,0001370053,"ANAPTYSBIO, INC",Nasdaq,Healthcare,Biotechnology,Healthcare: Biopharma & Research Tools,Common Stock,True,active,United States,USD,,,,,explicit_identity_fallback;nasdaqtrader:nasdaqlisted,
ANL,0001944552,Adlai Nortye Ltd.,Nasdaq,Healthcare,Biotechnology,Healthcare: Biopharma & Research Tools,Preferred,True,active,United States,USD,,,,,explicit_identity_fallback;nasdaqtrader:nasdaqlisted,
ANVS,0001477845,"Annovis Bio, Inc.",NYSE,Healthcare,Biotechnology,Healthcare: Biopharma & Research Tools,Common Stock,True,active,United States,USD,,,,,explicit_identity_fallback;nasdaqtrader:otherlisted,
APGE,0001974640,"Apogee Therapeutics, Inc.",Nasdaq,Healthcare,Biotechnology,Healthcare: Biopharma & Research Tools,Common Stock,True,active,United States,USD,,,,,explicit_identity_fallback;nasdaqtrader:nasdaqlisted,
APLS,0001492422,"Apellis Pharmaceuticals, Inc.",Nasdaq,Healthcare,Biotechnology,Healthcare: Biopharma & Research Tools,Common Stock,True,active,United States,USD,,,,,explicit_identity_fallback,
APM,0001734005,Aptorum Group Ltd,Nasdaq,Healthcare,Biotechnology,Healthcare: Biopharma & Research Tools,Common Stock,True,unknown,Canada,CAD,,,,,explicit_identity_fallback,
APRE,0001781983,"Aprea Therapeutics, Inc.",Nasdaq,Healthcare,Biotechnology,Healthcare: Biopharma & Research Tools,Common Stock,True,active_financial_status_D,United States,USD,,,,,explicit_identity_fallback;nasdaqtrader:nasdaqlisted,
APVO,0001671584,Aptevo Therapeutics Inc.,Nasdaq,Healthcare,Biotechnology,Healthcare: Biopharma & Research Tools,Common Stock,True,active,United States,USD,,,,,explicit_identity_fallback;nasdaqtrader:nasdaqlisted,
AQST,0001398733,"Aquestive Therapeutics, Inc.",Nasdaq,Healthcare,Drug Manufacturers - Specialty & Generic,Healthcare: Biopharma & Research Tools,Common Stock,True,active,United States,USD,,,,,explicit_identity_fallback;nasdaqtrader:nasdaqlisted,
ARAY,0001138723,ACCURAY INC,Nasdaq,Healthcare,Medical Devices,"Healthcare: Providers, Plans, MedTech & Distribution",Common Stock,True,active_financial_status_D,United States,USD,,,,,explicit_identity_fallback;nasdaqtrader:nasdaqlisted,
ARCT,0001768224,Arcturus Therapeutics Holdings Inc.,Nasdaq,Healthcare,Biotechnology,Healthcare: Biopharma & Research Tools,Common Stock,True,active,United States,USD,,,,,explicit_identity_fallback;nasdaqtrader:nasdaqlisted,
ARGX,0001697862,ARGENX SE,Nasdaq,Healthcare,Biotechnology,Healthcare: Biopharma & Research Tools,Preferred,True,active,United States,USD,,,,,explicit_identity_fallback;nasdaqtrader:nasdaqlisted,
ARMP,0000921114,"Armata Pharmaceuticals, Inc.",NYSE,Healthcare,Biotechnology,Healthcare: Biopharma & Research Tools,Common Stock,True,active,United States,USD,,,,,explicit_identity_fallback;nasdaqtrader:otherlisted,
ARQT,0001787306,"Arcutis Biotherapeutics, Inc.",Nasdaq,Healthcare,Biotechnology,Healthcare: Biopharma & Research Tools,Common Stock,True,active,United States,USD,,,,,explicit_identity_fallback;nasdaqtrader:nasdaqlisted,
ASBP,0001847345,"Aspire Biopharma Holdings, Inc.",Nasdaq,Healthcare,Biotechnology,Healthcare: Biopharma & Research Tools,Common Stock,True,active,United States,USD,,,,,explicit_identity_fallback;nasdaqtrader:nasdaqlisted,
ASMB,0001426800,"ASSEMBLY BIOSCIENCES, INC.",Nasdaq,Healthcare,Biotechnology,Healthcare: Biopharma & Research Tools,Common Stock,True,active,United States,USD,,,,,explicit_identity_fallback;nasdaqtrader:nasdaqlisted,
ATOS,0001488039,"ATOSSA THERAPEUTICS, INC.",Nasdaq,Healthcare,Biotechnology,Healthcare: Biopharma & Research Tools,Common Stock,True,active,United States,USD,,,,,explicit_identity_fallback;nasdaqtrader:nasdaqlisted,
ATRA,0001604464,"Atara Biotherapeutics, Inc.",Nasdaq,Healthcare,Biotechnology,Healthcare: Biopharma & Research Tools,Common Stock,True,active,United States,USD,,,,,explicit_identity_fallback;nasdaqtrader:nasdaqlisted,
ATYR,0001339970,aTYR PHARMA INC,Nasdaq,Healthcare,Biotechnology,Healthcare: Biopharma & Research Tools,Common Stock,True,active_financial_status_D,United States,USD,,,,,explicit_identity_fallback;nasdaqtrader:nasdaqlisted,
AURA,0001501796,"Aura Biosciences, Inc.",Nasdaq,Healthcare,Biotechnology,Healthcare: Biopharma & Research Tools,Common Stock,True,active,United States,USD,,,,,explicit_identity_fallback;nasdaqtrader:nasdaqlisted,
AUTL,0001730463,Autolus Therapeutics plc,Nasdaq,Healthcare,Biotechnology,Healthcare: Biopharma & Research Tools,Preferred,True,active,United States,USD,,,,,explicit_identity_fallback;nasdaqtrader:nasdaqlisted,
AVBP,0001868279,"ArriVent BioPharma, Inc.",Nasdaq,Healthcare,Biotechnology,Healthcare: Biopharma & Research Tools,Common Stock,True,active,United States,USD,,,,,explicit_identity_fallback;nasdaqtrader:nasdaqlisted,
AVTX,0001534120,"Avalo Therapeutics, Inc.",Nasdaq,Healthcare,Biotechnology,Healthcare: Biopharma & Research Tools,Common Stock,True,active,United States,USD,,,,,explicit_identity_fallback;nasdaqtrader:nasdaqlisted,
AVXL,0001314052,ANAVEX LIFE SCIENCES CORP.,Nasdaq,Healthcare,Biotechnology,Healthcare: Biopharma & Research Tools,Common Stock,True,active_financial_status_E,United States,USD,,,,,explicit_identity_fallback;nasdaqtrader:nasdaqlisted,
AZTR,0001701478,"Azitra, Inc.",NYSE,Healthcare,Biotechnology,Healthcare: Biopharma & Research Tools,Common Stock,True,active,United States,USD,,,,,explicit_identity_fallback;nasdaqtrader:otherlisted,
BBLG,0001419554,Bone Biologics Corp,Nasdaq,Healthcare,Biotechnology,Healthcare: Biopharma & Research Tools,Common Stock,True,active,United States,USD,,,,,explicit_identity_fallback;nasdaqtrader:nasdaqlisted,
BBNX,0001674632,"Beta Bionics, Inc.",Nasdaq,Healthcare,Medical Devices,"Healthcare: Providers, Plans, MedTech & Distribution",Common Stock,True,active,United States,USD,,,,,explicit_identity_fallback;nasdaqtrader:nasdaqlisted,
BBOT,0001869105,"BridgeBio Oncology Therapeutics, Inc.",Nasdaq,Healthcare,Biotechnology,Healthcare: Biopharma & Research Tools,Common Stock,True,active,United States,USD,,,,,explicit_identity_fallback;nasdaqtrader:nasdaqlisted,
BCAB,0001826892,"BioAtla, Inc.",Nasdaq,Healthcare,Biotechnology,Healthcare: Biopharma & Research Tools,Common Stock,True,active_financial_status_D,United States,USD,,,,,explicit_identity_fallback;nasdaqtrader:nasdaqlisted,
BCDA,0000925741,"BioCardia, Inc.",Nasdaq,Healthcare,Biotechnology,Healthcare: Biopharma & Research Tools,Common Stock,True,active_financial_status_D,United States,USD,,,,,explicit_identity_fallback;nasdaqtrader:nasdaqlisted,
BCTX,0001610820,BriaCell Therapeutics Corp.,Nasdaq,Healthcare,Biotechnology,Healthcare: Biopharma & Research Tools,Common Stock,True,active,United States,USD,,,,,explicit_identity_fallback;nasdaqtrader:nasdaqlisted,
BDRX,0001643918,Biodexa Pharmaceuticals Plc,Nasdaq,Healthcare,Biotechnology,Healthcare: Biopharma & Research Tools,Preferred,True,active,United States,USD,,,,,explicit_identity_fallback;nasdaqtrader:nasdaqlisted,
BHVN,0001935979,Biohaven Ltd.,NYSE,Healthcare,Biotechnology,Healthcare: Biopharma & Research Tools,Common Stock,True,active,United States,USD,,,,,explicit_identity_fallback;nasdaqtrader:otherlisted,
BIOA,0001709941,"BioAge Labs, Inc.",Nasdaq,Healthcare,Drug Manufacturers - Specialty & Generic,Healthcare: Biopharma & Research Tools,Common Stock,True,active,United States,USD,,,,,explicit_identity_fallback;nasdaqtrader:nasdaqlisted,
BIVI,0001580149,BIOVIE INC.,Nasdaq,Healthcare,Biotechnology,Healthcare: Biopharma & Research Tools,Common Stock,True,active,United States,USD,,,,,explicit_identity_fallback;nasdaqtrader:nasdaqlisted,
BMEA,0001840439,"Biomea Fusion, Inc.",Nasdaq,Healthcare,Biotechnology,Healthcare: Biopharma & Research Tools,Common Stock,True,active,United States,USD,,,,,explicit_identity_fallback;nasdaqtrader:nasdaqlisted,
BNTC,0001808898,Benitec Biopharma Inc.,Nasdaq,Healthcare,Biotechnology,Healthcare: Biopharma & Research Tools,Common Stock,True,active,United States,USD,,,,,explicit_identity_fallback;nasdaqtrader:nasdaqlisted,
BOLT,0001641281,"Bolt Biotherapeutics, Inc.",Nasdaq,Healthcare,Biotechnology,Healthcare: Biopharma & Research Tools,Common Stock,True,active,United States,USD,,,,,explicit_identity_fallback;nasdaqtrader:nasdaqlisted,
BRNS,0001828185,Barinthus Biotherapeutics plc.,Nasdaq,Healthcare,Biotechnology,Healthcare: Biopharma & Research Tools,Preferred,True,active_financial_status_D,United States,USD,,,,,explicit_identity_fallback;nasdaqtrader:nasdaqlisted,
BRTX,0001505497,"BioRestorative Therapies, Inc.",Nasdaq,Healthcare,Biotechnology,Healthcare: Biopharma & Research Tools,Common Stock,True,active_financial_status_D,United States,USD,,,,,explicit_identity_fallback;nasdaqtrader:nasdaqlisted,
BSX,0000885725,BOSTON SCIENTIFIC CORP,NYSE,Healthcare,Medical Devices,"Healthcare: Providers, Plans, MedTech & Distribution",Common Stock,True,active,United States,USD,,,,,explicit_identity_fallback;nasdaqtrader:otherlisted,
BYSI,0001677940,BeyondSpring Inc.,Nasdaq,Healthcare,Biotechnology,Healthcare: Biopharma & Research Tools,Ordinary Shares,True,active,United States,USD,,,,,explicit_identity_fallback;nasdaqtrader:nasdaqlisted,
CABA,0001759138,"Cabaletta Bio, Inc.",Nasdaq,Healthcare,Biotechnology,Healthcare: Biopharma & Research Tools,Common Stock,True,active,United States,USD,,,,,explicit_identity_fallback;nasdaqtrader:nasdaqlisted,
CADL,0001841387,"Candel Therapeutics, Inc.",Nasdaq,Healthcare,Biotechnology,Healthcare: Biopharma & Research Tools,Common Stock,True,active,United States,USD,,,,,explicit_identity_fallback;nasdaqtrader:nasdaqlisted,
CAI,0002019410,"Caris Life Sciences, Inc.",Nasdaq,Healthcare,Biotechnology,Healthcare: Biopharma & Research Tools,Common Stock,True,active,United States,USD,,,,,explicit_identity_fallback;nasdaqtrader:nasdaqlisted,
CALC,0001534133,"CalciMedica, Inc.",Nasdaq,Healthcare,Biotechnology,Healthcare: Biopharma & Research Tools,Common Stock,True,active_financial_status_D,United States,USD,,,,,explicit_identity_fallback;nasdaqtrader:nasdaqlisted,
CANF,0001536196,Can-Fite BioPharma Ltd.,NYSE,Healthcare,Biotechnology,Healthcare: Biopharma & Research Tools,Preferred,True,active,United States,USD,,,,,explicit_identity_fallback;nasdaqtrader:otherlisted,
CAPR,0001133869,"CAPRICOR THERAPEUTICS, INC.",Nasdaq,Healthcare,Biotechnology,Healthcare: Biopharma & Research Tools,Common Stock,True,active,United States,USD,,,,,explicit_identity_fallback;nasdaqtrader:nasdaqlisted,
CATX,0000728387,"Perspective Therapeutics, Inc.",NYSE,Healthcare,Medical Devices,"Healthcare: Providers, Plans, MedTech & Distribution",Common Stock,True,active,United States,USD,,,,,explicit_identity_fallback;nasdaqtrader:otherlisted,
CBIO,0001253689,"CRESCENT BIOPHARMA, INC.",Nasdaq,Healthcare,Biotechnology,Healthcare: Biopharma & Research Tools,Common Stock,True,active,United States,USD,,,,,explicit_identity_fallback;nasdaqtrader:nasdaqlisted,
CBLL,0001861107,"Ceribell, Inc.",Nasdaq,Healthcare,Medical Devices,"Healthcare: Providers, Plans, MedTech & Distribution",Common Stock,True,active,United States,USD,,,,,explicit_identity_fallback;nasdaqtrader:nasdaqlisted,
CCCC,0001662579,"C4 Therapeutics, Inc.",Nasdaq,Healthcare,Biotechnology,Healthcare: Biopharma & Research Tools,Common Stock,True,active,United States,USD,,,,,explicit_identity_fallback;nasdaqtrader:nasdaqlisted,
CERS,0001020214,CERUS CORP,Nasdaq,Healthcare,Medical Devices,"Healthcare: Providers, Plans, MedTech & Distribution",Common Stock,True,active,United States,USD,,,,,explicit_identity_fallback;nasdaqtrader:nasdaqlisted,
CGEM,0001789972,"Cullinan Therapeutics, Inc.",Nasdaq,Healthcare,Biotechnology,Healthcare: Biopharma & Research Tools,Common Stock,True,active,United States,USD,,,,,explicit_identity_fallback;nasdaqtrader:nasdaqlisted,
CLLS,0001627281,Cellectis S.A.,Nasdaq,Healthcare,Biotechnology,Healthcare: Biopharma & Research Tools,Preferred,True,active,United States,USD,,,,,explicit_identity_fallback;nasdaqtrader:nasdaqlisted,
CLRB,0001279704,"Cellectar Biosciences, Inc.",Nasdaq,Healthcare,Biotechnology,Healthcare: Biopharma & Research Tools,Common Stock,True,active,United States,USD,,,,,explicit_identity_fallback;nasdaqtrader:nasdaqlisted,
CMMB,0001534248,Chemomab Therapeutics Ltd.,Nasdaq,Healthcare,Biotechnology,Healthcare: Biopharma & Research Tools,Preferred,True,active,United States,USD,,,,,explicit_identity_fallback;nasdaqtrader:nasdaqlisted,
CMPX,0001738021,"Compass Therapeutics, Inc.",Nasdaq,Healthcare,Biotechnology,Healthcare: Biopharma & Research Tools,Common Stock,True,active,United States,USD,,,,,explicit_identity_fallback;nasdaqtrader:nasdaqlisted,
CNSP,0001729427,"CNS Pharmaceuticals, Inc.",Nasdaq,Healthcare,Biotechnology,Healthcare: Biopharma & Research Tools,Common Stock,True,active,United States,USD,,,,,explicit_identity_fallback;nasdaqtrader:nasdaqlisted,
CNTB,0001835268,Connect Biopharma Holdings Ltd,Nasdaq,Healthcare,Biotechnology,Healthcare: Biopharma & Research Tools,Ordinary Shares,True,active,United States,USD,,,,,explicit_identity_fallback;nasdaqtrader:nasdaqlisted,
COCP,0001412486,"Cocrystal Pharma, Inc.",Nasdaq,Healthcare,Biotechnology,Healthcare: Biopharma & Research Tools,Common Stock,True,active,United States,USD,,,,,explicit_identity_fallback;nasdaqtrader:nasdaqlisted,
COEP,0001759186,"Coeptis Therapeutics Holdings, Inc.",Nasdaq,Healthcare,Biotechnology,Healthcare: Biopharma & Research Tools,Common Stock,True,active,United States,USD,,,,,explicit_identity_fallback,
COYA,0001835022,"Coya Therapeutics, Inc.",Nasdaq,Healthcare,Biotechnology,Healthcare: Biopharma & Research Tools,Common Stock,True,active,United States,USD,,,,,explicit_identity_fallback;nasdaqtrader:nasdaqlisted,
CRBU,0001619856,"Caribou Biosciences, Inc.",Nasdaq,Healthcare,Biotechnology,Healthcare: Biopharma & Research Tools,Common Stock,True,active,United States,USD,,,,,explicit_identity_fallback;nasdaqtrader:nasdaqlisted,
CRDF,0001213037,"Cardiff Oncology, Inc.",Nasdaq,Healthcare,Biotechnology,Healthcare: Biopharma & Research Tools,Common Stock,True,active,United States,USD,,,,,explicit_identity_fallback;nasdaqtrader:nasdaqlisted,
CRIS,0001108205,CURIS INC,Nasdaq,Healthcare,Biotechnology,Healthcare: Biopharma & Research Tools,Common Stock,True,active,United States,USD,,,,,explicit_identity_fallback;nasdaqtrader:nasdaqlisted,
CRVO,0001053691,CervoMed Inc.,Nasdaq,Healthcare,Biotechnology,Healthcare: Biopharma & Research Tools,Common Stock,True,active,United States,USD,,,,,explicit_identity_fallback;nasdaqtrader:nasdaqlisted,
CRVS,0001626971,"Corvus Pharmaceuticals, Inc.",Nasdaq,Healthcare,Biotechnology,Healthcare: Biopharma & Research Tools,Common Stock,True,active,United States,USD,,,,,explicit_identity_fallback;nasdaqtrader:nasdaqlisted,
CSTL,0001447362,CASTLE BIOSCIENCES INC,Nasdaq,Healthcare,Diagnostics & Research,Healthcare: Biopharma & Research Tools,Common Stock,True,active,United States,USD,,,,,explicit_identity_fallback;nasdaqtrader:nasdaqlisted,
CTXR,0001506251,"Citius Pharmaceuticals, Inc.",Nasdaq,Healthcare,Biotechnology,Healthcare: Biopharma & Research Tools,Common Stock,True,active_financial_status_D,United States,USD,,,,,explicit_identity_fallback;nasdaqtrader:nasdaqlisted,
CUE,0001645460,"Cue Biopharma, Inc.",Nasdaq,Healthcare,Biotechnology,Healthcare: Biopharma & Research Tools,Common Stock,True,active,United States,USD,,,,,explicit_identity_fallback;nasdaqtrader:nasdaqlisted,
CVM,0000725363,CEL SCI CORP,NYSE,Healthcare,Biotechnology,Healthcare: Biopharma & Research Tools,Common Stock,True,active,United States,USD,,,,,explicit_identity_fallback;nasdaqtrader:otherlisted,
CYCN,0001755237,"Cyclerion Therapeutics, Inc.",Nasdaq,Healthcare,Biotechnology,Healthcare: Biopharma & Research Tools,Common Stock,True,active,United States,USD,,,,,explicit_identity_fallback;nasdaqtrader:nasdaqlisted,
DBVT,0001613780,DBV Technologies S.A.,Nasdaq,Healthcare,Biotechnology,Healthcare: Biopharma & Research Tools,Preferred,True,active,United States,USD,,,,,explicit_identity_fallback;nasdaqtrader:nasdaqlisted,
DCTH,0000872912,"DELCATH SYSTEMS, INC.",Nasdaq,Healthcare,Medical Devices,"Healthcare: Providers, Plans, MedTech & Distribution",Common Stock,True,active,United States,USD,,,,,explicit_identity_fallback;nasdaqtrader:nasdaqlisted,
DERM,0001867066,Journey Medical Corp,Nasdaq,Healthcare,Drug Manufacturers - Specialty & Generic,Healthcare: Biopharma & Research Tools,Common Stock,True,active,United States,USD,,,,,explicit_identity_fallback;nasdaqtrader:nasdaqlisted,
DFTX,0001813814,"Definium Therapeutics, Inc.",Nasdaq,Healthcare,Biotechnology,Healthcare: Biopharma & Research Tools,Common Stock,True,active,United States,USD,,,,,explicit_identity_fallback;nasdaqtrader:nasdaqlisted,
DNTH,0001690585,"Dianthus Therapeutics, Inc. /DE/",Nasdaq,Healthcare,Biotechnology,Healthcare: Biopharma & Research Tools,Common Stock,True,active,United States,USD,,,,,explicit_identity_fallback;nasdaqtrader:nasdaqlisted,
DRMA,0001853816,"Dermata Therapeutics, Inc.",Nasdaq,Healthcare,Biotechnology,Healthcare: Biopharma & Research Tools,Common Stock,True,active,United States,USD,,,,,explicit_identity_fallback;nasdaqtrader:nasdaqlisted,
DSGN,0001807120,"Design Therapeutics, Inc.",Nasdaq,Healthcare,Biotechnology,Healthcare: Biopharma & Research Tools,Common Stock,True,active,United States,USD,,,,,explicit_identity_fallback;nasdaqtrader:nasdaqlisted,
DWTX,0001818844,"Dogwood Therapeutics, Inc.",Nasdaq,Healthcare,Biotechnology,Healthcare: Biopharma & Research Tools,Common Stock,True,active,United States,USD,,,,,explicit_identity_fallback;nasdaqtrader:nasdaqlisted,
EBS,0001367644,Emergent BioSolutions Inc.,NYSE,Healthcare,Drug Manufacturers - Specialty & Generic,Healthcare: Biopharma & Research Tools,Common Stock,True,active,United States,USD,,,,,explicit_identity_fallback;nasdaqtrader:otherlisted,
EDSA,0001540159,"Edesa Biotech, Inc.",Nasdaq,Healthcare,Biotechnology,Healthcare: Biopharma & Research Tools,Common Stock,True,active,United States,USD,,,,,explicit_identity_fallback;nasdaqtrader:nasdaqlisted,
EIKN,0001861123,"Eikon Therapeutics, Inc.",Nasdaq,Healthcare,Biotechnology,Healthcare: Biopharma & Research Tools,Common Stock,True,active,United States,USD,,,,,explicit_identity_fallback;nasdaqtrader:nasdaqlisted,
ELDN,0001404281,"Eledon Pharmaceuticals, Inc.",Nasdaq,Healthcare,Biotechnology,Healthcare: Biopharma & Research Tools,Common Stock,True,active,United States,USD,,,,,explicit_identity_fallback;nasdaqtrader:nasdaqlisted,
ELTX,0001601485,"Elicio Therapeutics, Inc.",Nasdaq,Healthcare,Biotechnology,Healthcare: Biopharma & Research Tools,Common Stock,True,active,United States,USD,,,,,explicit_identity_fallback;nasdaqtrader:nasdaqlisted,
ELVN,0001672619,"Enliven Therapeutics, Inc.",Nasdaq,Healthcare,Biotechnology,Healthcare: Biopharma & Research Tools,Common Stock,True,active,United States,USD,,,,,explicit_identity_fallback;nasdaqtrader:nasdaqlisted,
ENGN,0001980845,enGene Therapeutics Inc.,Nasdaq,Healthcare,Biotechnology,Healthcare: Biopharma & Research Tools,Common Stock,True,active,United States,USD,,,,,explicit_identity_fallback;nasdaqtrader:nasdaqlisted,
ENLV,0001596812,Enlivex Ltd.,Nasdaq,Healthcare,Biotechnology,Healthcare: Biopharma & Research Tools,Ordinary Shares,True,active,United States,USD,,,,,explicit_identity_fallback;nasdaqtrader:nasdaqlisted,
ENSC,0001716947,"Ensysce Biosciences, Inc.",Nasdaq,Healthcare,Biotechnology,Healthcare: Biopharma & Research Tools,Common Stock,True,active_financial_status_D,United States,USD,,,,,explicit_identity_fallback;nasdaqtrader:nasdaqlisted,
ENTX,0001638097,Entera Bio Ltd.,Nasdaq,Healthcare,Biotechnology,Healthcare: Biopharma & Research Tools,Ordinary Shares,True,active,United States,USD,,,,,explicit_identity_fallback;nasdaqtrader:nasdaqlisted,
EOLS,0001570562,"Evolus, Inc.",Nasdaq,Healthcare,Drug Manufacturers - Specialty & Generic,Healthcare: Biopharma & Research Tools,Common Stock,True,active,United States,USD,,,,,explicit_identity_fallback;nasdaqtrader:nasdaqlisted,
EQ,0001746466,"Equillium, Inc.",Nasdaq,Healthcare,Biotechnology,Healthcare: Biopharma & Research Tools,Common Stock,True,active,United States,USD,,,,,explicit_identity_fallback;nasdaqtrader:nasdaqlisted,
EVMN,0002044725,"Evommune, Inc.",NYSE,Healthcare,Biotechnology,Healthcare: Biopharma & Research Tools,Common Stock,True,active,United States,USD,,,,,explicit_identity_fallback;nasdaqtrader:otherlisted,
EWTX,0001710072,"Edgewise Therapeutics, Inc.",Nasdaq,Healthcare,Biotechnology,Healthcare: Biopharma & Research Tools,Common Stock,True,active,United States,USD,,,,,explicit_identity_fallback;nasdaqtrader:nasdaqlisted,
FATE,0001434316,FATE THERAPEUTICS INC,Nasdaq,Healthcare,Biotechnology,Healthcare: Biopharma & Research Tools,Common Stock,True,active,United States,USD,,,,,explicit_identity_fallback;nasdaqtrader:nasdaqlisted,
FBLG,0001958777,"FibroBiologics, Inc.",Nasdaq,Healthcare,Biotechnology,Healthcare: Biopharma & Research Tools,Common Stock,True,active_financial_status_D,United States,USD,,,,,explicit_identity_fallback;nasdaqtrader:nasdaqlisted,
FBRX,0001419041,"Forte Biosciences, Inc.",Nasdaq,Healthcare,Biotechnology,Healthcare: Biopharma & Research Tools,Common Stock,True,active,United States,USD,,,,,explicit_identity_fallback;nasdaqtrader:nasdaqlisted,
GALT,0001133416,GALECTIN THERAPEUTICS INC,Nasdaq,Healthcare,Biotechnology,Healthcare: Biopharma & Research Tools,Common Stock,True,active,United States,USD,,,,,explicit_identity_fallback;nasdaqtrader:nasdaqlisted,
GANX,0001819411,"Gain Therapeutics, Inc.",Nasdaq,Healthcare,Biotechnology,Healthcare: Biopharma & Research Tools,Common Stock,True,active,United States,USD,,,,,explicit_identity_fallback;nasdaqtrader:nasdaqlisted,
GDTC,0001873093,CytoMed Therapeutics Ltd,Nasdaq,Healthcare,Biotechnology,Healthcare: Biopharma & Research Tools,Ordinary Shares,True,active,United States,USD,,,,,explicit_identity_fallback;nasdaqtrader:nasdaqlisted,
GENB,0002100782,"Generate Biomedicines, Inc.",Nasdaq,Healthcare,Biotechnology,Healthcare: Biopharma & Research Tools,Common Stock,True,active,United States,USD,,,,,explicit_identity_fallback;nasdaqtrader:nasdaqlisted,
GLMD,0001595353,Galmed Pharmaceuticals Ltd.,Nasdaq,Healthcare,Biotechnology,Healthcare: Biopharma & Research Tools,Ordinary Shares,True,active_financial_status_D,United States,USD,,,,,explicit_identity_fallback;nasdaqtrader:nasdaqlisted,
GLSI,0001799788,"Greenwich LifeSciences, Inc.",Nasdaq,Healthcare,Biotechnology,Healthcare: Biopharma & Research Tools,Common Stock,True,active,United States,USD,,,,,explicit_identity_fallback;nasdaqtrader:nasdaqlisted,
GNLX,0001231457,GENELUX Corp,Nasdaq,Healthcare,Biotechnology,Healthcare: Biopharma & Research Tools,Common Stock,True,active,United States,USD,,,,,explicit_identity_fallback;nasdaqtrader:nasdaqlisted,
GNPX,0001595248,"Genprex, Inc.",Nasdaq,Healthcare,Biotechnology,Healthcare: Biopharma & Research Tools,Common Stock,True,active,United States,USD,,,,,explicit_identity_fallback;nasdaqtrader:nasdaqlisted,
GNTA,0001838716,Genenta Science S.p.A.,Nasdaq,Healthcare,Biotechnology,Healthcare: Biopharma & Research Tools,Preferred,True,active,United States,USD,,,,,explicit_identity_fallback;nasdaqtrader:nasdaqlisted,
GOSS,0001728117,"Gossamer Bio, Inc.",Nasdaq,Healthcare,Biotechnology,Healthcare: Biopharma & Research Tools,Common Stock,True,active_financial_status_D,United States,USD,,,,,explicit_identity_fallback;nasdaqtrader:nasdaqlisted,
GOVX,0000832489,"GeoVax Labs, Inc.",Nasdaq,Healthcare,Biotechnology,Healthcare: Biopharma & Research Tools,Common Stock,True,active_financial_status_D,United States,USD,,,,,explicit_identity_fallback;nasdaqtrader:nasdaqlisted,
GRAL,0001699031,"GRAIL, Inc.",Nasdaq,Healthcare,Diagnostics & Research,Healthcare: Biopharma & Research Tools,Common Stock,True,active,United States,USD,,,,,explicit_identity_fallback;nasdaqtrader:nasdaqlisted,
GRI,0001824293,"GRI Bio, Inc.",Nasdaq,Healthcare,Biotechnology,Healthcare: Biopharma & Research Tools,Common Stock,True,active,United States,USD,,,,,explicit_identity_fallback;nasdaqtrader:nasdaqlisted,
GTBP,0000109657,"GT Biopharma, Inc.",Nasdaq,Healthcare,Biotechnology,Healthcare: Biopharma & Research Tools,Common Stock,True,active_financial_status_D,United States,USD,,,,,explicit_identity_fallback;nasdaqtrader:nasdaqlisted,
GUTS,0001572616,"FRACTYL HEALTH, INC.",Nasdaq,Healthcare,Biotechnology,Healthcare: Biopharma & Research Tools,Common Stock,True,active_financial_status_D,United States,USD,,,,,explicit_identity_fallback;nasdaqtrader:nasdaqlisted,
HCWB,0001828673,HCW Biologics Inc.,Nasdaq,Healthcare,Biotechnology,Healthcare: Biopharma & Research Tools,Common Stock,True,active,United States,USD,,,,,explicit_identity_fallback;nasdaqtrader:nasdaqlisted,
HIND,0001427570,"Vyome Holdings, Inc",Nasdaq,Healthcare,Biotechnology,Healthcare: Biopharma & Research Tools,Common Stock,True,active,United States,USD,,,,,explicit_identity_fallback;nasdaqtrader:nasdaqlisted,
HOTH,0001711786,"Hoth Therapeutics, Inc.",Nasdaq,Healthcare,Biotechnology,Healthcare: Biopharma & Research Tools,Common Stock,True,active,United States,USD,,,,,explicit_identity_fallback,
HOWL,0001785530,"Werewolf Therapeutics, Inc.",Nasdaq,Healthcare,Biotechnology,Healthcare: Biopharma & Research Tools,Common Stock,True,active_financial_status_D,United States,USD,,,,,explicit_identity_fallback;nasdaqtrader:nasdaqlisted,
HRMY,0001802665,"Harmony Biosciences Holdings, Inc.",Nasdaq,Healthcare,Biotechnology,Healthcare: Biopharma & Research Tools,Common Stock,True,active,United States,USD,,,,,explicit_identity_fallback;nasdaqtrader:nasdaqlisted,
HUMA,0001818382,"Humacyte, Inc.",Nasdaq,Healthcare,Biotechnology,Healthcare: Biopharma & Research Tools,Common Stock,True,active_financial_status_D,United States,USD,,,,,explicit_identity_fallback;nasdaqtrader:nasdaqlisted,
HURA,0001498382,"TuHURA Biosciences, Inc./NV",Nasdaq,Healthcare,Biotechnology,Healthcare: Biopharma & Research Tools,Common Stock,True,active,United States,USD,,,,,explicit_identity_fallback;nasdaqtrader:nasdaqlisted,
IBIO,0001420720,"iBio, Inc.",Nasdaq,Healthcare,Biotechnology,Healthcare: Biopharma & Research Tools,Common Stock,True,active,United States,USD,,,,,explicit_identity_fallback;nasdaqtrader:nasdaqlisted,
IBRX,0001326110,"ImmunityBio, Inc.",Nasdaq,Healthcare,Biotechnology,Healthcare: Biopharma & Research Tools,Common Stock,True,active,United States,USD,,,,,explicit_identity_fallback;nasdaqtrader:nasdaqlisted,
ICU,0001831868,SeaStar Medical Holding Corp,Nasdaq,Healthcare,Biotechnology,Healthcare: Biopharma & Research Tools,Common Stock,True,active,United States,USD,,,,,explicit_identity_fallback;nasdaqtrader:nasdaqlisted,
IFRX,0001708688,InflaRx N.V.,Nasdaq,Healthcare,Biotechnology,Healthcare: Biopharma & Research Tools,Common Stock,True,active,United States,USD,,,,,explicit_identity_fallback;nasdaqtrader:nasdaqlisted,
IGC,0001326205,"IGC Pharma, Inc.",NYSE,Healthcare,Biotechnology,Healthcare: Biopharma & Research Tools,Common Stock,True,active,United States,USD,,,,,explicit_identity_fallback;nasdaqtrader:otherlisted,
IMMX,0001873835,"Immix Biopharma, Inc.",Nasdaq,Healthcare,Biotechnology,Healthcare: Biopharma & Research Tools,Common Stock,True,active,United States,USD,,,,,explicit_identity_fallback;nasdaqtrader:nasdaqlisted,
IMNN,0000749647,"Imunon, Inc.",Nasdaq,Healthcare,Biotechnology,Healthcare: Biopharma & Research Tools,Common Stock,True,active,United States,USD,,,,,explicit_identity_fallback;nasdaqtrader:nasdaqlisted,
IMRX,0001790340,Immuneering Corp,Nasdaq,Healthcare,Biotechnology,Healthcare: Biopharma & Research Tools,Common Stock,True,active,United States,USD,,,,,explicit_identity_fallback;nasdaqtrader:nasdaqlisted,
IMTX,0001809196,Immatics N.V.,Nasdaq,Healthcare,Biotechnology,Healthcare: Biopharma & Research Tools,Ordinary Shares,True,active,United States,USD,,,,,explicit_identity_fallback;nasdaqtrader:nasdaqlisted,
IMUX,0001280776,"IMMUNIC, INC.",Nasdaq,Healthcare,Biotechnology,Healthcare: Biopharma & Research Tools,Common Stock,True,active,United States,USD,,,,,explicit_identity_fallback;nasdaqtrader:nasdaqlisted,
INAB,0001740279,"IN8BIO, INC.",Nasdaq,Healthcare,Biotechnology,Healthcare: Biopharma & Research Tools,Common Stock,True,active,United States,USD,,,,,explicit_identity_fallback;nasdaqtrader:nasdaqlisted,
INDP,0001857044,"Indaptus Therapeutics, Inc.",Nasdaq,Healthcare,Biotechnology,Healthcare: Biopharma & Research Tools,Common Stock,True,active,United States,USD,,,,,explicit_identity_fallback;nasdaqtrader:nasdaqlisted,
INKT,0001840229,"MiNK Therapeutics, Inc.",Nasdaq,Healthcare,Biotechnology,Healthcare: Biopharma & Research Tools,Common Stock,True,active,United States,USD,,,,,explicit_identity_fallback;nasdaqtrader:nasdaqlisted,
INMB,0001711754,"Inmune Bio, Inc.",Nasdaq,Healthcare,Biotechnology,Healthcare: Biopharma & Research Tools,Common Stock,True,active,United States,USD,,,,,explicit_identity_fallback;nasdaqtrader:nasdaqlisted,
INO,0001055726,"INOVIO PHARMACEUTICALS, INC.",Nasdaq,Healthcare,Biotechnology,Healthcare: Biopharma & Research Tools,Common Stock,True,active,United States,USD,,,,,explicit_identity_fallback;nasdaqtrader:nasdaqlisted,
INTS,0001567264,"INTENSITY THERAPEUTICS, INC.",Nasdaq,Healthcare,Biotechnology,Healthcare: Biopharma & Research Tools,Common Stock,True,active,United States,USD,,,,,explicit_identity_fallback;nasdaqtrader:nasdaqlisted,
INVA,0001080014,"Innoviva, Inc.",Nasdaq,Healthcare,Biotechnology,Healthcare: Biopharma & Research Tools,Common Stock,True,active,United States,USD,,,,,explicit_identity_fallback;nasdaqtrader:nasdaqlisted,
IOVA,0001425205,"IOVANCE BIOTHERAPEUTICS, INC.",Nasdaq,Healthcare,Biotechnology,Healthcare: Biopharma & Research Tools,Common Stock,True,active,United States,USD,,,,,explicit_identity_fallback;nasdaqtrader:nasdaqlisted,
IPHA,0001598599,Innate Pharma SA,Nasdaq,Healthcare,Biotechnology,Healthcare: Biopharma & Research Tools,Preferred,True,active,United States,USD,,,,,explicit_identity_fallback;nasdaqtrader:nasdaqlisted,
IPSC,0001850119,"Century Therapeutics, Inc.",Nasdaq,Healthcare,Biotechnology,Healthcare: Biopharma & Research Tools,Common Stock,True,active,United States,USD,,,,,explicit_identity_fallback;nasdaqtrader:nasdaqlisted,
IRD,0001228627,"Opus Genetics, Inc.",Nasdaq,Healthcare,Biotechnology,Healthcare: Biopharma & Research Tools,Common Stock,True,active,United States,USD,,,,,explicit_identity_fallback;nasdaqtrader:nasdaqlisted,
IVA,0001756594,Inventiva S.A.,Nasdaq,Healthcare,Biotechnology,Healthcare: Biopharma & Research Tools,Unknown,True,active,United States,USD,,,,,explicit_identity_fallback;nasdaqtrader:nasdaqlisted,
IVVD,0001832038,"Invivyd, Inc.",Nasdaq,Healthcare,Biotechnology,Healthcare: Biopharma & Research Tools,Common Stock,True,active_financial_status_D,United States,USD,,,,,explicit_identity_fallback;nasdaqtrader:nasdaqlisted,
JAGX,0001585608,"Jaguar Health, Inc.",Nasdaq,Healthcare,Biotechnology,Healthcare: Biopharma & Research Tools,Common Stock,True,active,United States,USD,,,,,explicit_identity_fallback;nasdaqtrader:nasdaqlisted,
JANX,0001817713,"Janux Therapeutics, Inc.",Nasdaq,Healthcare,Biotechnology,Healthcare: Biopharma & Research Tools,Common Stock,True,active,United States,USD,,,,,explicit_identity_fallback;nasdaqtrader:nasdaqlisted,
JBIO,0001798749,"Jade Biosciences, Inc.",Nasdaq,Healthcare,Biotechnology,Healthcare: Biopharma & Research Tools,Common Stock,True,active,United States,USD,,,,,explicit_identity_fallback;nasdaqtrader:nasdaqlisted,
JSPR,0001788028,"Jasper Therapeutics, Inc.",Nasdaq,Healthcare,Biotechnology,Healthcare: Biopharma & Research Tools,Common Stock,True,active_financial_status_D,United States,USD,,,,,explicit_identity_fallback;nasdaqtrader:nasdaqlisted,
KAPA,0001962011,"Kairos Pharma, LTD.",NYSE,Healthcare,Biotechnology,Healthcare: Biopharma & Research Tools,Common Stock,True,active,United States,USD,,,,,explicit_identity_fallback;nasdaqtrader:otherlisted,
KOD,0001468748,Kodiak Sciences Inc.,Nasdaq,Healthcare,Biotechnology,Healthcare: Biopharma & Research Tools,Common Stock,True,active,United States,USD,,,,,explicit_identity_fallback;nasdaqtrader:nasdaqlisted,
KPRX,0001372514,KIORA PHARMACEUTICALS INC,Nasdaq,Healthcare,Biotechnology,Healthcare: Biopharma & Research Tools,Common Stock,True,active,United States,USD,,,,,explicit_identity_fallback;nasdaqtrader:nasdaqlisted,
KPTI,0001503802,Karyopharm Therapeutics Inc.,Nasdaq,Healthcare,Biotechnology,Healthcare: Biopharma & Research Tools,Common Stock,True,active,United States,USD,,,,,explicit_identity_fallback;nasdaqtrader:nasdaqlisted,
KTTA,0001841330,Pasithea Therapeutics Corp.,Nasdaq,Healthcare,Biotechnology,Healthcare: Biopharma & Research Tools,Common Stock,True,active_financial_status_D,United States,USD,,,,,explicit_identity_fallback;nasdaqtrader:nasdaqlisted,
KYNB,0000921299,"KYNTRA BIO, INC.",Nasdaq,Healthcare,Biotechnology,Healthcare: Biopharma & Research Tools,Common Stock,True,active_financial_status_D,United States,USD,,,,,explicit_identity_fallback;nasdaqtrader:nasdaqlisted,
KZR,0001645666,"Kezar Life Sciences, Inc.",Nasdaq,Healthcare,Biotechnology,Healthcare: Biopharma & Research Tools,Common Stock,True,active,United States,USD,,,,,explicit_identity_fallback,
LEGN,0001801198,Legend Biotech Corp,Nasdaq,Healthcare,Biotechnology,Healthcare: Biopharma & Research Tools,Preferred,True,active,United States,USD,,,,,explicit_identity_fallback;nasdaqtrader:nasdaqlisted,
LEXX,0001348362,Lexaria Bioscience Corp.,Nasdaq,Healthcare,Biotechnology,Healthcare: Biopharma & Research Tools,Common Stock,True,active,United States,USD,,,,,explicit_identity_fallback;nasdaqtrader:nasdaqlisted,
LGVN,0001721484,Longeveron Inc.,Nasdaq,Healthcare,Biotechnology,Healthcare: Biopharma & Research Tools,Common Stock,True,active_financial_status_D,United States,USD,,,,,explicit_identity_fallback;nasdaqtrader:nasdaqlisted,
LIVN,0001639691,LivaNova PLC,Nasdaq,Healthcare,Medical Devices,"Healthcare: Providers, Plans, MedTech & Distribution",Ordinary Shares,True,active,United States,USD,,,,,explicit_identity_fallback;nasdaqtrader:nasdaqlisted,
LIXT,0001335105,"LIXTE BIOTECHNOLOGY HOLDINGS, INC.",Nasdaq,Healthcare,Biotechnology,Healthcare: Biopharma & Research Tools,Common Stock,True,active,United States,USD,,,,,explicit_identity_fallback,
LNTH,0001521036,"Lantheus Holdings, Inc.",Nasdaq,Healthcare,Drug Manufacturers - Specialty & Generic,Healthcare: Biopharma & Research Tools,Common Stock,True,active,United States,USD,,,,,explicit_identity_fallback;nasdaqtrader:nasdaqlisted,
LPCN,0001535955,Lipocine Inc.,Nasdaq,Healthcare,Biotechnology,Healthcare: Biopharma & Research Tools,Common Stock,True,active,United States,USD,,,,,explicit_identity_fallback;nasdaqtrader:nasdaqlisted,
LRMR,0001374690,"Larimar Therapeutics, Inc.",Nasdaq,Healthcare,Biotechnology,Healthcare: Biopharma & Research Tools,Common Stock,True,active,United States,USD,,,,,explicit_identity_fallback;nasdaqtrader:nasdaqlisted,
LSTA,0000320017,"LISATA THERAPEUTICS, INC.",Nasdaq,Healthcare,Biotechnology,Healthcare: Biopharma & Research Tools,Common Stock,True,active,United States,USD,,,,,explicit_identity_fallback;nasdaqtrader:nasdaqlisted,
LTRN,0001763950,Lantern Pharma Inc.,Nasdaq,Healthcare,Biotechnology,Healthcare: Biopharma & Research Tools,Common Stock,True,active,United States,USD,,,,,explicit_identity_fallback;nasdaqtrader:nasdaqlisted,
LUCD,0001799011,Lucid Diagnostics Inc.,Nasdaq,Healthcare,Medical Devices,"Healthcare: Providers, Plans, MedTech & Distribution",Common Stock,True,active,United States,USD,,,,,explicit_identity_fallback;nasdaqtrader:nasdaqlisted,
LYEL,0001806952,"Lyell Immunopharma, Inc.",Nasdaq,Healthcare,Biotechnology,Healthcare: Biopharma & Research Tools,Common Stock,True,active,United States,USD,,,,,explicit_identity_fallback;nasdaqtrader:nasdaqlisted,
MAIA,0001878313,"MAIA Biotechnology, Inc.",NYSE,Healthcare,Biotechnology,Healthcare: Biopharma & Research Tools,Common Stock,True,active,United States,USD,,,,,explicit_identity_fallback;nasdaqtrader:otherlisted,
MANE,0001827635,"Veradermics, Inc",NYSE,Healthcare,Biotechnology,Healthcare: Biopharma & Research Tools,Common Stock,True,active,United States,USD,,,,,explicit_identity_fallback;nasdaqtrader:otherlisted,
MAZE,0001842295,"Maze Therapeutics, Inc.",Nasdaq,Healthcare,Biotechnology,Healthcare: Biopharma & Research Tools,Common Stock,True,active,United States,USD,,,,,explicit_identity_fallback;nasdaqtrader:nasdaqlisted,
MBIO,0001680048,"MUSTANG BIO, INC.",Nasdaq,Healthcare,Biotechnology,Healthcare: Biopharma & Research Tools,Common Stock,True,active_financial_status_D,United States,USD,,,,,explicit_identity_fallback;nasdaqtrader:nasdaqlisted,
MCRB,0001609809,"Seres Therapeutics, Inc.",Nasdaq,Healthcare,Biotechnology,Healthcare: Biopharma & Research Tools,Common Stock,True,active,United States,USD,,,,,explicit_identity_fallback;nasdaqtrader:nasdaqlisted,
MDGL,0001157601,"MADRIGAL PHARMACEUTICALS, INC.",Nasdaq,Healthcare,Biotechnology,Healthcare: Biopharma & Research Tools,Common Stock,True,active,United States,USD,,,,,explicit_identity_fallback;nasdaqtrader:nasdaqlisted,
MDWD,0001593984,MediWound Ltd.,Nasdaq,Healthcare,Biotechnology,Healthcare: Biopharma & Research Tools,Ordinary Shares,True,active,United States,USD,,,,,explicit_identity_fallback;nasdaqtrader:nasdaqlisted,
MIST,0001408443,Milestone Pharmaceuticals Inc.,Nasdaq,Healthcare,Biotechnology,Healthcare: Biopharma & Research Tools,Common Stock,True,active,United States,USD,,,,,explicit_identity_fallback;nasdaqtrader:nasdaqlisted,
MLTX,0001821586,MoonLake Immunotherapeutics,Nasdaq,Healthcare,Biotechnology,Healthcare: Biopharma & Research Tools,Ordinary Shares,True,active,United States,USD,,,,,explicit_identity_fallback;nasdaqtrader:nasdaqlisted,
MNPR,0001645469,Monopar Therapeutics,Nasdaq,Healthcare,Biotechnology,Healthcare: Biopharma & Research Tools,Common Stock,True,active,United States,USD,,,,,explicit_identity_fallback;nasdaqtrader:nasdaqlisted,
MPLT,0001770069,"MapLight Therapeutics, Inc.",Nasdaq,Healthcare,Biotechnology,Healthcare: Biopharma & Research Tools,Common Stock,True,active,United States,USD,,,,,explicit_identity_fallback;nasdaqtrader:nasdaqlisted,
MREO,0001719714,Mereo BioPharma Group plc,Nasdaq,Healthcare,Biotechnology,Healthcare: Biopharma & Research Tools,Preferred,True,active_financial_status_D,United States,USD,,,,,explicit_identity_fallback;nasdaqtrader:nasdaqlisted,
MRKR,0001094038,"Marker Therapeutics, Inc.",Nasdaq,Healthcare,Biotechnology,Healthcare: Biopharma & Research Tools,Common Stock,True,active,United States,USD,,,,,explicit_identity_fallback;nasdaqtrader:nasdaqlisted,
MSLE,0001421642,Satellos Bioscience Inc.,Nasdaq,Healthcare,Biotechnology,Healthcare: Biopharma & Research Tools,Common Stock,True,active,United States,USD,,,,,explicit_identity_fallback;nasdaqtrader:nasdaqlisted,
MTNB,0001582554,"Matinas BioPharma Holdings, Inc.",NYSE,Healthcare,Biotechnology,Healthcare: Biopharma & Research Tools,Common Stock,True,active,United States,USD,,,,,explicit_identity_fallback;nasdaqtrader:otherlisted,
MYO,0001369290,"MYOMO, INC.",NYSE,Healthcare,Medical Devices,"Healthcare: Providers, Plans, MedTech & Distribution",Common Stock,True,active,United States,USD,,,,,explicit_identity_fallback;nasdaqtrader:otherlisted,
NBTX,0001760854,Nanobiotix S.A.,Nasdaq,Healthcare,Biotechnology,Healthcare: Biopharma & Research Tools,Unknown,True,active,United States,USD,,,,,explicit_identity_fallback;nasdaqtrader:nasdaqlisted,
NCNA,0001709626,NuCana plc,Nasdaq,Healthcare,Biotechnology,Healthcare: Biopharma & Research Tools,Preferred,True,active,United States,USD,,,,,explicit_identity_fallback;nasdaqtrader:nasdaqlisted,
NERV,0001598646,"Minerva Neurosciences, Inc.",Nasdaq,Healthcare,Biotechnology,Healthcare: Biopharma & Research Tools,Common Stock,True,active,United States,USD,,,,,explicit_identity_fallback;nasdaqtrader:nasdaqlisted,
NGEN,0001751912,NERVGEN PHARMA CORP.,Nasdaq,Healthcare,Biotechnology,Healthcare: Biopharma & Research Tools,Common Stock,True,active,United States,USD,,,,,explicit_identity_fallback;nasdaqtrader:nasdaqlisted,
NGNE,0001404644,Neurogene Inc.,Nasdaq,Healthcare,Biotechnology,Healthcare: Biopharma & Research Tools,Common Stock,True,active,United States,USD,,,,,explicit_identity_fallback;nasdaqtrader:nasdaqlisted,
NKTR,0000906709,NEKTAR THERAPEUTICS,Nasdaq,Healthcare,Biotechnology,Healthcare: Biopharma & Research Tools,Common Stock,True,active,United States,USD,,,,,explicit_identity_fallback;nasdaqtrader:nasdaqlisted,
NKTX,0001787400,"Nkarta, Inc.",Nasdaq,Healthcare,Biotechnology,Healthcare: Biopharma & Research Tools,Common Stock,True,active,United States,USD,,,,,explicit_identity_fallback;nasdaqtrader:nasdaqlisted,
NPCE,0001528287,NeuroPace Inc,Nasdaq,Healthcare,Medical Devices,"Healthcare: Providers, Plans, MedTech & Distribution",Common Stock,True,active,United States,USD,,,,,explicit_identity_fallback;nasdaqtrader:nasdaqlisted,
NRIX,0001549595,"Nurix Therapeutics, Inc.",Nasdaq,Healthcare,Biotechnology,Healthcare: Biopharma & Research Tools,Common Stock,True,active,United States,USD,,,,,explicit_identity_fallback;nasdaqtrader:nasdaqlisted,
NRSN,0001875091,NeuroSense Therapeutics Ltd.,Nasdaq,Healthcare,Biotechnology,Healthcare: Biopharma & Research Tools,Ordinary Shares,True,active_financial_status_D,United States,USD,,,,,explicit_identity_fallback;nasdaqtrader:nasdaqlisted,
NTHI,0001979414,"NEONC TECHNOLOGIES HOLDINGS, INC.",Nasdaq,Healthcare,Biotechnology,Healthcare: Biopharma & Research Tools,Common Stock,True,active,United States,USD,,,,,explicit_identity_fallback;nasdaqtrader:nasdaqlisted,
NVAX,0001000694,NOVAVAX INC,Nasdaq,Healthcare,Biotechnology,Healthcare: Biopharma & Research Tools,Common Stock,True,active,United States,USD,,,,,explicit_identity_fallback;nasdaqtrader:nasdaqlisted,
NVCT,0001875558,"Nuvectis Pharma, Inc.",Nasdaq,Healthcare,Biotechnology,Healthcare: Biopharma & Research Tools,Common Stock,True,active,United States,USD,,,,,explicit_identity_fallback;nasdaqtrader:nasdaqlisted,
NXTC,0001661059,"NextCure, Inc.",Nasdaq,Healthcare,Biotechnology,Healthcare: Biopharma & Research Tools,Common Stock,True,active,United States,USD,,,,,explicit_identity_fallback;nasdaqtrader:nasdaqlisted,
OBIO,0001814114,"Orchestra BioMed Holdings, Inc.",Nasdaq,Healthcare,Biotechnology,Healthcare: Biopharma & Research Tools,Ordinary Shares,True,active,United States,USD,,,,,explicit_identity_fallback;nasdaqtrader:nasdaqlisted,
OCGN,0001372299,"Ocugen, Inc.",Nasdaq,Healthcare,Biotechnology,Healthcare: Biopharma & Research Tools,Common Stock,True,active,United States,USD,,,,,explicit_identity_fallback;nasdaqtrader:nasdaqlisted,
OCS,0001953530,Oculis Holding AG,Nasdaq,Healthcare,Biotechnology,Healthcare: Biopharma & Research Tools,Ordinary Shares,True,active,United States,USD,,,,,explicit_identity_fallback;nasdaqtrader:nasdaqlisted,
OGEN,0001174940,ORAGENICS INC,NYSE,Healthcare,Biotechnology,Healthcare: Biopharma & Research Tools,Common Stock,True,active,United States,USD,,,,,explicit_identity_fallback;nasdaqtrader:otherlisted,
OKUR,0001637715,"OnKure Therapeutics, Inc.",Nasdaq,Healthcare,Biotechnology,Healthcare: Biopharma & Research Tools,Common Stock,True,active,United States,USD,,,,,explicit_identity_fallback;nasdaqtrader:nasdaqlisted,
OLMA,0001750284,"Olema Pharmaceuticals, Inc.",Nasdaq,Healthcare,Biotechnology,Healthcare: Biopharma & Research Tools,Common Stock,True,active,United States,USD,,,,,explicit_identity_fallback;nasdaqtrader:nasdaqlisted,
OM,0001484612,"Outset Medical, Inc.",Nasdaq,Healthcare,Medical Devices,"Healthcare: Providers, Plans, MedTech & Distribution",Common Stock,True,active,United States,USD,,,,,explicit_identity_fallback;nasdaqtrader:nasdaqlisted,
ONCY,0001129928,ONCOLYTICS BIOTECH INC,Nasdaq,Healthcare,Biotechnology,Healthcare: Biopharma & Research Tools,Common Stock,True,active_financial_status_D,United States,USD,,,,,explicit_identity_fallback;nasdaqtrader:nasdaqlisted,
ORIC,0001796280,"Oric Pharmaceuticals, Inc.",Nasdaq,Healthcare,Biotechnology,Healthcare: Biopharma & Research Tools,Common Stock,True,active,United States,USD,,,,,explicit_identity_fallback;nasdaqtrader:nasdaqlisted,
ORKA,0000907654,"Oruka Therapeutics, Inc.",Nasdaq,Healthcare,Biotechnology,Healthcare: Biopharma & Research Tools,Common Stock,True,active,United States,USD,,,,,explicit_identity_fallback;nasdaqtrader:nasdaqlisted,
ORMP,0001176309,ORAMED PHARMACEUTICALS INC.,Nasdaq,Healthcare,Biotechnology,Healthcare: Biopharma & Research Tools,Common Stock,True,active,United States,USD,,,,,explicit_identity_fallback;nasdaqtrader:nasdaqlisted,
OSTX,0001795091,OS Therapies Inc,NYSE,Healthcare,Biotechnology,Healthcare: Biopharma & Research Tools,Common Stock,True,active,United States,USD,,,,,explicit_identity_fallback;nasdaqtrader:otherlisted,
OTLK,0001649989,"Outlook Therapeutics, Inc.",Nasdaq,Healthcare,Biotechnology,Healthcare: Biopharma & Research Tools,Common Stock,True,active,United States,USD,,,,,explicit_identity_fallback;nasdaqtrader:nasdaqlisted,
PALI,0001357459,"PALISADE BIO, INC.",Nasdaq,Healthcare,Biotechnology,Healthcare: Biopharma & Research Tools,Common Stock,True,active,United States,USD,,,,,explicit_identity_fallback;nasdaqtrader:nasdaqlisted,
PASG,0001787297,"Passage BIO, Inc.",Nasdaq,Healthcare,Biotechnology,Healthcare: Biopharma & Research Tools,Common Stock,True,active,United States,USD,,,,,explicit_identity_fallback;nasdaqtrader:nasdaqlisted,
PCSA,0001533743,"Processa Pharmaceuticals, Inc.",Nasdaq,Healthcare,Biotechnology,Healthcare: Biopharma & Research Tools,Common Stock,True,active,United States,USD,,,,,explicit_identity_fallback;nasdaqtrader:nasdaqlisted,
PDSB,0001472091,PDS Biotechnology Corp,Nasdaq,Healthcare,Biotechnology,Healthcare: Biopharma & Research Tools,Common Stock,True,active_financial_status_D,United States,USD,,,,,explicit_identity_fallback;nasdaqtrader:nasdaqlisted,
PGEN,0001356090,"PRECIGEN, INC.",Nasdaq,Healthcare,Biotechnology,Healthcare: Biopharma & Research Tools,Common Stock,True,active,United States,USD,,,,,explicit_identity_fallback;nasdaqtrader:nasdaqlisted,
PHAR,0001828316,Pharming Group N.V.,Nasdaq,Healthcare,Biotechnology,Healthcare: Biopharma & Research Tools,ADR/ADS,True,active,United States,USD,,,,,explicit_identity_fallback;nasdaqtrader:nasdaqlisted,
PHAT,0001783183,"Phathom Pharmaceuticals, Inc.",Nasdaq,Healthcare,Biotechnology,Healthcare: Biopharma & Research Tools,Common Stock,True,active,United States,USD,,,,,explicit_identity_fallback;nasdaqtrader:nasdaqlisted,
PHIO,0001533040,Phio Pharmaceuticals Corp.,Nasdaq,Healthcare,Biotechnology,Healthcare: Biopharma & Research Tools,Common Stock,True,active,United States,USD,,,,,explicit_identity_fallback;nasdaqtrader:nasdaqlisted,
PHVS,0001830487,Pharvaris N.V.,Nasdaq,Healthcare,Biotechnology,Healthcare: Biopharma & Research Tools,Ordinary Shares,True,active,United States,USD,,,,,explicit_identity_fallback;nasdaqtrader:nasdaqlisted,
PLYX,0002075320,"Polaryx Therapeutics, Inc.",Nasdaq,Healthcare,Biotechnology,Healthcare: Biopharma & Research Tools,Common Stock,True,active,United States,USD,,,,,explicit_identity_fallback;nasdaqtrader:nasdaqlisted,
PMN,0001374339,ProMIS Neurosciences Inc.,Nasdaq,Healthcare,Biotechnology,Healthcare: Biopharma & Research Tools,Common Stock,True,active,United States,USD,,,,,explicit_identity_fallback;nasdaqtrader:nasdaqlisted,
PRAX,0001689548,"Praxis Precision Medicines, Inc.",Nasdaq,Healthcare,Biotechnology,Healthcare: Biopharma & Research Tools,Common Stock,True,active,United States,USD,,,,,explicit_identity_fallback;nasdaqtrader:nasdaqlisted,
PRME,0001894562,"Prime Medicine, Inc.",Nasdaq,Healthcare,Biotechnology,Healthcare: Biopharma & Research Tools,Common Stock,True,active,United States,USD,,,,,explicit_identity_fallback;nasdaqtrader:nasdaqlisted,
PRQR,0001612940,ProQR Therapeutics N.V.,Nasdaq,Healthcare,Biotechnology,Healthcare: Biopharma & Research Tools,Ordinary Shares,True,active,United States,USD,,,,,explicit_identity_fallback;nasdaqtrader:nasdaqlisted,
PRTC,0001782999,PureTech Health plc,Nasdaq,Healthcare,Biotechnology,Healthcare: Biopharma & Research Tools,ADR/ADS,True,active,United States,USD,,,,,explicit_identity_fallback,
PSTV,0001095981,"PLUS THERAPEUTICS, INC.",Nasdaq,Healthcare,Biotechnology,Healthcare: Biopharma & Research Tools,Unknown,True,unknown,United States,USD,,,,,explicit_identity_fallback,
PTN,0000911216,PALATIN TECHNOLOGIES INC,NYSE,Healthcare,Biotechnology,Healthcare: Biopharma & Research Tools,Common Stock,True,active,United States,USD,,,,,explicit_identity_fallback;nasdaqtrader:nasdaqlisted,
PULM,0001574235,"Pulmatrix, Inc.",Nasdaq,Healthcare,Biotechnology,Healthcare: Biopharma & Research Tools,Common Stock,True,active,United States,USD,,,,,explicit_identity_fallback;nasdaqtrader:nasdaqlisted,
PVLA,0001583648,"PALVELLA THERAPEUTICS, INC.",Nasdaq,Healthcare,Biotechnology,Healthcare: Biopharma & Research Tools,Common Stock,True,active,United States,USD,,,,,explicit_identity_fallback;nasdaqtrader:nasdaqlisted,
PYPD,0001611842,PolyPid Ltd.,Nasdaq,Healthcare,Biotechnology,Healthcare: Biopharma & Research Tools,Ordinary Shares,True,active,United States,USD,,,,,explicit_identity_fallback;nasdaqtrader:nasdaqlisted,
PYXS,0001782223,"Pyxis Oncology, Inc.",Nasdaq,Healthcare,Biotechnology,Healthcare: Biopharma & Research Tools,Common Stock,True,active,United States,USD,,,,,explicit_identity_fallback;nasdaqtrader:nasdaqlisted,
QNCX,0001662774,"Quince Therapeutics, Inc.",Nasdaq,Healthcare,Biotechnology,Healthcare: Biopharma & Research Tools,Common Stock,True,active,United States,USD,,,,,explicit_identity_fallback;nasdaqtrader:nasdaqlisted,
QNRX,0001671502,"Quoin Pharmaceuticals, Ltd.",Nasdaq,Healthcare,Biotechnology,Healthcare: Biopharma & Research Tools,Preferred,True,active,United States,USD,,,,,explicit_identity_fallback;nasdaqtrader:nasdaqlisted,
QNTM,0001771885,Quantum Biopharma Ltd.,Nasdaq,Healthcare,Biotechnology,Healthcare: Biopharma & Research Tools,Unknown,True,active,United States,USD,,,,,explicit_identity_fallback;nasdaqtrader:nasdaqlisted,
QTTB,0001661998,Q32 Bio Inc.,Nasdaq,Healthcare,Biotechnology,Healthcare: Biopharma & Research Tools,Common Stock,True,active,United States,USD,,,,,explicit_identity_fallback;nasdaqtrader:nasdaqlisted,
RANI,0001856725,"Rani Therapeutics Holdings, Inc.",Nasdaq,Healthcare,Biotechnology,Healthcare: Biopharma & Research Tools,Common Stock,True,active_financial_status_D,United States,USD,,,,,explicit_identity_fallback;nasdaqtrader:nasdaqlisted,
RAPP,0002012593,"Rapport Therapeutics, Inc.",Nasdaq,Healthcare,Biotechnology,Healthcare: Biopharma & Research Tools,Common Stock,True,active,United States,USD,,,,,explicit_identity_fallback;nasdaqtrader:nasdaqlisted,
RCEL,0001762303,"AVITA Medical, Inc.",Nasdaq,Healthcare,Medical Devices,"Healthcare: Providers, Plans, MedTech & Distribution",Common Stock,True,active,United States,USD,,,,,explicit_identity_fallback;nasdaqtrader:nasdaqlisted,
REVB,0001810560,"REVELATION BIOSCIENCES, INC.",Nasdaq,Healthcare,Biotechnology,Healthcare: Biopharma & Research Tools,Common Stock,True,active,United States,USD,,,,,explicit_identity_fallback;nasdaqtrader:nasdaqlisted,
RGNX,0001590877,REGENXBIO Inc.,Nasdaq,Healthcare,Biotechnology,Healthcare: Biopharma & Research Tools,Common Stock,True,active,United States,USD,,,,,explicit_identity_fallback;nasdaqtrader:nasdaqlisted,
RLMD,0001553643,"RELMADA THERAPEUTICS, INC.",Nasdaq,Healthcare,Biotechnology,Healthcare: Biopharma & Research Tools,Common Stock,True,active,United States,USD,,,,,explicit_identity_fallback;nasdaqtrader:nasdaqlisted,
RLYB,0001739410,Rallybio Corp,Nasdaq,Healthcare,Biotechnology,Healthcare: Biopharma & Research Tools,Common Stock,True,active,United States,USD,,,,,explicit_identity_fallback;nasdaqtrader:nasdaqlisted,
RNAC,0001453687,"Cartesian Therapeutics, Inc.",Nasdaq,Healthcare,Biotechnology,Healthcare: Biopharma & Research Tools,Common Stock,True,active,United States,USD,,,,,explicit_identity_fallback;nasdaqtrader:nasdaqlisted,
RNAZ,0001829635,"Transcode Therapeutics, Inc.",Nasdaq,Healthcare,Biotechnology,Healthcare: Biopharma & Research Tools,Common Stock,True,active,United States,USD,,,,,explicit_identity_fallback;nasdaqtrader:nasdaqlisted,
RNTX,0001420565,"Rein Therapeutics, Inc.",Nasdaq,Healthcare,Biotechnology,Healthcare: Biopharma & Research Tools,Common Stock,True,active,United States,USD,,,,,explicit_identity_fallback;nasdaqtrader:nasdaqlisted,
RNXT,0001574094,"RenovoRx, Inc.",Nasdaq,Healthcare,Biotechnology,Healthcare: Biopharma & Research Tools,Common Stock,True,active,United States,USD,,,,,explicit_identity_fallback;nasdaqtrader:nasdaqlisted,
RVMD,0001628171,"Revolution Medicines, Inc.",Nasdaq,Healthcare,Biotechnology,Healthcare: Biopharma & Research Tools,Common Stock,True,active,United States,USD,,,,,explicit_identity_fallback;nasdaqtrader:nasdaqlisted,
RVPH,0001742927,"REVIVA PHARMACEUTICALS HOLDINGS, INC.",Nasdaq,Healthcare,Biotechnology,Healthcare: Biopharma & Research Tools,Common Stock,True,unknown,United States,USD,,,,,explicit_identity_fallback,
RXST,0001111485,"RxSight, Inc.",Nasdaq,Healthcare,Medical Devices,"Healthcare: Providers, Plans, MedTech & Distribution",Common Stock,True,active,United States,USD,,,,,explicit_identity_fallback;nasdaqtrader:nasdaqlisted,
RZLT,0001509261,"Rezolute, Inc.",Nasdaq,Healthcare,Biotechnology,Healthcare: Biopharma & Research Tools,Common Stock,True,active,United States,USD,,,,,explicit_identity_fallback;nasdaqtrader:nasdaqlisted,
SABS,0001833214,"SAB Biotherapeutics, Inc.",Nasdaq,Healthcare,Biotechnology,Healthcare: Biopharma & Research Tools,Common Stock,True,active,United States,USD,,,,,explicit_identity_fallback;nasdaqtrader:nasdaqlisted,
SANA,0001770121,"Sana Biotechnology, Inc.",Nasdaq,Healthcare,Biotechnology,Healthcare: Biopharma & Research Tools,Common Stock,True,active,United States,USD,,,,,explicit_identity_fallback;nasdaqtrader:nasdaqlisted,
SEPN,0001984086,"Septerna, Inc.",Nasdaq,Healthcare,Biotechnology,Healthcare: Biopharma & Research Tools,Common Stock,True,active,United States,USD,,,,,explicit_identity_fallback;nasdaqtrader:nasdaqlisted,
SGMO,0001001233,"SANGAMO THERAPEUTICS, INC",Nasdaq,Healthcare,Biotechnology,Healthcare: Biopharma & Research Tools,Unknown,True,unknown,United States,USD,,,,,explicit_identity_fallback,
SGMT,0001400118,Sagimet Biosciences Inc.,Nasdaq,Healthcare,Biotechnology,Healthcare: Biopharma & Research Tools,Common Stock,True,active,United States,USD,,,,,explicit_identity_fallback;nasdaqtrader:nasdaqlisted,
SGP,0001778922,"SpyGlass Pharma, Inc.",Nasdaq,Healthcare,Biotechnology,Healthcare: Biopharma & Research Tools,Common Stock,True,active,United States,USD,,,,,explicit_identity_fallback;nasdaqtrader:nasdaqlisted,
SION,0002036042,"Sionna Therapeutics, Inc.",Nasdaq,Healthcare,Biotechnology,Healthcare: Biopharma & Research Tools,Common Stock,True,active,United States,USD,,,,,explicit_identity_fallback;nasdaqtrader:nasdaqlisted,
SKYE,0001516551,"Skye Bioscience, Inc.",Nasdaq,Healthcare,Biotechnology,Healthcare: Biopharma & Research Tools,Common Stock,True,active_financial_status_D,United States,USD,,,,,explicit_identity_fallback;nasdaqtrader:nasdaqlisted,
SLDB,0001707502,Solid Biosciences Inc.,Nasdaq,Healthcare,Biotechnology,Healthcare: Biopharma & Research Tools,Common Stock,True,active,United States,USD,,,,,explicit_identity_fallback;nasdaqtrader:nasdaqlisted,
SLGL,0001684693,Sol-Gel Technologies Ltd.,Nasdaq,Healthcare,Biotechnology,Healthcare: Biopharma & Research Tools,Ordinary Shares,True,active,United States,USD,,,,,explicit_identity_fallback;nasdaqtrader:nasdaqlisted,
SLN,0001479615,Silence Therapeutics plc,Nasdaq,Healthcare,Biotechnology,Healthcare: Biopharma & Research Tools,Unknown,True,active,United States,USD,,,,,explicit_identity_fallback;nasdaqtrader:nasdaqlisted,
SLS,0001390478,"SELLAS Life Sciences Group, Inc.",Nasdaq,Healthcare,Biotechnology,Healthcare: Biopharma & Research Tools,Common Stock,True,active,United States,USD,,,,,explicit_identity_fallback;nasdaqtrader:nasdaqlisted,
SNGX,0000812796,"SOLIGENIX, INC.",Nasdaq,Healthcare,Biotechnology,Healthcare: Biopharma & Research Tools,Common Stock,True,active_financial_status_D,United States,USD,,,,,explicit_identity_fallback;nasdaqtrader:nasdaqlisted,
SNSE,0001829802,"Sensei Biotherapeutics, Inc.",Nasdaq,Healthcare,Biotechnology,Healthcare: Biopharma & Research Tools,Common Stock,True,active,United States,USD,,,,,explicit_identity_fallback,
SNTI,0001854270,"Senti Biosciences, Inc.",Nasdaq,Healthcare,Biotechnology,Healthcare: Biopharma & Research Tools,Common Stock,True,active,United States,USD,,,,,explicit_identity_fallback;nasdaqtrader:nasdaqlisted,
SPRB,0001683553,"SPRUCE BIOSCIENCES, INC.",Nasdaq,Healthcare,Biotechnology,Healthcare: Biopharma & Research Tools,Common Stock,True,active,United States,USD,,,,,explicit_identity_fallback;nasdaqtrader:nasdaqlisted,
SPRO,0001701108,"Spero Therapeutics, Inc.",Nasdaq,Healthcare,Biotechnology,Healthcare: Biopharma & Research Tools,Common Stock,True,active,United States,USD,,,,,explicit_identity_fallback;nasdaqtrader:nasdaqlisted,
SPRY,0001671858,"ARS Pharmaceuticals, Inc.",Nasdaq,Healthcare,Biotechnology,Healthcare: Biopharma & Research Tools,Common Stock,True,active,United States,USD,,,,,explicit_identity_fallback;nasdaqtrader:nasdaqlisted,
STIM,0001227636,"Neuronetics, Inc.",Nasdaq,Healthcare,Medical Devices,"Healthcare: Providers, Plans, MedTech & Distribution",Common Stock,True,active,United States,USD,,,,,explicit_identity_fallback;nasdaqtrader:nasdaqlisted,
STRO,0001382101,"SUTRO BIOPHARMA, INC.",Nasdaq,Healthcare,Biotechnology,Healthcare: Biopharma & Research Tools,Common Stock,True,active,United States,USD,,,,,explicit_identity_fallback;nasdaqtrader:nasdaqlisted,
SXTP,0001946563,"60 DEGREES PHARMACEUTICALS, INC.",Nasdaq,Healthcare,Biotechnology,Healthcare: Biopharma & Research Tools,Common Stock,True,active,United States,USD,,,,,explicit_identity_fallback;nasdaqtrader:nasdaqlisted,
SYRE,0001636282,"Spyre Therapeutics, Inc.",Nasdaq,Healthcare,Biotechnology,Healthcare: Biopharma & Research Tools,Common Stock,True,active,United States,USD,,,,,explicit_identity_fallback;nasdaqtrader:nasdaqlisted,
TCRT,0001107421,"Alaunos Therapeutics, Inc.",Nasdaq,Healthcare,Biotechnology,Healthcare: Biopharma & Research Tools,Common Stock,True,active_financial_status_D,United States,USD,,,,,explicit_identity_fallback;nasdaqtrader:nasdaqlisted,
TECX,0001681087,"Tectonic Therapeutic, Inc.",Nasdaq,Healthcare,Biotechnology,Healthcare: Biopharma & Research Tools,Common Stock,True,active,United States,USD,,,,,explicit_identity_fallback;nasdaqtrader:nasdaqlisted,
TGTX,0001001316,"TG THERAPEUTICS, INC.",Nasdaq,Healthcare,Biotechnology,Healthcare: Biopharma & Research Tools,Common Stock,True,active,United States,USD,,,,,explicit_identity_fallback;nasdaqtrader:nasdaqlisted,
TIL,0001789769,"Instil Bio, Inc.",Nasdaq,Healthcare,Biotechnology,Healthcare: Biopharma & Research Tools,Common Stock,True,active,United States,USD,,,,,explicit_identity_fallback;nasdaqtrader:nasdaqlisted,
TLSI,0001826667,"TriSalus Life Sciences, Inc.",Nasdaq,Healthcare,Medical Devices,"Healthcare: Providers, Plans, MedTech & Distribution",Common Stock,True,active,United States,USD,,,,,explicit_identity_fallback;nasdaqtrader:nasdaqlisted,
TNDM,0001438133,TANDEM DIABETES CARE INC,Nasdaq,Healthcare,Medical Devices,"Healthcare: Providers, Plans, MedTech & Distribution",Common Stock,True,active,United States,USD,,,,,explicit_identity_fallback;nasdaqtrader:nasdaqlisted,
TNXP,0001430306,Tonix Pharmaceuticals Holding Corp.,Nasdaq,Healthcare,Biotechnology,Healthcare: Biopharma & Research Tools,Common Stock,True,active,United States,USD,,,,,explicit_identity_fallback;nasdaqtrader:nasdaqlisted,
TOVX,0000894158,"Theriva Biologics, Inc.",NYSE,Healthcare,Biotechnology,Healthcare: Biopharma & Research Tools,Common Stock,True,active,United States,USD,,,,,explicit_identity_fallback;nasdaqtrader:otherlisted,
TPST,0001544227,"Tempest Therapeutics, Inc.",Nasdaq,Healthcare,Biotechnology,Healthcare: Biopharma & Research Tools,Common Stock,True,active_financial_status_D,United States,USD,,,,,explicit_identity_fallback;nasdaqtrader:nasdaqlisted,
TRAW,0001130598,"Traws Pharma, Inc.",Nasdaq,Healthcare,Biotechnology,Healthcare: Biopharma & Research Tools,Common Stock,True,active_financial_status_D,United States,USD,,,,,explicit_identity_fallback;nasdaqtrader:nasdaqlisted,
TRDA,0001689375,"Entrada Therapeutics, Inc.",Nasdaq,Healthcare,Biotechnology,Healthcare: Biopharma & Research Tools,Common Stock,True,active,United States,USD,,,,,explicit_identity_fallback;nasdaqtrader:nasdaqlisted,
TRVI,0001563880,"Trevi Therapeutics, Inc.",Nasdaq,Healthcare,Biotechnology,Healthcare: Biopharma & Research Tools,Common Stock,True,active,United States,USD,,,,,explicit_identity_fallback;nasdaqtrader:nasdaqlisted,
TTRX,0002023016,Turn Therapeutics Inc.,Nasdaq,Healthcare,Biotechnology,Healthcare: Biopharma & Research Tools,Common Stock,True,active,United States,USD,,,,,explicit_identity_fallback;nasdaqtrader:nasdaqlisted,
TVGN,0001860871,Tevogen Bio Holdings Inc.,Nasdaq,Healthcare,Biotechnology,Healthcare: Biopharma & Research Tools,Common Stock,True,active_financial_status_D,United States,USD,,,,,explicit_identity_fallback;nasdaqtrader:nasdaqlisted,
TVRD,0001346830,"Tvardi Therapeutics, Inc.",Nasdaq,Healthcare,Biotechnology,Healthcare: Biopharma & Research Tools,Common Stock,True,active,United States,USD,,,,,explicit_identity_fallback;nasdaqtrader:nasdaqlisted,
UNCY,0001766140,"Unicycive Therapeutics, Inc.",Nasdaq,Healthcare,Biotechnology,Healthcare: Biopharma & Research Tools,Common Stock,True,active,United States,USD,,,,,explicit_identity_fallback;nasdaqtrader:nasdaqlisted,
UPB,0002022626,"Upstream Bio, Inc.",Nasdaq,Healthcare,Biotechnology,Healthcare: Biopharma & Research Tools,Common Stock,True,active,United States,USD,,,,,explicit_identity_fallback;nasdaqtrader:nasdaqlisted,
URGN,0001668243,UroGen Pharma Ltd.,Nasdaq,Healthcare,Biotechnology,Healthcare: Biopharma & Research Tools,Ordinary Shares,True,active,United States,USD,,,,,explicit_identity_fallback;nasdaqtrader:nasdaqlisted,
VALN,0001836564,Valneva SE,Nasdaq,Healthcare,Biotechnology,Healthcare: Biopharma & Research Tools,Preferred,True,active,United States,USD,,,,,explicit_identity_fallback;nasdaqtrader:nasdaqlisted,
VANI,0001266806,"Vivani Medical, Inc.",Nasdaq,Healthcare,Biotechnology,Healthcare: Biopharma & Research Tools,Common Stock,True,active,United States,USD,,,,,explicit_identity_fallback;nasdaqtrader:nasdaqlisted,
VCEL,0000887359,Vericel Corp,Nasdaq,Healthcare,Biotechnology,Healthcare: Biopharma & Research Tools,Common Stock,True,active,United States,USD,,,,,explicit_identity_fallback;nasdaqtrader:nasdaqlisted,
VERU,0000863894,VERU INC.,Nasdaq,Healthcare,Biotechnology,Healthcare: Biopharma & Research Tools,Common Stock,True,active,United States,USD,,,,,explicit_identity_fallback;nasdaqtrader:nasdaqlisted,
VRCA,0001660334,Verrica Pharmaceuticals Inc.,Nasdaq,Healthcare,Biotechnology,Healthcare: Biopharma & Research Tools,Common Stock,True,active,United States,USD,,,,,explicit_identity_fallback;nasdaqtrader:nasdaqlisted,
VRDN,0001590750,"Viridian Therapeutics, Inc.\DE",Nasdaq,Healthcare,Biotechnology,Healthcare: Biopharma & Research Tools,Common Stock,True,active,United States,USD,,,,,explicit_identity_fallback;nasdaqtrader:nasdaqlisted,
VSTM,0001526119,"Verastem, Inc.",Nasdaq,Healthcare,Biotechnology,Healthcare: Biopharma & Research Tools,Common Stock,True,active,United States,USD,,,,,explicit_identity_fallback;nasdaqtrader:nasdaqlisted,
VTGN,0001411685,"Vistagen Therapeutics, Inc.",Nasdaq,Healthcare,Biotechnology,Healthcare: Biopharma & Research Tools,Common Stock,True,active_financial_status_D,United States,USD,,,,,explicit_identity_fallback;nasdaqtrader:nasdaqlisted,
VTVT,0001641489,vTv Therapeutics Inc.,Nasdaq,Healthcare,Biotechnology,Healthcare: Biopharma & Research Tools,Common Stock,True,active,United States,USD,,,,,explicit_identity_fallback;nasdaqtrader:nasdaqlisted,
VYNE,0001566044,VYNE Therapeutics Inc.,Nasdaq,Healthcare,Biotechnology,Healthcare: Biopharma & Research Tools,Unknown,True,unknown,United States,USD,,,,,explicit_identity_fallback,
WVE,0001631574,Wave Life Sciences Ltd.,Nasdaq,Healthcare,Biotechnology,Healthcare: Biopharma & Research Tools,Common Stock,True,active,United States,USD,,,,,explicit_identity_fallback;nasdaqtrader:nasdaqlisted,
XBIO,0001534525,"Xenetic Biosciences, Inc.",Nasdaq,Healthcare,Biotechnology,Healthcare: Biopharma & Research Tools,Common Stock,True,active,United States,USD,,,,,explicit_identity_fallback;nasdaqtrader:nasdaqlisted,
XCUR,0001698530,"EXICURE, INC.",Nasdaq,Healthcare,Biotechnology,Healthcare: Biopharma & Research Tools,Common Stock,True,active_financial_status_D,United States,USD,,,,,explicit_identity_fallback;nasdaqtrader:nasdaqlisted,
XFOR,0001501697,"X4 Pharmaceuticals, Inc",Nasdaq,Healthcare,Biotechnology,Healthcare: Biopharma & Research Tools,Common Stock,True,active,United States,USD,,,,,explicit_identity_fallback;nasdaqtrader:nasdaqlisted,
XLO,0001840233,"Xilio Therapeutics, Inc.",Nasdaq,Healthcare,Biotechnology,Healthcare: Biopharma & Research Tools,Common Stock,True,active,United States,USD,,,,,explicit_identity_fallback;nasdaqtrader:nasdaqlisted,
ZBIO,0001953926,"Zenas BioPharma, Inc.",Nasdaq,Healthcare,Biotechnology,Healthcare: Biopharma & Research Tools,Common Stock,True,active,United States,USD,,,,,explicit_identity_fallback;nasdaqtrader:nasdaqlisted,
ZNTL,0001725160,"Zentalis Pharmaceuticals, Inc.",Nasdaq,Healthcare,Biotechnology,Healthcare: Biopharma & Research Tools,Common Stock,True,active,United States,USD,,,,,explicit_identity_fallback;nasdaqtrader:nasdaqlisted,
ZURA,0001855644,Zura Bio Ltd,Nasdaq,Healthcare,Biotechnology,Healthcare: Biopharma & Research Tools,Ordinary Shares,True,active,United States,USD,,,,,explicit_identity_fallback;nasdaqtrader:nasdaqlisted,
ADXN,0001574232,Addex Therapeutics Ltd.,Nasdaq,Healthcare,Biotechnology,Healthcare: Biopharma & Research Tools,Preferred,True,active,United States,USD,,,,,explicit_identity_fallback;nasdaqtrader:nasdaqlisted,
AGMB,0002020932,Agomab Therapeutics NV,Nasdaq,Healthcare,Biotechnology,Healthcare: Biopharma & Research Tools,Common Stock,True,active,United States,USD,,,,,explicit_identity_fallback;nasdaqtrader:nasdaqlisted,
ALMS,0001847367,ALUMIS INC.,Nasdaq,Healthcare,Biotechnology,Healthcare: Biopharma & Research Tools,Common Stock,True,active,United States,USD,,,,,explicit_identity_fallback;nasdaqtrader:nasdaqlisted,
ALXO,0001810182,ALX ONCOLOGY HOLDINGS INC,Nasdaq,Healthcare,Biotechnology,Healthcare: Biopharma & Research Tools,Common Stock,True,active,United States,USD,,,,,explicit_identity_fallback;nasdaqtrader:nasdaqlisted,
ANRO,0001999480,"Alto Neuroscience, Inc.",NYSE,Healthcare,Biotechnology,Healthcare: Biopharma & Research Tools,Common Stock,True,active,United States,USD,,,,,explicit_identity_fallback;nasdaqtrader:otherlisted,
APLM,0001944885,Apollomics Inc.,Nasdaq,Healthcare,Biotechnology,Healthcare: Biopharma & Research Tools,Ordinary Shares,True,active,United States,USD,,,,,explicit_identity_fallback;nasdaqtrader:nasdaqlisted,
ARWR,0000879407,"ARROWHEAD PHARMACEUTICALS, INC.",Nasdaq,Healthcare,Biotechnology,Healthcare: Biopharma & Research Tools,Common Stock,True,active,United States,USD,,,,,explicit_identity_fallback;nasdaqtrader:nasdaqlisted,
BCAX,0002023658,Bicara Therapeutics Inc.,Nasdaq,Healthcare,Biotechnology,Healthcare: Biopharma & Research Tools,Common Stock,True,active,United States,USD,,,,,explicit_identity_fallback;nasdaqtrader:nasdaqlisted,
BEAM,0001745999,Beam Therapeutics Inc.,Nasdaq,Healthcare,Biotechnology,Healthcare: Biopharma & Research Tools,Common Stock,True,active,United States,USD,,,,,explicit_identity_fallback;nasdaqtrader:nasdaqlisted,
BLRX,0001498403,BioLineRx Ltd.,Nasdaq,Healthcare,Biotechnology,Healthcare: Biopharma & Research Tools,Preferred,True,active,United States,USD,,,,,explicit_identity_fallback;nasdaqtrader:nasdaqlisted,
BLTE,0001889109,"BELITE BIO, INC",Nasdaq,Healthcare,Biotechnology,Healthcare: Biopharma & Research Tools,Preferred,True,active,United States,USD,,,,,explicit_identity_fallback;nasdaqtrader:nasdaqlisted,
CAMP,0001736730,Camp4 Therapeutics Corp,Nasdaq,Healthcare,Biotechnology,Healthcare: Biopharma & Research Tools,Common Stock,True,active,United States,USD,,,,,explicit_identity_fallback;nasdaqtrader:nasdaqlisted,
CELC,0001603454,Celcuity Inc.,Nasdaq,Healthcare,Biotechnology,Healthcare: Biopharma & Research Tools,Common Stock,True,active,United States,USD,,,,,explicit_identity_fallback;nasdaqtrader:nasdaqlisted,
CELU,0001752828,Celularity Inc,Nasdaq,Healthcare,Biotechnology,Healthcare: Biopharma & Research Tools,Common Stock,True,active_financial_status_H,United States,USD,,,,,explicit_identity_fallback;nasdaqtrader:nasdaqlisted,
CELZ,0001187953,"CREATIVE MEDICAL TECHNOLOGY HOLDINGS, INC.",Nasdaq,Healthcare,Biotechnology,Healthcare: Biopharma & Research Tools,Common Stock,True,active,United States,USD,,,,,explicit_identity_fallback;nasdaqtrader:nasdaqlisted,
CGON,0001991792,"CG Oncology, Inc.",Nasdaq,Healthcare,Biotechnology,Healthcare: Biopharma & Research Tools,Common Stock,True,active,United States,USD,,,,,explicit_identity_fallback;nasdaqtrader:nasdaqlisted,
CING,0001862150,Cingulate Inc.,Nasdaq,Healthcare,Biotechnology,Healthcare: Biopharma & Research Tools,Common Stock,True,active,United States,USD,,,,,explicit_identity_fallback;nasdaqtrader:nasdaqlisted,
CRMD,0001410098,CorMedix Inc.,Nasdaq,Healthcare,Biotechnology,Healthcare: Biopharma & Research Tools,Common Stock,True,active,United States,USD,,,,,explicit_identity_fallback;nasdaqtrader:nasdaqlisted,
CTNM,0001855175,"Contineum Therapeutics, Inc.",Nasdaq,Healthcare,Biotechnology,Healthcare: Biopharma & Research Tools,Common Stock,True,active,United States,USD,,,,,explicit_identity_fallback;nasdaqtrader:nasdaqlisted,
DAWN,0001845337,"Day One Biopharmaceuticals, Inc.",Nasdaq,Healthcare,Biotechnology,Healthcare: Biopharma & Research Tools,Common Stock,True,active,United States,USD,,,,,explicit_identity_fallback,
DRUG,0001827401,BRIGHT MINDS BIOSCIENCES INC.,Nasdaq,Healthcare,Biotechnology,Healthcare: Biopharma & Research Tools,Common Stock,True,active,United States,USD,,,,,explicit_identity_fallback;nasdaqtrader:nasdaqlisted,
DTIL,0001357874,PRECISION BIOSCIENCES INC,Nasdaq,Healthcare,Biotechnology,Healthcare: Biopharma & Research Tools,Common Stock,True,active,United States,USD,,,,,explicit_identity_fallback;nasdaqtrader:nasdaqlisted,
ENOV,0001420800,Enovis CORP,NYSE,Healthcare,Medical Devices,"Healthcare: Providers, Plans, MedTech & Distribution",Common Stock,True,active,United States,USD,,,,,explicit_identity_fallback;nasdaqtrader:otherlisted,
ENTA,0001177648,ENANTA PHARMACEUTICALS INC,Nasdaq,Healthcare,Biotechnology,Healthcare: Biopharma & Research Tools,Common Stock,True,active,United States,USD,,,,,explicit_identity_fallback;nasdaqtrader:nasdaqlisted,
ERAS,0001761918,"Erasca, Inc.",Nasdaq,Healthcare,Biotechnology,Healthcare: Biopharma & Research Tools,Common Stock,True,active,United States,USD,,,,,explicit_identity_fallback;nasdaqtrader:nasdaqlisted,
FBIO,0001429260,"Fortress Biotech, Inc.",Nasdaq,Healthcare,Biotechnology,Healthcare: Biopharma & Research Tools,Common Stock,True,active,United States,USD,,,,,explicit_identity_fallback;nasdaqtrader:nasdaqlisted,
FBIOP,0001429260,"Fortress Biotech, Inc.",Nasdaq,Healthcare,Biotechnology,Healthcare: Biopharma & Research Tools,Preferred,False,active,United States,USD,,,,,explicit_identity_fallback;nasdaqtrader:nasdaqlisted,
HELP,0001833141,CYBIN INC.,Nasdaq,Healthcare,Biotechnology,Healthcare: Biopharma & Research Tools,Common Stock,True,active,United States,USD,,,,,explicit_identity_fallback;nasdaqtrader:nasdaqlisted,
IART,0000917520,INTEGRA LIFESCIENCES HOLDINGS CORP,Nasdaq,Healthcare,Medical Devices,"Healthcare: Providers, Plans, MedTech & Distribution",Common Stock,True,active,United States,USD,,,,,explicit_identity_fallback;nasdaqtrader:nasdaqlisted,
IKT,0001750149,"Inhibikase Therapeutics, Inc.",Nasdaq,Healthcare,Biotechnology,Healthcare: Biopharma & Research Tools,Common Stock,True,active,United States,USD,,,,,explicit_identity_fallback;nasdaqtrader:nasdaqlisted,
IQV,0001478242,IQVIA HOLDINGS INC.,NYSE,Healthcare,Diagnostics & Research,Healthcare: Biopharma & Research Tools,Common Stock,True,active,United States,USD,,,,,explicit_identity_fallback;nasdaqtrader:otherlisted,
IRON,0001816736,"Disc Medicine, Inc.",Nasdaq,Healthcare,Biotechnology,Healthcare: Biopharma & Research Tools,Common Stock,True,active,United States,USD,,,,,explicit_identity_fallback;nasdaqtrader:nasdaqlisted,
KRRO,0001703647,"Korro Bio, Inc.",Nasdaq,Healthcare,Biotechnology,Healthcare: Biopharma & Research Tools,Common Stock,True,active,United States,USD,,,,,explicit_identity_fallback;nasdaqtrader:nasdaqlisted,
KYMR,0001815442,"Kymera Therapeutics, Inc.",Nasdaq,Healthcare,Biotechnology,Healthcare: Biopharma & Research Tools,Common Stock,True,active,United States,USD,,,,,explicit_identity_fallback;nasdaqtrader:nasdaqlisted,
KYTX,0001994702,"Kyverna Therapeutics, Inc.",Nasdaq,Healthcare,Biotechnology,Healthcare: Biopharma & Research Tools,Common Stock,True,active,United States,USD,,,,,explicit_identity_fallback;nasdaqtrader:nasdaqlisted,
LBRX,0001691082,LB PHARMACEUTICALS INC,Nasdaq,Healthcare,Biotechnology,Healthcare: Biopharma & Research Tools,Common Stock,True,active,United States,USD,,,,,explicit_identity_fallback;nasdaqtrader:nasdaqlisted,
LENZ,0001815776,"LENZ Therapeutics, Inc.",Nasdaq,Healthcare,Biotechnology,Healthcare: Biopharma & Research Tools,Common Stock,True,active,United States,USD,,,,,explicit_identity_fallback;nasdaqtrader:nasdaqlisted,
LGND,0000886163,LIGAND PHARMACEUTICALS INC,Nasdaq,Healthcare,Biotechnology,Healthcare: Biopharma & Research Tools,Common Stock,True,active,United States,USD,,,,,explicit_identity_fallback;nasdaqtrader:nasdaqlisted,
LONA,0001620463,"LeonaBio, Inc.",Nasdaq,Healthcare,Biotechnology,Healthcare: Biopharma & Research Tools,Common Stock,True,active,United States,USD,,,,,explicit_identity_fallback;nasdaqtrader:nasdaqlisted,
MBRX,0001659617,"Moleculin Biotech, Inc.",Nasdaq,Healthcare,Biotechnology,Healthcare: Biopharma & Research Tools,Common Stock,True,active,United States,USD,,,,,explicit_identity_fallback;nasdaqtrader:nasdaqlisted,
MBX,0001776111,"MBX Biosciences, Inc.",Nasdaq,Healthcare,Biotechnology,Healthcare: Biopharma & Research Tools,Common Stock,True,active,United States,USD,,,,,explicit_identity_fallback;nasdaqtrader:nasdaqlisted,
MIRM,0001759425,"Mirum Pharmaceuticals, Inc.",Nasdaq,Healthcare,Biotechnology,Healthcare: Biopharma & Research Tools,Common Stock,True,active,United States,USD,,,,,explicit_identity_fallback;nasdaqtrader:nasdaqlisted,
MOLN,0001745114,MOLECULAR PARTNERS AG,Nasdaq,Healthcare,Biotechnology,Healthcare: Biopharma & Research Tools,Preferred,True,active,United States,USD,,,,,explicit_identity_fallback;nasdaqtrader:nasdaqlisted,
OKYO,0001849296,OKYO Pharma Ltd,Nasdaq,Healthcare,Biotechnology,Healthcare: Biopharma & Research Tools,Ordinary Shares,True,active,United States,USD,,,,,explicit_identity_fallback;nasdaqtrader:nasdaqlisted,
OMER,0001285819,OMEROS CORP,Nasdaq,Healthcare,Biotechnology,Healthcare: Biopharma & Research Tools,Common Stock,True,active,United States,USD,,,,,explicit_identity_fallback;nasdaqtrader:nasdaqlisted,
PEPG,0001835597,PepGen Inc.,Nasdaq,Healthcare,Biotechnology,Healthcare: Biopharma & Research Tools,Common Stock,True,active,United States,USD,,,,,explicit_identity_fallback;nasdaqtrader:nasdaqlisted,
PHGE,0001739174,BiomX Inc.,NYSE,Healthcare,Biotechnology,Healthcare: Biopharma & Research Tools,Common Stock,True,active,United States,USD,,,,,explicit_identity_fallback;nasdaqtrader:otherlisted,
PPBT,0001614744,PURPLE BIOTECH LTD.,Nasdaq,Healthcare,Biotechnology,Healthcare: Biopharma & Research Tools,Preferred,True,active,United States,USD,,,,,explicit_identity_fallback;nasdaqtrader:nasdaqlisted,
RADX,0001949257,Radiopharm Theranostics Ltd,Nasdaq,Healthcare,Biotechnology,Healthcare: Biopharma & Research Tools,Preferred,True,active,United States,USD,,,,,explicit_identity_fallback;nasdaqtrader:nasdaqlisted,
RCKT,0001281895,"ROCKET PHARMACEUTICALS, INC.",Nasdaq,Healthcare,Biotechnology,Healthcare: Biopharma & Research Tools,Common Stock,True,active,United States,USD,,,,,explicit_identity_fallback;nasdaqtrader:nasdaqlisted,
RIGL,0001034842,RIGEL PHARMACEUTICALS INC,Nasdaq,Healthcare,Biotechnology,Healthcare: Biopharma & Research Tools,Common Stock,True,active,United States,USD,,,,,explicit_identity_fallback;nasdaqtrader:nasdaqlisted,
SER,0001708599,"Serina Therapeutics, Inc.",NYSE,Healthcare,Biotechnology,Healthcare: Biopharma & Research Tools,Common Stock,True,active,United States,USD,,,,,explicit_identity_fallback;nasdaqtrader:otherlisted,
SLNO,0001484565,SOLENO THERAPEUTICS INC,Nasdaq,Healthcare,Biotechnology,Healthcare: Biopharma & Research Tools,Common Stock,True,active,United States,USD,,,,,explicit_identity_fallback,
SRRK,0001727196,Scholar Rock Holding Corp,Nasdaq,Healthcare,Biotechnology,Healthcare: Biopharma & Research Tools,Common Stock,True,active,United States,USD,,,,,explicit_identity_fallback;nasdaqtrader:nasdaqlisted,
TARA,0001359931,"Protara Therapeutics, Inc.",Nasdaq,Healthcare,Biotechnology,Healthcare: Biopharma & Research Tools,Common Stock,True,active,United States,USD,,,,,explicit_identity_fallback;nasdaqtrader:nasdaqlisted,
TCRX,0001783328,"TScan Therapeutics, Inc.",Nasdaq,Healthcare,Biotechnology,Healthcare: Biopharma & Research Tools,Common Stock,True,active,United States,USD,,,,,explicit_identity_fallback;nasdaqtrader:nasdaqlisted,
VOR,0001817229,Vor Biopharma Inc.,Nasdaq,Healthcare,Biotechnology,Healthcare: Biopharma & Research Tools,Common Stock,True,active,United States,USD,,,,,explicit_identity_fallback;nasdaqtrader:nasdaqlisted,
WHWK,0001422142,"Whitehawk Therapeutics, Inc.",Nasdaq,Healthcare,Biotechnology,Healthcare: Biopharma & Research Tools,Common Stock,True,active,United States,USD,,,,,explicit_identity_fallback;nasdaqtrader:nasdaqlisted,
ETON,0001710340,"Eton Pharmaceuticals, Inc.",Nasdaq,Healthcare,Drug Manufacturers - Specialty & Generic,Healthcare: Biopharma & Research Tools,Common Stock,True,active,United States,USD,,,,,nasdaqtrader:nasdaqlisted;nasdaqtrader:us_listing_inference,
RPRX,0001802768,Royalty Pharma plc,Nasdaq,Healthcare,Biotechnology,Healthcare: Biopharma & Research Tools,Ordinary Shares,True,active,United States,USD,,,,,nasdaqtrader:nasdaqlisted;nasdaqtrader:us_listing_inference,
ACOG,0001655923,Alpha Cognition Inc.,Nasdaq,Healthcare,Biotechnology,Healthcare: Biopharma & Research Tools,Common Stock,True,active,United States,USD,,,,,nasdaqtrader:nasdaqlisted;nasdaqtrader:us_listing_inference,
GYRE,0001124105,"GYRE THERAPEUTICS, INC.",Nasdaq,Healthcare,Biotechnology,Healthcare: Biopharma & Research Tools,Common Stock,True,active,United States,USD,,,,,nasdaqtrader:nasdaqlisted;nasdaqtrader:us_listing_inference,
KLRA,0002096997,"Kailera Therapeutics, Inc.",Nasdaq,Healthcare,Biotechnology,Healthcare: Biopharma & Research Tools,Common Stock,True,active,United States,USD,,,,,nasdaqtrader:nasdaqlisted;nasdaqtrader:us_listing_inference,
KARD,0002123613,"Kardigan, Inc.",Nasdaq,Healthcare,Biotechnology,Healthcare: Biopharma & Research Tools,Common Stock,True,active,United States,USD,,,,,nasdaqtrader:nasdaqlisted;nasdaqtrader:us_listing_inference,
BRVE,0002131524,"Braveheart Bio, Inc.",Nasdaq,Healthcare,Biotechnology,Healthcare: Biopharma & Research Tools,Common Stock,True,active,United States,USD,,,,,nasdaqtrader:nasdaqlisted;nasdaqtrader:us_listing_inference,
ATAI,0002081043,AtaiBeckley Inc.,Nasdaq,Healthcare,Biotechnology,Healthcare: Biopharma & Research Tools,Common Stock,True,active,United States,USD,,,,,nasdaqtrader:nasdaqlisted;nasdaqtrader:us_listing_inference,
OBX,0002130606,"Obsidian Therapeutics, Inc.",Nasdaq,Healthcare,Biotechnology,Healthcare: Biopharma & Research Tools,Common Stock,True,active,United States,USD,,,,,nasdaqtrader:nasdaqlisted;nasdaqtrader:us_listing_inference,
TRAX,0002091349,"First Tracks Biotherapeutics, Inc.",Nasdaq,Healthcare,Biotechnology,Healthcare: Biopharma & Research Tools,Ordinary Shares,True,active,United States,USD,,,,,nasdaqtrader:nasdaqlisted;nasdaqtrader:us_listing_inference,
ATTO,0002058707,"Attovia Therapeutics, Inc.",Nasdaq,Healthcare,Biotechnology,Healthcare: Biopharma & Research Tools,Common Stock,True,active,United States,USD,,,,,nasdaqtrader:nasdaqlisted;nasdaqtrader:us_listing_inference,
PBLS,0001657677,"Parabilis Medicines, Inc.",Nasdaq,Healthcare,Biotechnology,Healthcare: Biopharma & Research Tools,Common Stock,True,active,United States,USD,,,,,nasdaqtrader:nasdaqlisted;nasdaqtrader:us_listing_inference,
ODTX,0001882782,"Odyssey Therapeutics, Inc.",Nasdaq,Healthcare,Biotechnology,Healthcare: Biopharma & Research Tools,Common Stock,True,active,United States,USD,,,,,nasdaqtrader:nasdaqlisted;nasdaqtrader:us_listing_inference,
SCTX,0001853921,"Scribe Therapeutics, Inc.",Nasdaq,Healthcare,Biotechnology,Healthcare: Biopharma & Research Tools,Common Stock,True,active,United States,USD,,,,,nasdaqtrader:nasdaqlisted;nasdaqtrader:us_listing_inference,
SRZN,0001824893,"Surrozen, Inc./DE",Nasdaq,Healthcare,Biotechnology,Healthcare: Biopharma & Research Tools,Common Stock,True,active,United States,USD,,,,,nasdaqtrader:nasdaqlisted;nasdaqtrader:us_listing_inference,
BLSM,0001839970,"BlossomHill Therapeutics, Inc.",Nasdaq,Healthcare,Biotechnology,Healthcare: Biopharma & Research Tools,Common Stock,True,active,United States,USD,,,,,nasdaqtrader:nasdaqlisted;nasdaqtrader:us_listing_inference,
SPTX,0002042347,"Seaport Therapeutics, Inc.",Nasdaq,Healthcare,Biotechnology,Healthcare: Biopharma & Research Tools,Common Stock,True,active,United States,USD,,,,,nasdaqtrader:nasdaqlisted;nasdaqtrader:us_listing_inference,
ACET,0001720580,"Adicet Bio, Inc.",Nasdaq,Healthcare,Biotechnology,Healthcare: Biopharma & Research Tools,Common Stock,True,active,United States,USD,,,,,nasdaqtrader:nasdaqlisted;nasdaqtrader:us_listing_inference,
VOGX,0001903784,"Vogenx, Inc.",Nasdaq,Healthcare,Biotechnology,Healthcare: Biopharma & Research Tools,Common Stock,True,active,United States,USD,,,,,nasdaqtrader:nasdaqlisted;nasdaqtrader:us_listing_inference,
LTGO,0002056611,"Latigo Biotherapeutics, Inc.",Nasdaq,Healthcare,Biotechnology,Healthcare: Biopharma & Research Tools,Common Stock,True,active,United States,USD,,,,,nasdaqtrader:nasdaqlisted;nasdaqtrader:us_listing_inference,
DMRA,0001800315,"Damora Therapeutics, Inc.",Nasdaq,Healthcare,Biotechnology,Healthcare: Biopharma & Research Tools,Ordinary Shares,True,active,United States,USD,,,,,nasdaqtrader:nasdaqlisted;nasdaqtrader:us_listing_inference,
AVLN,0001540171,Avalyn Pharma Inc.,Nasdaq,Healthcare,Biotechnology,Healthcare: Biopharma & Research Tools,Common Stock,True,active,United States,USD,,,,,nasdaqtrader:nasdaqlisted;nasdaqtrader:us_listing_inference,
