policy_id,policy_version,enabled,model_family,ticker,accession_number,source_document,metric_name,concept_name,candidate_value,value_tolerance,unit,period_start,period_end,decision,status_reason,scope_override,confidence_override,reviewed_by,reviewed_at,period_start_override,period_end_override,value_override
trprev_r58_0132faddfd7211b0,transportation_run58_conservative_adjudication_v1,1,transportation,AAI,0000948846-11-000018,form10-q.htm,passenger_load_factor,TransportationDiscoveryPassengerLoadFactor,0.785,0.000001,ratio,,2011-03-31,ACCEPTED,exact_prior_accepted_disclosure_confirmation,,1.0,codex_transportation_conservative_review_v1,2026-07-27T12:00:00-05:00,,,
trprev_r58_316328b4fdbba02f,transportation_run58_conservative_adjudication_v1,1,transportation,AAL,0000006201-24-000032,aal-20240331.htm,capacity_growth,TransportationDiscoveryCapacityGrowth,0.085,0.000001,ratio,,2024-03-31,ACCEPTED,exact_prior_accepted_disclosure_confirmation,,1.0,codex_transportation_conservative_review_v1,2026-07-27T12:00:00-05:00,,,
trprev_r58_800655aabc1e1c89,transportation_run58_conservative_adjudication_v1,1,transportation,AAL,0000006201-23-000018,aal-20221231.htm,passenger_load_factor,TransportationDiscoveryPassengerLoadFactor,0.8290000000000001,0.000001,ratio,,2022-12-31,ACCEPTED,exact_prior_accepted_disclosure_confirmation,,1.0,codex_transportation_conservative_review_v1,2026-07-27T12:00:00-05:00,,,
trprev_r58_8bb4341124803419,transportation_run58_conservative_adjudication_v1,1,transportation,AAL,0000006201-24-000010,aal-20231231.htm,passenger_load_factor,TransportationDiscoveryPassengerLoadFactor,0.835,0.000001,ratio,,2023-12-31,ACCEPTED,exact_prior_accepted_disclosure_confirmation,,1.0,codex_transportation_conservative_review_v1,2026-07-27T12:00:00-05:00,,,
trprev_r58_8fa1f355f8a7b42d,transportation_run58_conservative_adjudication_v1,1,transportation,ALGT,0001362468-19-000036,algt2019q2doc.htm,capacity_growth,TransportationDiscoveryCapacityGrowth,0.081,0.000001,ratio,,2019-06-30,ACCEPTED,exact_prior_accepted_disclosure_confirmation,,1.0,codex_transportation_conservative_review_v1,2026-07-27T12:00:00-05:00,,,
trprev_r58_e104283f032ed64e,transportation_run58_conservative_adjudication_v1,1,transportation,ALGT,0001362468-22-000028,algt-20220331.htm,passenger_load_factor,TransportationDiscoveryPassengerLoadFactor,0.789,0.000001,ratio,,2022-03-31,ACCEPTED,exact_prior_accepted_disclosure_confirmation,,1.0,codex_transportation_conservative_review_v1,2026-07-27T12:00:00-05:00,,,
trprev_r58_856028929ce205e5,transportation_run58_conservative_adjudication_v1,1,transportation,ALGT,0001362468-22-000067,algt-20220930.htm,passenger_load_factor,TransportationDiscoveryPassengerLoadFactor,0.885,0.000001,ratio,,2022-09-30,ACCEPTED,exact_prior_accepted_disclosure_confirmation,,1.0,codex_transportation_conservative_review_v1,2026-07-27T12:00:00-05:00,,,
trprev_r58_5de464eb7863775c,transportation_run58_conservative_adjudication_v1,1,transportation,ALGT,0001362468-23-000027,algt-20230331.htm,passenger_load_factor,TransportationDiscoveryPassengerLoadFactor,0.858,0.000001,ratio,,2023-03-31,ACCEPTED,exact_prior_accepted_disclosure_confirmation,,1.0,codex_transportation_conservative_review_v1,2026-07-27T12:00:00-05:00,,,
trprev_r58_de9529ee6d2b28b8,transportation_run58_conservative_adjudication_v1,1,transportation,ALK,0000766421-20-000071,alk-20200630.htm,passenger_load_factor,TransportationDiscoveryPassengerLoadFactor,0.384,0.000001,ratio,,2020-06-30,ACCEPTED,exact_prior_accepted_disclosure_confirmation,,1.0,codex_transportation_conservative_review_v1,2026-07-27T12:00:00-05:00,,,
trprev_r58_19a7d41df7bfea07,transportation_run58_conservative_adjudication_v1,1,transportation,ALK,0000766421-24-000012,alk-20231231.htm,passenger_load_factor,TransportationDiscoveryPassengerLoadFactor,0.8370000000000001,0.000001,ratio,,2023-12-31,ACCEPTED,exact_prior_accepted_disclosure_confirmation,,1.0,codex_transportation_conservative_review_v1,2026-07-27T12:00:00-05:00,,,
trprev_r58_446e9c265efe36a8,transportation_run58_conservative_adjudication_v1,1,transportation,ALK,0000766421-25-000017,alk-20250331.htm,passenger_load_factor,TransportationDiscoveryPassengerLoadFactor,0.813,0.000001,ratio,,2025-03-31,ACCEPTED,exact_prior_accepted_disclosure_confirmation,,1.0,codex_transportation_conservative_review_v1,2026-07-27T12:00:00-05:00,,,
trprev_r58_ae836d3c1e06a48f,transportation_run58_conservative_adjudication_v1,1,transportation,ALK,0000766421-25-000036,alk-20250630.htm,passenger_load_factor,TransportationDiscoveryPassengerLoadFactor,0.8390000000000001,0.000001,ratio,,2025-06-30,ACCEPTED,exact_prior_accepted_disclosure_confirmation,,1.0,codex_transportation_conservative_review_v1,2026-07-27T12:00:00-05:00,,,
trprev_r58_f0e1178d23681c30,transportation_run58_conservative_adjudication_v1,1,transportation,ALK,0000766421-25-000060,alk-20250930.htm,passenger_load_factor,TransportationDiscoveryPassengerLoadFactor,0.848,0.000001,ratio,,2025-09-30,ACCEPTED,exact_prior_accepted_disclosure_confirmation,,1.0,codex_transportation_conservative_review_v1,2026-07-27T12:00:00-05:00,,,
trprev_r58_c103c510ba3dc823,transportation_run58_conservative_adjudication_v1,1,transportation,ARCB,0001558370-20-001796,arcb-20191231x10kb051b4.htm,operating_ratio,TransportationDiscoveryOperatingRatio,0.9520000000000001,0.000001,ratio,,2019-12-31,ACCEPTED,exact_prior_accepted_disclosure_confirmation,,1.0,codex_transportation_conservative_review_v1,2026-07-27T12:00:00-05:00,,,
trprev_r58_941b15b2c44607c9,transportation_run58_conservative_adjudication_v1,1,transportation,ARCB,0001558370-21-002023,arcb-20201231x10k.htm,operating_ratio,TransportationDiscoveryOperatingRatio,0.953,0.000001,ratio,,2020-12-31,ACCEPTED,exact_prior_accepted_disclosure_confirmation,,1.0,codex_transportation_conservative_review_v1,2026-07-27T12:00:00-05:00,,,
trprev_r58_856ffab0161d12f7,transportation_run58_conservative_adjudication_v1,1,transportation,ARCB,0001558370-22-002184,arcb-20211231x10k.htm,operating_ratio,TransportationDiscoveryOperatingRatio,0.899,0.000001,ratio,,2021-12-31,ACCEPTED,exact_prior_accepted_disclosure_confirmation,,1.0,codex_transportation_conservative_review_v1,2026-07-27T12:00:00-05:00,,,
trprev_r58_dc43f37ea53f8099,transportation_run58_conservative_adjudication_v1,1,transportation,ARCB,0001558370-23-002053,arcb-20221231x10k.htm,operating_ratio,TransportationDiscoveryOperatingRatio,0.873,0.000001,ratio,,2022-12-31,ACCEPTED,exact_prior_accepted_disclosure_confirmation,,1.0,codex_transportation_conservative_review_v1,2026-07-27T12:00:00-05:00,,,
trprev_r58_0af1a8392582267e,transportation_run58_conservative_adjudication_v1,1,transportation,ARCB,0001558370-24-001622,arcb-20231231x10k.htm,operating_ratio,TransportationDiscoveryOperatingRatio,0.912,0.000001,ratio,,2023-12-31,ACCEPTED,exact_prior_accepted_disclosure_confirmation,,1.0,codex_transportation_conservative_review_v1,2026-07-27T12:00:00-05:00,,,
trprev_r58_508b6c0dfaca4f8f,transportation_run58_conservative_adjudication_v1,1,transportation,ARCB,0001558370-25-002037,arcb-20241231x10k.htm,operating_ratio,TransportationDiscoveryOperatingRatio,0.912,0.000001,ratio,,2024-12-31,ACCEPTED,exact_prior_accepted_disclosure_confirmation,,1.0,codex_transportation_conservative_review_v1,2026-07-27T12:00:00-05:00,,,
trprev_r58_4d1ec753a84f194c,transportation_run58_conservative_adjudication_v1,1,transportation,ARCB,0001104659-26-019699,arcb-20251231x10k.htm,operating_ratio,TransportationDiscoveryOperatingRatio,0.937,0.000001,ratio,,2025-12-31,ACCEPTED,exact_prior_accepted_disclosure_confirmation,,1.0,codex_transportation_conservative_review_v1,2026-07-27T12:00:00-05:00,,,
trprev_r58_404273547aa6c007,transportation_run58_conservative_adjudication_v1,1,transportation,ASC,0001144204-18-024571,tv491345_6k.htm,tce_day_rate,TransportationDiscoveryTceDayRate,12897.0,0.000001,USD_per_day,,2018-03-31,ACCEPTED,exact_prior_accepted_disclosure_confirmation,,1.0,codex_transportation_conservative_review_v1,2026-07-27T12:00:00-05:00,,,
trprev_r58_e0d6ec4f410b1018,transportation_run58_conservative_adjudication_v1,1,transportation,ASC,0001144204-19-022680,tv519097_6k.htm,tce_day_rate,TransportationDiscoveryTceDayRate,15005.0,0.000001,USD_per_day,,2019-03-31,ACCEPTED,exact_prior_accepted_disclosure_confirmation,,1.0,codex_transportation_conservative_review_v1,2026-07-27T12:00:00-05:00,,,
trprev_r58_121ee76094985faf,transportation_run58_conservative_adjudication_v1,1,transportation,ASC,0001104659-20-056517,tm2015629-1_6k.htm,tce_day_rate,TransportationDiscoveryTceDayRate,19390.0,0.000001,USD_per_day,,2020-03-31,ACCEPTED,exact_prior_accepted_disclosure_confirmation,,1.0,codex_transportation_conservative_review_v1,2026-07-27T12:00:00-05:00,,,
trprev_r58_14aeac1b244300da,transportation_run58_conservative_adjudication_v1,1,transportation,ASC,0001558370-21-005810,asc-20210331x6k.htm,tce_day_rate,TransportationDiscoveryTceDayRate,11349.0,0.000001,USD_per_day,,2021-03-31,ACCEPTED,exact_prior_accepted_disclosure_confirmation,,1.0,codex_transportation_conservative_review_v1,2026-07-27T12:00:00-05:00,,,
trprev_r58_396a3c80f4848493,transportation_run58_conservative_adjudication_v1,1,transportation,ASC,0001558370-22-006946,asc-20220331x6k.htm,tce_day_rate,TransportationDiscoveryTceDayRate,15155.0,0.000001,USD_per_day,,2022-03-31,ACCEPTED,exact_prior_accepted_disclosure_confirmation,,1.0,codex_transportation_conservative_review_v1,2026-07-27T12:00:00-05:00,,,
trprev_r58_a42009576996f81d,transportation_run58_conservative_adjudication_v1,1,transportation,ASC,0001558370-23-008681,asc-20230331x6k.htm,tce_day_rate,TransportationDiscoveryTceDayRate,33958.0,0.000001,USD_per_day,,2023-03-31,ACCEPTED,exact_prior_accepted_disclosure_confirmation,,1.0,codex_transportation_conservative_review_v1,2026-07-27T12:00:00-05:00,,,
trprev_r58_0c37e62ebc8b39a6,transportation_run58_conservative_adjudication_v1,1,transportation,ASC,0001558370-24-007200,asc-20240331x6k.htm,tce_day_rate,TransportationDiscoveryTceDayRate,34720.0,0.000001,USD_per_day,,2024-03-31,ACCEPTED,exact_prior_accepted_disclosure_confirmation,,1.0,codex_transportation_conservative_review_v1,2026-07-27T12:00:00-05:00,,,
trprev_r58_c485c86753fcc8be,transportation_run58_conservative_adjudication_v1,1,transportation,ASC,0001558370-25-002500,asc-20241231x20f.htm,tce_day_rate,TransportationDiscoveryTceDayRate,30261.0,0.000001,USD_per_day,,2024-12-31,ACCEPTED,exact_prior_accepted_disclosure_confirmation,,1.0,codex_transportation_conservative_review_v1,2026-07-27T12:00:00-05:00,,,
trprev_r58_6b579402b0fadd38,transportation_run58_conservative_adjudication_v1,1,transportation,ASC,0001558370-25-006618,asc-20250331x6k.htm,tce_day_rate,TransportationDiscoveryTceDayRate,20542.0,0.000001,USD_per_day,,2025-03-31,ACCEPTED,exact_prior_accepted_disclosure_confirmation,,1.0,codex_transportation_conservative_review_v1,2026-07-27T12:00:00-05:00,,,
trprev_r58_ea5df5699c59ec9a,transportation_run58_conservative_adjudication_v1,1,transportation,ASC,0001104659-26-056715,asc-20260331x6k.htm,tce_day_rate,TransportationDiscoveryTceDayRate,28686.0,0.000001,USD_per_day,,2026-03-31,ACCEPTED,exact_prior_accepted_disclosure_confirmation,,1.0,codex_transportation_conservative_review_v1,2026-07-27T12:00:00-05:00,,,
trprev_r58_855858c62c0a8f5d,transportation_run58_conservative_adjudication_v1,1,transportation,CMRE,0000930413-21-000517,c101223_20f.htm,fleet_utilization,TransportationDiscoveryFleetUtilization,0.992,0.000001,ratio,,2020-12-31,ACCEPTED,exact_prior_accepted_disclosure_confirmation,,1.0,codex_transportation_conservative_review_v1,2026-07-27T12:00:00-05:00,,,
trprev_r58_f467e5be741a0d04,transportation_run58_conservative_adjudication_v1,1,transportation,CMRE,0001140361-26-007868,ef20064083_20f.htm,fleet_utilization,TransportationDiscoveryFleetUtilization,0.99,0.000001,ratio,,2025-12-31,ACCEPTED,exact_prior_accepted_disclosure_confirmation,,1.0,codex_transportation_conservative_review_v1,2026-07-27T12:00:00-05:00,,,
trprev_r58_8a54680816cac771,transportation_run58_conservative_adjudication_v1,1,transportation,CP,0000016875-18-000053,q12018quarterlyreport-.htm,operating_ratio,TransportationDiscoveryOperatingRatio,0.675,0.000001,ratio,,2018-03-31,ACCEPTED,exact_prior_accepted_disclosure_confirmation,,1.0,codex_transportation_conservative_review_v1,2026-07-27T12:00:00-05:00,,,
trprev_r58_092e315f2c1a41b0,transportation_run58_conservative_adjudication_v1,1,transportation,CP,0000016875-19-000032,q12019quarterlyreport-.htm,operating_ratio,TransportationDiscoveryOperatingRatio,0.693,0.000001,ratio,,2019-03-31,ACCEPTED,exact_prior_accepted_disclosure_confirmation,,1.0,codex_transportation_conservative_review_v1,2026-07-27T12:00:00-05:00,,,
trprev_r58_0d896896d4bb0e40,transportation_run58_conservative_adjudication_v1,1,transportation,CP,0000016875-20-000014,q12020quarterlyreport-.htm,operating_ratio,TransportationDiscoveryOperatingRatio,0.5920000000000001,0.000001,ratio,,2020-03-31,ACCEPTED,exact_prior_accepted_disclosure_confirmation,,1.0,codex_transportation_conservative_review_v1,2026-07-27T12:00:00-05:00,,,
trprev_r58_2f49a49b0f2730d3,transportation_run58_conservative_adjudication_v1,1,transportation,CP,0000016875-20-000032,q32020quarterlyreport-.htm,operating_ratio,TransportationDiscoveryOperatingRatio,0.5820000000000001,0.000001,ratio,,2020-09-30,ACCEPTED,exact_prior_accepted_disclosure_confirmation,,1.0,codex_transportation_conservative_review_v1,2026-07-27T12:00:00-05:00,,,
trprev_r58_31bad958ae6fa537,transportation_run58_conservative_adjudication_v1,1,transportation,CP,0001193125-21-145610,d157929d10ka.htm,operating_ratio,TransportationDiscoveryOperatingRatio,0.5710000000000001,0.000001,ratio,,2020-12-31,ACCEPTED,exact_prior_accepted_disclosure_confirmation,,1.0,codex_transportation_conservative_review_v1,2026-07-27T12:00:00-05:00,,,
trprev_r58_b70c4e839cadc83f,transportation_run58_conservative_adjudication_v1,1,transportation,CP,0000016875-21-000015,cp-20210331.htm,operating_ratio,TransportationDiscoveryOperatingRatio,0.602,0.000001,ratio,,2021-03-31,ACCEPTED,exact_prior_accepted_disclosure_confirmation,,1.0,codex_transportation_conservative_review_v1,2026-07-27T12:00:00-05:00,,,
trprev_r58_229873c3fdae4487,transportation_run58_conservative_adjudication_v1,1,transportation,CP,0000016875-21-000025,cp-20210630.htm,operating_ratio,TransportationDiscoveryOperatingRatio,0.601,0.000001,ratio,,2021-06-30,ACCEPTED,exact_prior_accepted_disclosure_confirmation,,1.0,codex_transportation_conservative_review_v1,2026-07-27T12:00:00-05:00,,,
trprev_r58_1d34317d9cac4821,transportation_run58_conservative_adjudication_v1,1,transportation,CP,0001193125-22-134075,d283306d10ka.htm,operating_ratio,TransportationDiscoveryOperatingRatio,0.599,0.000001,ratio,,2021-12-31,ACCEPTED,exact_prior_accepted_disclosure_confirmation,,1.0,codex_transportation_conservative_review_v1,2026-07-27T12:00:00-05:00,,,
trprev_r58_3191db3591356ac1,transportation_run58_conservative_adjudication_v1,1,transportation,CP,0000016875-22-000018,cp-20220331.htm,operating_ratio,TransportationDiscoveryOperatingRatio,0.7090000000000001,0.000001,ratio,,2022-03-31,ACCEPTED,exact_prior_accepted_disclosure_confirmation,,1.0,codex_transportation_conservative_review_v1,2026-07-27T12:00:00-05:00,,,
trprev_r58_def24c843cc4cebd,transportation_run58_conservative_adjudication_v1,1,transportation,CP,0000016875-23-000008,cp-20221231.htm,operating_ratio,TransportationDiscoveryOperatingRatio,0.622,0.000001,ratio,,2022-12-31,ACCEPTED,exact_prior_accepted_disclosure_confirmation,,1.0,codex_transportation_conservative_review_v1,2026-07-27T12:00:00-05:00,,,
trprev_r58_0badfd8412a422aa,transportation_run58_conservative_adjudication_v1,1,transportation,CP,0000016875-23-000017,cp-20230331.htm,operating_ratio,TransportationDiscoveryOperatingRatio,0.634,0.000001,ratio,,2023-03-31,ACCEPTED,exact_prior_accepted_disclosure_confirmation,,1.0,codex_transportation_conservative_review_v1,2026-07-27T12:00:00-05:00,,,
trprev_r58_6abec2fc81c18cb8,transportation_run58_conservative_adjudication_v1,1,transportation,CP,0000016875-24-000026,cp-20240630.htm,operating_ratio,TransportationDiscoveryOperatingRatio,0.648,0.000001,ratio,,2024-06-30,ACCEPTED,exact_prior_accepted_disclosure_confirmation,,1.0,codex_transportation_conservative_review_v1,2026-07-27T12:00:00-05:00,,,
trprev_r58_58db3ef1e6df7da2,transportation_run58_conservative_adjudication_v1,1,transportation,CP,0001193125-26-173665,d172022d10ka.htm,operating_ratio,TransportationDiscoveryOperatingRatio,0.628,0.000001,ratio,,2025-12-31,ACCEPTED,exact_prior_accepted_disclosure_confirmation,,1.0,codex_transportation_conservative_review_v1,2026-07-27T12:00:00-05:00,,,
trprev_r58_d0fd54d852f258c2,transportation_run58_conservative_adjudication_v1,1,transportation,CSX,0000277948-18-000009,csx-12312017x10k.htm,operating_ratio,TransportationDiscoveryOperatingRatio,0.679,0.000001,ratio,,2017-12-31,ACCEPTED,exact_prior_accepted_disclosure_confirmation,,1.0,codex_transportation_conservative_review_v1,2026-07-27T12:00:00-05:00,,,
trprev_r58_f19c504637c5044c,transportation_run58_conservative_adjudication_v1,1,transportation,CSX,0000277948-18-000019,csx03311810-q.htm,operating_ratio,TransportationDiscoveryOperatingRatio,0.637,0.000001,ratio,,2018-03-31,ACCEPTED,exact_prior_accepted_disclosure_confirmation,,1.0,codex_transportation_conservative_review_v1,2026-07-27T12:00:00-05:00,,,
trprev_r58_7a3559c0052510a3,transportation_run58_conservative_adjudication_v1,1,transportation,CSX,0000277948-18-000040,csx06301810-q.htm,operating_ratio,TransportationDiscoveryOperatingRatio,0.586,0.000001,ratio,,2018-06-30,ACCEPTED,exact_prior_accepted_disclosure_confirmation,,1.0,codex_transportation_conservative_review_v1,2026-07-27T12:00:00-05:00,,,
trprev_r58_1c8f7abe24e4ef56,transportation_run58_conservative_adjudication_v1,1,transportation,CSX,0000277948-18-000050,csx09301810-q.htm,operating_ratio,TransportationDiscoveryOperatingRatio,0.5870000000000001,0.000001,ratio,,2018-09-30,ACCEPTED,exact_prior_accepted_disclosure_confirmation,,1.0,codex_transportation_conservative_review_v1,2026-07-27T12:00:00-05:00,,,
trprev_r58_5ee3de8b4c772c8e,transportation_run58_conservative_adjudication_v1,1,transportation,CSX,0000277948-19-000011,csx-12312018x10k.htm,operating_ratio,TransportationDiscoveryOperatingRatio,0.603,0.000001,ratio,,2018-12-31,ACCEPTED,exact_prior_accepted_disclosure_confirmation,,1.0,codex_transportation_conservative_review_v1,2026-07-27T12:00:00-05:00,,,
trprev_r58_93ea120bab6c6a5c,transportation_run58_conservative_adjudication_v1,1,transportation,CSX,0000277948-19-000022,csx03311910-q.htm,operating_ratio,TransportationDiscoveryOperatingRatio,0.595,0.000001,ratio,,2019-03-31,ACCEPTED,exact_prior_accepted_disclosure_confirmation,,1.0,codex_transportation_conservative_review_v1,2026-07-27T12:00:00-05:00,,,
trprev_r58_864b395ce735054c,transportation_run58_conservative_adjudication_v1,1,transportation,CSX,0000277948-19-000036,csx06301910-q.htm,operating_ratio,TransportationDiscoveryOperatingRatio,0.574,0.000001,ratio,,2019-06-30,ACCEPTED,exact_prior_accepted_disclosure_confirmation,,1.0,codex_transportation_conservative_review_v1,2026-07-27T12:00:00-05:00,,,
trprev_r58_eaa35caa0f0c34b3,transportation_run58_conservative_adjudication_v1,1,transportation,CSX,0000277948-19-000047,csx09301910-q.htm,operating_ratio,TransportationDiscoveryOperatingRatio,0.568,0.000001,ratio,,2019-09-30,ACCEPTED,exact_prior_accepted_disclosure_confirmation,,1.0,codex_transportation_conservative_review_v1,2026-07-27T12:00:00-05:00,,,
trprev_r58_081bbaf097ec5607,transportation_run58_conservative_adjudication_v1,1,transportation,CSX,0000277948-20-000008,csx-12312019x10k.htm,operating_ratio,TransportationDiscoveryOperatingRatio,0.584,0.000001,ratio,,2019-12-31,ACCEPTED,exact_prior_accepted_disclosure_confirmation,,1.0,codex_transportation_conservative_review_v1,2026-07-27T12:00:00-05:00,,,
trprev_r58_a0c03e0b3aae355c,transportation_run58_conservative_adjudication_v1,1,transportation,CSX,0000277948-20-000014,csx03312010-q.htm,operating_ratio,TransportationDiscoveryOperatingRatio,0.5870000000000001,0.000001,ratio,,2020-03-31,ACCEPTED,exact_prior_accepted_disclosure_confirmation,,1.0,codex_transportation_conservative_review_v1,2026-07-27T12:00:00-05:00,,,
trprev_r58_f9b65f24e69faf60,transportation_run58_conservative_adjudication_v1,1,transportation,CSX,0000277948-20-000032,csx-20200630.htm,operating_ratio,TransportationDiscoveryOperatingRatio,0.633,0.000001,ratio,,2020-06-30,ACCEPTED,exact_prior_accepted_disclosure_confirmation,,1.0,codex_transportation_conservative_review_v1,2026-07-27T12:00:00-05:00,,,
trprev_r58_fcd8bb6560e621a5,transportation_run58_conservative_adjudication_v1,1,transportation,CSX,0000277948-20-000048,csx-20200930.htm,operating_ratio,TransportationDiscoveryOperatingRatio,0.569,0.000001,ratio,,2020-09-30,ACCEPTED,exact_prior_accepted_disclosure_confirmation,,1.0,codex_transportation_conservative_review_v1,2026-07-27T12:00:00-05:00,,,
trprev_r58_5e0c77190305285f,transportation_run58_conservative_adjudication_v1,1,transportation,CSX,0000277948-21-000014,csx-20201231.htm,operating_ratio,TransportationDiscoveryOperatingRatio,0.588,0.000001,ratio,,2020-12-31,ACCEPTED,exact_prior_accepted_disclosure_confirmation,,1.0,codex_transportation_conservative_review_v1,2026-07-27T12:00:00-05:00,,,
trprev_r58_4b516891819cf056,transportation_run58_conservative_adjudication_v1,1,transportation,CSX,0000277948-21-000024,csx-20210331.htm,operating_ratio,TransportationDiscoveryOperatingRatio,0.609,0.000001,ratio,,2021-03-31,ACCEPTED,exact_prior_accepted_disclosure_confirmation,,1.0,codex_transportation_conservative_review_v1,2026-07-27T12:00:00-05:00,,,
trprev_r58_a60006da5f5be787,transportation_run58_conservative_adjudication_v1,1,transportation,CSX,0000277948-21-000041,csx-20210630.htm,operating_ratio,TransportationDiscoveryOperatingRatio,0.434,0.000001,ratio,,2021-06-30,ACCEPTED,exact_prior_accepted_disclosure_confirmation,,1.0,codex_transportation_conservative_review_v1,2026-07-27T12:00:00-05:00,,,
trprev_r58_c5fbc2ccb96cd71e,transportation_run58_conservative_adjudication_v1,1,transportation,CSX,0000277948-21-000050,csx-20210930.htm,operating_ratio,TransportationDiscoveryOperatingRatio,0.564,0.000001,ratio,,2021-09-30,ACCEPTED,exact_prior_accepted_disclosure_confirmation,,1.0,codex_transportation_conservative_review_v1,2026-07-27T12:00:00-05:00,,,
trprev_r58_c99bd626fd99c888,transportation_run58_conservative_adjudication_v1,1,transportation,CSX,0000277948-22-000009,csx-20211231.htm,operating_ratio,TransportationDiscoveryOperatingRatio,0.5529999999999999,0.000001,ratio,,2021-12-31,ACCEPTED,exact_prior_accepted_disclosure_confirmation,,1.0,codex_transportation_conservative_review_v1,2026-07-27T12:00:00-05:00,,,
trprev_r58_c47bf4dcc73e8fd8,transportation_run58_conservative_adjudication_v1,1,transportation,CSX,0000277948-22-000020,csx-20220331.htm,operating_ratio,TransportationDiscoveryOperatingRatio,0.624,0.000001,ratio,,2022-03-31,ACCEPTED,exact_prior_accepted_disclosure_confirmation,,1.0,codex_transportation_conservative_review_v1,2026-07-27T12:00:00-05:00,,,
trprev_r58_b4ffcb4ea73d5870,transportation_run58_conservative_adjudication_v1,1,transportation,CSX,0000277948-22-000034,csx-20220630.htm,operating_ratio,TransportationDiscoveryOperatingRatio,0.5539999999999999,0.000001,ratio,,2022-06-30,ACCEPTED,exact_prior_accepted_disclosure_confirmation,,1.0,codex_transportation_conservative_review_v1,2026-07-27T12:00:00-05:00,,,
trprev_r58_5e6d4052cb8cbce5,transportation_run58_conservative_adjudication_v1,1,transportation,CSX,0000277948-22-000045,csx-20220930.htm,operating_ratio,TransportationDiscoveryOperatingRatio,0.595,0.000001,ratio,,2022-09-30,ACCEPTED,exact_prior_accepted_disclosure_confirmation,,1.0,codex_transportation_conservative_review_v1,2026-07-27T12:00:00-05:00,,,
trprev_r58_2e58bc097ccaf533,transportation_run58_conservative_adjudication_v1,1,transportation,CSX,0000277948-23-000006,csx-20221231.htm,operating_ratio,TransportationDiscoveryOperatingRatio,0.595,0.000001,ratio,,2022-12-31,ACCEPTED,exact_prior_accepted_disclosure_confirmation,,1.0,codex_transportation_conservative_review_v1,2026-07-27T12:00:00-05:00,,,
trprev_r58_6b5d2cbb9dab6c13,transportation_run58_conservative_adjudication_v1,1,transportation,CSX,0000277948-23-000043,csx-20230630.htm,operating_ratio,TransportationDiscoveryOperatingRatio,0.599,0.000001,ratio,,2023-06-30,ACCEPTED,exact_prior_accepted_disclosure_confirmation,,1.0,codex_transportation_conservative_review_v1,2026-07-27T12:00:00-05:00,,,
trprev_r58_6422349f26e9e3d3,transportation_run58_conservative_adjudication_v1,1,transportation,CSX,0000277948-23-000053,csx-20230930.htm,operating_ratio,TransportationDiscoveryOperatingRatio,0.638,0.000001,ratio,,2023-09-30,ACCEPTED,exact_prior_accepted_disclosure_confirmation,,1.0,codex_transportation_conservative_review_v1,2026-07-27T12:00:00-05:00,,,
trprev_r58_b71248a1b56f9529,transportation_run58_conservative_adjudication_v1,1,transportation,CSX,0000277948-24-000010,csx-20231231.htm,operating_ratio,TransportationDiscoveryOperatingRatio,0.621,0.000001,ratio,,2023-12-31,ACCEPTED,exact_prior_accepted_disclosure_confirmation,,1.0,codex_transportation_conservative_review_v1,2026-07-27T12:00:00-05:00,,,
trprev_r58_6ff79b32f671f4a8,transportation_run58_conservative_adjudication_v1,1,transportation,CVLG,0001008886-18-000090,form10q.htm,operating_ratio,TransportationDiscoveryOperatingRatio,0.9279999999999999,0.000001,ratio,,2018-06-30,ACCEPTED,exact_prior_accepted_disclosure_confirmation,,1.0,codex_transportation_conservative_review_v1,2026-07-27T12:00:00-05:00,,,
trprev_r58_fadcb2b1e5c85d70,transportation_run58_conservative_adjudication_v1,1,transportation,CVLG,0001008886-18-000123,form10q.htm,operating_ratio,TransportationDiscoveryOperatingRatio,0.9329999999999999,0.000001,ratio,,2018-09-30,ACCEPTED,exact_prior_accepted_disclosure_confirmation,,1.0,codex_transportation_conservative_review_v1,2026-07-27T12:00:00-05:00,,,
trprev_r58_e65f2b01e2668546,transportation_run58_conservative_adjudication_v1,1,transportation,DAC,0001047469-20-001086,a2240831z20-f.htm,fleet_utilization,TransportationDiscoveryFleetUtilization,0.983,0.000001,ratio,,2019-12-31,ACCEPTED,exact_prior_accepted_disclosure_confirmation,,1.0,codex_transportation_conservative_review_v1,2026-07-27T12:00:00-05:00,,,
trprev_r58_469e59a522170b0b,transportation_run58_conservative_adjudication_v1,1,transportation,DAC,0001104659-21-032147,tm2038323-1_20f.htm,fleet_utilization,TransportationDiscoveryFleetUtilization,0.963,0.000001,ratio,,2020-12-31,ACCEPTED,exact_prior_accepted_disclosure_confirmation,,1.0,codex_transportation_conservative_review_v1,2026-07-27T12:00:00-05:00,,,
trprev_r58_214b35160ec4caa8,transportation_run58_conservative_adjudication_v1,1,transportation,DAC,0001104659-22-030016,dac-20201231x20f.htm,fleet_utilization,TransportationDiscoveryFleetUtilization,0.982,0.000001,ratio,,2021-12-31,ACCEPTED,exact_prior_accepted_disclosure_confirmation,,1.0,codex_transportation_conservative_review_v1,2026-07-27T12:00:00-05:00,,,
trprev_r58_929086043955962a,transportation_run58_conservative_adjudication_v1,1,transportation,DAC,0001104659-23-030602,dac-20221231x20f.htm,fleet_utilization,TransportationDiscoveryFleetUtilization,0.973,0.000001,ratio,,2022-12-31,ACCEPTED,exact_prior_accepted_disclosure_confirmation,,1.0,codex_transportation_conservative_review_v1,2026-07-27T12:00:00-05:00,,,
trprev_r58_6f327262b8265dd9,transportation_run58_conservative_adjudication_v1,1,transportation,DAC,0001104659-24-029397,dac-20231231x20f.htm,fleet_utilization,TransportationDiscoveryFleetUtilization,0.977,0.000001,ratio,,2023-12-31,ACCEPTED,exact_prior_accepted_disclosure_confirmation,,1.0,codex_transportation_conservative_review_v1,2026-07-27T12:00:00-05:00,,,
trprev_r58_e7241d0bc45a3215,transportation_run58_conservative_adjudication_v1,1,transportation,DAC,0001104659-26-021574,dac-20251231x20f.htm,tce_day_rate,TransportationDiscoveryTceDayRate,18175.0,0.000001,USD_per_day,,2025-12-31,ACCEPTED,exact_prior_accepted_disclosure_confirmation,,1.0,codex_transportation_conservative_review_v1,2026-07-27T12:00:00-05:00,,,
trprev_r58_91583e2661cda09a,transportation_run58_conservative_adjudication_v1,1,transportation,DAL,0000027904-20-000010,dal-20200630.htm,passenger_load_factor,TransportationDiscoveryPassengerLoadFactor,0.6,0.000001,ratio,,2020-06-30,ACCEPTED,exact_prior_accepted_disclosure_confirmation,,1.0,codex_transportation_conservative_review_v1,2026-07-27T12:00:00-05:00,,,
trprev_r58_4ffecb4db6ae3066,transportation_run58_conservative_adjudication_v1,1,transportation,DSKE,0001558370-20-012567,dske-20200930x10q.htm,operating_ratio,TransportationDiscoveryOperatingRatio,0.925,0.000001,ratio,,2020-09-30,ACCEPTED,exact_prior_accepted_disclosure_confirmation,,1.0,codex_transportation_conservative_review_v1,2026-07-27T12:00:00-05:00,,,
trprev_r58_fd6d68d3106773ed,transportation_run58_conservative_adjudication_v1,1,transportation,DSX,0001104659-22-051154,dsx-20211231x20f.htm,fleet_utilization,TransportationDiscoveryFleetUtilization,0.991,0.000001,ratio,,2021-12-31,ACCEPTED,exact_prior_accepted_disclosure_confirmation,,1.0,codex_transportation_conservative_review_v1,2026-07-27T12:00:00-05:00,,,
trprev_r58_ebc0b8739c7b9c98,transportation_run58_conservative_adjudication_v1,1,transportation,ESEA,0001171843-25-006803,esea20251024_6k.htm,tce_day_rate,TransportationDiscoveryTceDayRate,28468.0,0.000001,USD_per_day,,2025-06-30,ACCEPTED,exact_prior_accepted_disclosure_confirmation,,1.0,codex_transportation_conservative_review_v1,2026-07-27T12:00:00-05:00,,,
trprev_r58_ff9f48e4eefff153,transportation_run58_conservative_adjudication_v1,1,transportation,ESEA,0001171843-25-006804,esea20251024_6k.htm,tce_day_rate,TransportationDiscoveryTceDayRate,28468.0,0.000001,USD_per_day,,2025-06-30,ACCEPTED,exact_prior_accepted_disclosure_confirmation,,1.0,codex_transportation_conservative_review_v1,2026-07-27T12:00:00-05:00,,,
trprev_r58_b2819e12d81d80c3,transportation_run58_conservative_adjudication_v1,1,transportation,FDX,0001564590-21-014160,fdx-10q_20210228.htm,purchased_transportation_ratio,TransportationDiscoveryPurchasedTransportationRatio,0.24,0.000001,ratio,,2021-02-28,ACCEPTED,exact_prior_accepted_disclosure_confirmation,,1.0,codex_transportation_conservative_review_v1,2026-07-27T12:00:00-05:00,,,
trprev_r58_ef9dd620fd3f6d4c,transportation_run58_conservative_adjudication_v1,1,transportation,GATX,0000040211-18-000067,gatx20180630-10q.htm,equipment_utilization,TransportationDiscoveryEquipmentUtilization,0.9890000000000001,0.000001,ratio,,2018-06-30,ACCEPTED,exact_prior_accepted_disclosure_confirmation,,1.0,codex_transportation_conservative_review_v1,2026-07-27T12:00:00-05:00,,,
trprev_r58_092851c8102ba318,transportation_run58_conservative_adjudication_v1,1,transportation,GATX,0000040211-18-000083,gatx20180930-10q.htm,equipment_utilization,TransportationDiscoveryEquipmentUtilization,0.992,0.000001,ratio,,2018-09-30,ACCEPTED,exact_prior_accepted_disclosure_confirmation,,1.0,codex_transportation_conservative_review_v1,2026-07-27T12:00:00-05:00,,,
trprev_r58_c710603355fa1dfc,transportation_run58_conservative_adjudication_v1,1,transportation,GATX,0000040211-20-000035,gatx20200331-10q.htm,equipment_utilization,TransportationDiscoveryEquipmentUtilization,0.99,0.000001,ratio,,2020-03-31,ACCEPTED,exact_prior_accepted_disclosure_confirmation,,1.0,codex_transportation_conservative_review_v1,2026-07-27T12:00:00-05:00,,,
trprev_r58_aefa1f7318b0c289,transportation_run58_conservative_adjudication_v1,1,transportation,GATX,0000040211-20-000074,gatx20200630-10q.htm,equipment_utilization,TransportationDiscoveryEquipmentUtilization,0.987,0.000001,ratio,,2020-06-30,ACCEPTED,exact_prior_accepted_disclosure_confirmation,,1.0,codex_transportation_conservative_review_v1,2026-07-27T12:00:00-05:00,,,
trprev_r58_2366d20dabb0854a,transportation_run58_conservative_adjudication_v1,1,transportation,GATX,0000040211-20-000097,gmt-20200930.htm,equipment_utilization,TransportationDiscoveryEquipmentUtilization,0.982,0.000001,ratio,,2020-09-30,ACCEPTED,exact_prior_accepted_disclosure_confirmation,,1.0,codex_transportation_conservative_review_v1,2026-07-27T12:00:00-05:00,,,
trprev_r58_b0e5c0830b4ea0f9,transportation_run58_conservative_adjudication_v1,1,transportation,GATX,0000040211-21-000018,gmt-20201231.htm,equipment_utilization,TransportationDiscoveryEquipmentUtilization,0.981,0.000001,ratio,,2020-12-31,ACCEPTED,exact_prior_accepted_disclosure_confirmation,,1.0,codex_transportation_conservative_review_v1,2026-07-27T12:00:00-05:00,,,
trprev_r58_337de1381de2af76,transportation_run58_conservative_adjudication_v1,1,transportation,GNK,0001558370-20-009428,gnk-20200630x10q.htm,fleet_utilization,TransportationDiscoveryFleetUtilization,0.978,0.000001,ratio,,2020-06-30,ACCEPTED,exact_prior_accepted_disclosure_confirmation,,1.0,codex_transportation_conservative_review_v1,2026-07-27T12:00:00-05:00,,,
trprev_r58_fb85a35dce99bdd2,transportation_run58_conservative_adjudication_v1,1,transportation,GNK,0001558370-21-001621,gnk-20201231x10k.htm,fleet_utilization,TransportationDiscoveryFleetUtilization,0.98,0.000001,ratio,,2020-12-31,ACCEPTED,exact_prior_accepted_disclosure_confirmation,,1.0,codex_transportation_conservative_review_v1,2026-07-27T12:00:00-05:00,,,
trprev_r58_676b91ed42aad0e6,transportation_run58_conservative_adjudication_v1,1,transportation,GNK,0001558370-21-005956,gnk-20210331x10q.htm,fleet_utilization,TransportationDiscoveryFleetUtilization,0.978,0.000001,ratio,,2021-03-31,ACCEPTED,exact_prior_accepted_disclosure_confirmation,,1.0,codex_transportation_conservative_review_v1,2026-07-27T12:00:00-05:00,,,
trprev_r58_03d22e02288e112a,transportation_run58_conservative_adjudication_v1,1,transportation,GNK,0001558370-21-010257,gnk-20210630x10q.htm,fleet_utilization,TransportationDiscoveryFleetUtilization,0.981,0.000001,ratio,,2021-06-30,ACCEPTED,exact_prior_accepted_disclosure_confirmation,,1.0,codex_transportation_conservative_review_v1,2026-07-27T12:00:00-05:00,,,
trprev_r58_1b1a7731af9c98f2,transportation_run58_conservative_adjudication_v1,1,transportation,GNK,0001558370-21-014335,gnk-20210930x10q.htm,fleet_utilization,TransportationDiscoveryFleetUtilization,0.981,0.000001,ratio,,2021-09-30,ACCEPTED,exact_prior_accepted_disclosure_confirmation,,1.0,codex_transportation_conservative_review_v1,2026-07-27T12:00:00-05:00,,,
trprev_r58_fd27cc3d4f21d2d4,transportation_run58_conservative_adjudication_v1,1,transportation,GNK,0001558370-22-001938,gnk-20211231x10k.htm,fleet_utilization,TransportationDiscoveryFleetUtilization,0.98,0.000001,ratio,,2021-12-31,ACCEPTED,exact_prior_accepted_disclosure_confirmation,,1.0,codex_transportation_conservative_review_v1,2026-07-27T12:00:00-05:00,,,
trprev_r58_12155cfffeca26b4,transportation_run58_conservative_adjudication_v1,1,transportation,GNK,0001558370-23-001781,gnk-20221231x10k.htm,fleet_utilization,TransportationDiscoveryFleetUtilization,0.98,0.000001,ratio,,2022-12-31,ACCEPTED,exact_prior_accepted_disclosure_confirmation,,1.0,codex_transportation_conservative_review_v1,2026-07-27T12:00:00-05:00,,,
trprev_r58_2778d7229e526b95,transportation_run58_conservative_adjudication_v1,1,transportation,GNK,0001558370-24-001857,gnk-20231231x10k.htm,fleet_utilization,TransportationDiscoveryFleetUtilization,0.98,0.000001,ratio,,2023-12-31,ACCEPTED,exact_prior_accepted_disclosure_confirmation,,1.0,codex_transportation_conservative_review_v1,2026-07-27T12:00:00-05:00,,,
trprev_r58_51ffffcfb473935c,transportation_run58_conservative_adjudication_v1,1,transportation,GNK,0001558370-25-001309,gnk-20241231x10k.htm,fleet_utilization,TransportationDiscoveryFleetUtilization,0.98,0.000001,ratio,,2024-12-31,ACCEPTED,exact_prior_accepted_disclosure_confirmation,,1.0,codex_transportation_conservative_review_v1,2026-07-27T12:00:00-05:00,,,
trprev_r58_ad105046dca2682c,transportation_run58_conservative_adjudication_v1,1,transportation,GNK,0001104659-26-017117,gnk-20251231x10k.htm,fleet_utilization,TransportationDiscoveryFleetUtilization,0.98,0.000001,ratio,,2025-12-31,ACCEPTED,exact_prior_accepted_disclosure_confirmation,,1.0,codex_transportation_conservative_review_v1,2026-07-27T12:00:00-05:00,,,
trprev_r58_007bad368859050e,transportation_run58_conservative_adjudication_v1,1,transportation,HTLD,0000799233-19-000018,htld2019q110q.htm,operating_ratio,TransportationDiscoveryOperatingRatio,0.851,0.000001,ratio,,2019-03-31,ACCEPTED,exact_prior_accepted_disclosure_confirmation,,1.0,codex_transportation_conservative_review_v1,2026-07-27T12:00:00-05:00,,,
trprev_r58_76ac66e2a55e6e84,transportation_run58_conservative_adjudication_v1,1,transportation,HTLD,0000799233-20-000026,htld-20200331.htm,operating_ratio,TransportationDiscoveryOperatingRatio,0.8959999999999999,0.000001,ratio,,2020-03-31,ACCEPTED,exact_prior_accepted_disclosure_confirmation,,1.0,codex_transportation_conservative_review_v1,2026-07-27T12:00:00-05:00,,,
trprev_r58_0b4e18e2b7d26be6,transportation_run58_conservative_adjudication_v1,1,transportation,HTLD,0000799233-21-000028,htld-20210331.htm,operating_ratio,TransportationDiscoveryOperatingRatio,0.88,0.000001,ratio,,2021-03-31,ACCEPTED,exact_prior_accepted_disclosure_confirmation,,1.0,codex_transportation_conservative_review_v1,2026-07-27T12:00:00-05:00,,,
trprev_r58_ba5ba140dd1cc54d,transportation_run58_conservative_adjudication_v1,1,transportation,HTLD,0000799233-22-000022,htld-20220331.htm,operating_ratio,TransportationDiscoveryOperatingRatio,0.852,0.000001,ratio,,2022-03-31,ACCEPTED,exact_prior_accepted_disclosure_confirmation,,1.0,codex_transportation_conservative_review_v1,2026-07-27T12:00:00-05:00,,,
trprev_r58_3f585cd9d6dd46e0,transportation_run58_conservative_adjudication_v1,1,transportation,HTLD,0000799233-23-000021,htld-20230331.htm,operating_ratio,TransportationDiscoveryOperatingRatio,0.9309999999999999,0.000001,ratio,,2023-03-31,ACCEPTED,exact_prior_accepted_disclosure_confirmation,,1.0,codex_transportation_conservative_review_v1,2026-07-27T12:00:00-05:00,,,
trprev_r58_1698ef2c11159289,transportation_run58_conservative_adjudication_v1,1,transportation,KNX,0001492691-21-000040,knx-20210331.htm,operating_ratio,TransportationDiscoveryOperatingRatio,0.818,0.000001,ratio,,2021-03-31,ACCEPTED,exact_prior_accepted_disclosure_confirmation,,1.0,codex_transportation_conservative_review_v1,2026-07-27T12:00:00-05:00,,,
trprev_r58_b96ffbac165075fc,transportation_run58_conservative_adjudication_v1,1,transportation,KNX,0001492691-20-000013,knx-10k12312019.htm,purchased_transportation_ratio,TransportationDiscoveryPurchasedTransportationRatio,0.307,0.000001,ratio,,2019-12-31,ACCEPTED,exact_prior_accepted_disclosure_confirmation,,1.0,codex_transportation_conservative_review_v1,2026-07-27T12:00:00-05:00,,,
trprev_r58_32fed8b7b82c350c,transportation_run58_conservative_adjudication_v1,1,transportation,KNX,0001492691-21-000016,knx-20201231.htm,purchased_transportation_ratio,TransportationDiscoveryPurchasedTransportationRatio,0.175,0.000001,ratio,,2020-12-31,ACCEPTED,exact_prior_accepted_disclosure_confirmation,,1.0,codex_transportation_conservative_review_v1,2026-07-27T12:00:00-05:00,,,
trprev_r58_6a9846b1e01991cd,transportation_run58_conservative_adjudication_v1,1,transportation,KSU,0000054480-20-000015,kcs1231201910k.htm,operating_ratio,TransportationDiscoveryOperatingRatio,0.691,0.000001,ratio,,2019-12-31,ACCEPTED,exact_prior_accepted_disclosure_confirmation,,1.0,codex_transportation_conservative_review_v1,2026-07-27T12:00:00-05:00,,,
trprev_r58_fa640c0dd69e705f,transportation_run58_conservative_adjudication_v1,1,transportation,LTM,0001213900-20-006807,f20f2019_latamairlines.htm,passenger_load_factor,TransportationDiscoveryPassengerLoadFactor,0.012,0.000001,ratio,,2019-12-31,ACCEPTED,exact_prior_accepted_disclosure_confirmation,,1.0,codex_transportation_conservative_review_v1,2026-07-27T12:00:00-05:00,,,
trprev_r58_a96f0c35999f4989,transportation_run58_conservative_adjudication_v1,1,transportation,LTM,0001628280-24-006398,ltm-20231231.htm,passenger_load_factor,TransportationDiscoveryPassengerLoadFactor,0.8079999999999999,0.000001,ratio,,2023-12-31,ACCEPTED,exact_prior_accepted_disclosure_confirmation,,1.0,codex_transportation_conservative_review_v1,2026-07-27T12:00:00-05:00,,,
trprev_r58_61e4ad6b8d43b268,transportation_run58_conservative_adjudication_v1,1,transportation,LUV,0000092380-19-000077,luv-6302019x10q.htm,passenger_load_factor,TransportationDiscoveryPassengerLoadFactor,0.838,0.000001,ratio,,2019-06-30,ACCEPTED,exact_prior_accepted_disclosure_confirmation,,1.0,codex_transportation_conservative_review_v1,2026-07-27T12:00:00-05:00,,,
trprev_r58_bcaad57e39bf755e,transportation_run58_conservative_adjudication_v1,1,transportation,LUV,0000092380-19-000085,luv-9302019x10q.htm,passenger_load_factor,TransportationDiscoveryPassengerLoadFactor,0.8370000000000001,0.000001,ratio,,2019-09-30,ACCEPTED,exact_prior_accepted_disclosure_confirmation,,1.0,codex_transportation_conservative_review_v1,2026-07-27T12:00:00-05:00,,,
trprev_r58_d457195e007f5035,transportation_run58_conservative_adjudication_v1,1,transportation,LUV,0000092380-20-000024,luv-12312019x10k.htm,passenger_load_factor,TransportationDiscoveryPassengerLoadFactor,0.835,0.000001,ratio,,2019-12-31,ACCEPTED,exact_prior_accepted_disclosure_confirmation,,1.0,codex_transportation_conservative_review_v1,2026-07-27T12:00:00-05:00,,,
trprev_r58_1827cd2827849ab2,transportation_run58_conservative_adjudication_v1,1,transportation,LUV,0000092380-20-000122,luv-20200630.htm,passenger_load_factor,TransportationDiscoveryPassengerLoadFactor,0.078,0.000001,ratio,,2020-06-30,ACCEPTED,exact_prior_accepted_disclosure_confirmation,,1.0,codex_transportation_conservative_review_v1,2026-07-27T12:00:00-05:00,,,
trprev_r58_b468364c55a13154,transportation_run58_conservative_adjudication_v1,1,transportation,LUV,0000092380-23-000049,luv-20230930.htm,passenger_load_factor,TransportationDiscoveryPassengerLoadFactor,0.125,0.000001,ratio,,2023-09-30,ACCEPTED,exact_prior_accepted_disclosure_confirmation,,1.0,codex_transportation_conservative_review_v1,2026-07-27T12:00:00-05:00,,,
trprev_r58_167d14fa59b32364,transportation_run58_conservative_adjudication_v1,1,transportation,LUV,0000092380-24-000027,luv-20231231.htm,passenger_load_factor,TransportationDiscoveryPassengerLoadFactor,0.147,0.000001,ratio,,2023-12-31,ACCEPTED,exact_prior_accepted_disclosure_confirmation,,1.0,codex_transportation_conservative_review_v1,2026-07-27T12:00:00-05:00,,,
trprev_r58_b38238eba201c87f,transportation_run58_conservative_adjudication_v1,1,transportation,MRTN,0001437749-18-009293,mrtn20180331_10q.htm,operating_ratio,TransportationDiscoveryOperatingRatio,0.927,0.000001,ratio,,2018-03-31,ACCEPTED,exact_prior_accepted_disclosure_confirmation,,1.0,codex_transportation_conservative_review_v1,2026-07-27T12:00:00-05:00,,,
trprev_r58_f9594a895a9aa4cd,transportation_run58_conservative_adjudication_v1,1,transportation,MRTN,0001437749-19-009167,mrtn20190331_10q.htm,operating_ratio,TransportationDiscoveryOperatingRatio,0.9109999999999999,0.000001,ratio,,2019-03-31,ACCEPTED,exact_prior_accepted_disclosure_confirmation,,1.0,codex_transportation_conservative_review_v1,2026-07-27T12:00:00-05:00,,,
trprev_r58_fca7fffc4646a87f,transportation_run58_conservative_adjudication_v1,1,transportation,MRTN,0001437749-20-009914,mrtn20200331_10q.htm,operating_ratio,TransportationDiscoveryOperatingRatio,0.9179999999999999,0.000001,ratio,,2020-03-31,ACCEPTED,exact_prior_accepted_disclosure_confirmation,,1.0,codex_transportation_conservative_review_v1,2026-07-27T12:00:00-05:00,,,
trprev_r58_56b68a311686d35d,transportation_run58_conservative_adjudication_v1,1,transportation,MRTN,0001437749-21-011225,mrtn20210331_10q.htm,operating_ratio,TransportationDiscoveryOperatingRatio,0.892,0.000001,ratio,,2021-03-31,ACCEPTED,exact_prior_accepted_disclosure_confirmation,,1.0,codex_transportation_conservative_review_v1,2026-07-27T12:00:00-05:00,,,
trprev_r58_a363212e48b53bd3,transportation_run58_conservative_adjudication_v1,1,transportation,MRTN,0001437749-22-011121,mrtn20220331_10q.htm,operating_ratio,TransportationDiscoveryOperatingRatio,0.875,0.000001,ratio,,2022-03-31,ACCEPTED,exact_prior_accepted_disclosure_confirmation,,1.0,codex_transportation_conservative_review_v1,2026-07-27T12:00:00-05:00,,,
trprev_r58_71a579aa9a60b242,transportation_run58_conservative_adjudication_v1,1,transportation,MRTN,0001437749-22-019247,mrtn20220630_10q.htm,operating_ratio,TransportationDiscoveryOperatingRatio,0.8759999999999999,0.000001,ratio,,2022-06-30,ACCEPTED,exact_prior_accepted_disclosure_confirmation,,1.0,codex_transportation_conservative_review_v1,2026-07-27T12:00:00-05:00,,,
trprev_r58_6dda490b4cf18d8e,transportation_run58_conservative_adjudication_v1,1,transportation,NSC,0000702165-21-000011,nsc-20210331.htm,operating_ratio,TransportationDiscoveryOperatingRatio,0.615,0.000001,ratio,,2021-03-31,ACCEPTED,exact_prior_accepted_disclosure_confirmation,,1.0,codex_transportation_conservative_review_v1,2026-07-27T12:00:00-05:00,,,
trprev_r58_ab7e777cd1031f1c,transportation_run58_conservative_adjudication_v1,1,transportation,NSC,0000702165-23-000010,nsc-20221231.htm,operating_ratio,TransportationDiscoveryOperatingRatio,0.601,0.000001,ratio,,2022-12-31,ACCEPTED,exact_prior_accepted_disclosure_confirmation,,1.0,codex_transportation_conservative_review_v1,2026-07-27T12:00:00-05:00,,,
trprev_r58_03ead297b33660b4,transportation_run58_conservative_adjudication_v1,1,transportation,NSC,0000702165-24-000005,nsc-20231231.htm,operating_ratio,TransportationDiscoveryOperatingRatio,0.623,0.000001,ratio,,2023-12-31,ACCEPTED,exact_prior_accepted_disclosure_confirmation,,1.0,codex_transportation_conservative_review_v1,2026-07-27T12:00:00-05:00,,,
trprev_r58_a74d138c87ed85bf,transportation_run58_conservative_adjudication_v1,1,transportation,ODFL,0001564590-20-021054,odfl-10q_20200331.htm,operating_ratio,TransportationDiscoveryOperatingRatio,0.8140000000000001,0.000001,ratio,,2020-03-31,ACCEPTED,exact_prior_accepted_disclosure_confirmation,,1.0,codex_transportation_conservative_review_v1,2026-07-27T12:00:00-05:00,,,
trprev_r58_a48a05f33c03f6a4,transportation_run58_conservative_adjudication_v1,1,transportation,ODFL,0001564590-20-037340,odfl-10q_20200630.htm,operating_ratio,TransportationDiscoveryOperatingRatio,0.778,0.000001,ratio,,2020-06-30,ACCEPTED,exact_prior_accepted_disclosure_confirmation,,1.0,codex_transportation_conservative_review_v1,2026-07-27T12:00:00-05:00,,,
trprev_r58_ba8550971c1d7137,transportation_run58_conservative_adjudication_v1,1,transportation,ODFL,0001564590-21-054053,odfl-10q_20210930.htm,operating_ratio,TransportationDiscoveryOperatingRatio,0.726,0.000001,ratio,,2021-09-30,ACCEPTED,exact_prior_accepted_disclosure_confirmation,,1.0,codex_transportation_conservative_review_v1,2026-07-27T12:00:00-05:00,,,
trprev_r58_8a9fd6c757f4c9d8,transportation_run58_conservative_adjudication_v1,1,transportation,ODFL,0001564590-22-006303,odfl-10k_20211231.htm,operating_ratio,TransportationDiscoveryOperatingRatio,0.735,0.000001,ratio,,2021-12-31,ACCEPTED,exact_prior_accepted_disclosure_confirmation,,1.0,codex_transportation_conservative_review_v1,2026-07-27T12:00:00-05:00,,,
trprev_r58_2199c032dbb97e4e,transportation_run58_conservative_adjudication_v1,1,transportation,ODFL,0001564590-22-017820,odfl-10q_20220331.htm,operating_ratio,TransportationDiscoveryOperatingRatio,0.7290000000000001,0.000001,ratio,,2022-03-31,ACCEPTED,exact_prior_accepted_disclosure_confirmation,,1.0,codex_transportation_conservative_review_v1,2026-07-27T12:00:00-05:00,,,
trprev_r58_ee51aa2d6b160cfb,transportation_run58_conservative_adjudication_v1,1,transportation,ODFL,0000950170-22-014258,odfl-20220630.htm,operating_ratio,TransportationDiscoveryOperatingRatio,0.695,0.000001,ratio,,2022-06-30,ACCEPTED,exact_prior_accepted_disclosure_confirmation,,1.0,codex_transportation_conservative_review_v1,2026-07-27T12:00:00-05:00,,,
trprev_r58_16e1d312399f01d4,transportation_run58_conservative_adjudication_v1,1,transportation,ODFL,0000950170-22-021737,odfl-20220930.htm,operating_ratio,TransportationDiscoveryOperatingRatio,0.691,0.000001,ratio,,2022-09-30,ACCEPTED,exact_prior_accepted_disclosure_confirmation,,1.0,codex_transportation_conservative_review_v1,2026-07-27T12:00:00-05:00,,,
trprev_r58_bd5052bb6833f024,transportation_run58_conservative_adjudication_v1,1,transportation,ODFL,0000950170-23-003783,odfl-20221231.htm,operating_ratio,TransportationDiscoveryOperatingRatio,0.706,0.000001,ratio,,2022-12-31,ACCEPTED,exact_prior_accepted_disclosure_confirmation,,1.0,codex_transportation_conservative_review_v1,2026-07-27T12:00:00-05:00,,,
trprev_r58_2687c73967676d0b,transportation_run58_conservative_adjudication_v1,1,transportation,ODFL,0000950170-23-038553,odfl-20230630.htm,operating_ratio,TransportationDiscoveryOperatingRatio,0.723,0.000001,ratio,,2023-06-30,ACCEPTED,exact_prior_accepted_disclosure_confirmation,,1.0,codex_transportation_conservative_review_v1,2026-07-27T12:00:00-05:00,,,
trprev_r58_4fe05bb34f404a9a,transportation_run58_conservative_adjudication_v1,1,transportation,ODFL,0000950170-23-059408,odfl-20230930.htm,operating_ratio,TransportationDiscoveryOperatingRatio,0.706,0.000001,ratio,,2023-09-30,ACCEPTED,exact_prior_accepted_disclosure_confirmation,,1.0,codex_transportation_conservative_review_v1,2026-07-27T12:00:00-05:00,,,
trprev_r58_1b8e6346f80834b4,transportation_run58_conservative_adjudication_v1,1,transportation,PANL,0001606909-18-000045,panl-3312018x10q.htm,tce_day_rate,TransportationDiscoveryTceDayRate,13849.0,0.000001,USD_per_day,,2018-03-31,ACCEPTED,exact_prior_accepted_disclosure_confirmation,,1.0,codex_transportation_conservative_review_v1,2026-07-27T12:00:00-05:00,,,
trprev_r58_5d1a9021f5cc21eb,transportation_run58_conservative_adjudication_v1,1,transportation,PANL,0001606909-21-000035,panl-20201231.htm,tce_day_rate,TransportationDiscoveryTceDayRate,12433.0,0.000001,USD_per_day,,2020-12-31,ACCEPTED,exact_prior_accepted_disclosure_confirmation,,1.0,codex_transportation_conservative_review_v1,2026-07-27T12:00:00-05:00,,,
trprev_r58_442d982a80654ebb,transportation_run58_conservative_adjudication_v1,1,transportation,PANL,0001606909-22-000032,panl-20211231.htm,tce_day_rate,TransportationDiscoveryTceDayRate,25056.0,0.000001,USD_per_day,,2021-12-31,ACCEPTED,exact_prior_accepted_disclosure_confirmation,,1.0,codex_transportation_conservative_review_v1,2026-07-27T12:00:00-05:00,,,
trprev_r58_a5156e34a9e5ca4e,transportation_run58_conservative_adjudication_v1,1,transportation,PANL,0001606909-23-000045,panl-20221231.htm,tce_day_rate,TransportationDiscoveryTceDayRate,24434.0,0.000001,USD_per_day,,2022-12-31,ACCEPTED,exact_prior_accepted_disclosure_confirmation,,1.0,codex_transportation_conservative_review_v1,2026-07-27T12:00:00-05:00,,,
trprev_r58_bb4650eadfe5a6fc,transportation_run58_conservative_adjudication_v1,1,transportation,PANL,0001606909-25-000025,panl-20231231.htm,tce_day_rate,TransportationDiscoveryTceDayRate,15849.0,0.000001,USD_per_day,,2023-12-31,ACCEPTED,exact_prior_accepted_disclosure_confirmation,,1.0,codex_transportation_conservative_review_v1,2026-07-27T12:00:00-05:00,,,
trprev_r58_cfb9ac5e499e1901,transportation_run58_conservative_adjudication_v1,1,transportation,PANL,0001606909-24-000043,panl-20231231.htm,tce_day_rate,TransportationDiscoveryTceDayRate,15849.0,0.000001,USD_per_day,,2023-12-31,ACCEPTED,exact_prior_accepted_disclosure_confirmation,,1.0,codex_transportation_conservative_review_v1,2026-07-27T12:00:00-05:00,,,
trprev_r58_5deed0f786727f04,transportation_run58_conservative_adjudication_v1,1,transportation,PANL,0001606909-25-000097,panl-20241231.htm,tce_day_rate,TransportationDiscoveryTceDayRate,16485.0,0.000001,USD_per_day,,2024-12-31,ACCEPTED,exact_prior_accepted_disclosure_confirmation,,1.0,codex_transportation_conservative_review_v1,2026-07-27T12:00:00-05:00,,,
trprev_r58_019e79c277196afd,transportation_run58_conservative_adjudication_v1,1,transportation,R,0000085961-18-000132,ryder2ndquarter201810-q.htm,equipment_utilization,TransportationDiscoveryEquipmentUtilization,0.794,0.000001,ratio,,2018-06-30,ACCEPTED,exact_prior_accepted_disclosure_confirmation,,1.0,codex_transportation_conservative_review_v1,2026-07-27T12:00:00-05:00,,,
trprev_r58_834a6b3c44518b01,transportation_run58_conservative_adjudication_v1,1,transportation,R,0000085961-19-000109,ryder1stquarter201910-q.htm,equipment_utilization,TransportationDiscoveryEquipmentUtilization,0.7490000000000001,0.000001,ratio,,2019-03-31,ACCEPTED,exact_prior_accepted_disclosure_confirmation,,1.0,codex_transportation_conservative_review_v1,2026-07-27T12:00:00-05:00,,,
trprev_r58_4cc2e232aa8441bd,transportation_run58_conservative_adjudication_v1,1,transportation,R,0000085961-21-000151,r-20210331.htm,equipment_utilization,TransportationDiscoveryEquipmentUtilization,0.7290000000000001,0.000001,ratio,,2021-03-31,ACCEPTED,exact_prior_accepted_disclosure_confirmation,,1.0,codex_transportation_conservative_review_v1,2026-07-27T12:00:00-05:00,,,
trprev_r58_237c04078fe83108,transportation_run58_conservative_adjudication_v1,1,transportation,R,0000085961-21-000223,r-20210630.htm,equipment_utilization,TransportationDiscoveryEquipmentUtilization,0.8,0.000001,ratio,,2021-06-30,ACCEPTED,exact_prior_accepted_disclosure_confirmation,,1.0,codex_transportation_conservative_review_v1,2026-07-27T12:00:00-05:00,,,
trprev_r58_e55b9c03071d53fa,transportation_run58_conservative_adjudication_v1,1,transportation,R,0000085961-22-000055,r-20211231.htm,equipment_utilization,TransportationDiscoveryEquipmentUtilization,0.8,0.000001,ratio,,2021-12-31,ACCEPTED,exact_prior_accepted_disclosure_confirmation,,1.0,codex_transportation_conservative_review_v1,2026-07-27T12:00:00-05:00,,,
trprev_r58_d35f1d325ddf6c05,transportation_run58_conservative_adjudication_v1,1,transportation,R,0000085961-22-000166,r-20220930.htm,equipment_utilization,TransportationDiscoveryEquipmentUtilization,0.83,0.000001,ratio,,2022-09-30,ACCEPTED,exact_prior_accepted_disclosure_confirmation,,1.0,codex_transportation_conservative_review_v1,2026-07-27T12:00:00-05:00,,,
trprev_r58_f9d0ee8a67d6ef0e,transportation_run58_conservative_adjudication_v1,1,transportation,R,0000085961-23-000031,r-20221231.htm,equipment_utilization,TransportationDiscoveryEquipmentUtilization,0.83,0.000001,ratio,,2022-12-31,ACCEPTED,exact_prior_accepted_disclosure_confirmation,,1.0,codex_transportation_conservative_review_v1,2026-07-27T12:00:00-05:00,,,
trprev_r58_47a6d472b9be9c18,transportation_run58_conservative_adjudication_v1,1,transportation,R,0001628280-25-046075,r-20250930.htm,equipment_utilization,TransportationDiscoveryEquipmentUtilization,0.7,0.000001,ratio,,2025-09-30,ACCEPTED,exact_prior_accepted_disclosure_confirmation,,1.0,codex_transportation_conservative_review_v1,2026-07-27T12:00:00-05:00,,,
trprev_r58_0b8159e93ba6e9b7,transportation_run58_conservative_adjudication_v1,1,transportation,RYAAY,0001558370-23-012101,tmb-20230331x20f.htm,passenger_load_factor,TransportationDiscoveryPassengerLoadFactor,0.88,0.000001,ratio,,2023-03-31,ACCEPTED,exact_prior_accepted_disclosure_confirmation,,1.0,codex_transportation_conservative_review_v1,2026-07-27T12:00:00-05:00,,,
trprev_r58_071a5858a1038067,transportation_run58_conservative_adjudication_v1,1,transportation,RYAAY,0001558370-24-009521,tmb-20240331x20f.htm,passenger_load_factor,TransportationDiscoveryPassengerLoadFactor,0.81,0.000001,ratio,,2024-03-31,ACCEPTED,exact_prior_accepted_disclosure_confirmation,,1.0,codex_transportation_conservative_review_v1,2026-07-27T12:00:00-05:00,,,
trprev_r58_1505dbc0b6208996,transportation_run58_conservative_adjudication_v1,1,transportation,RYAAY,0001558370-25-007966,tmb-20250331x20f.htm,passenger_load_factor,TransportationDiscoveryPassengerLoadFactor,0.8,0.000001,ratio,,2025-03-31,ACCEPTED,exact_prior_accepted_disclosure_confirmation,,1.0,codex_transportation_conservative_review_v1,2026-07-27T12:00:00-05:00,,,
trprev_r58_04f54b7c9b030e94,transportation_run58_conservative_adjudication_v1,1,transportation,RYAAY,0001104659-26-076131,tmb-20260331x20f.htm,passenger_load_factor,TransportationDiscoveryPassengerLoadFactor,0.84,0.000001,ratio,,2026-03-31,ACCEPTED,exact_prior_accepted_disclosure_confirmation,,1.0,codex_transportation_conservative_review_v1,2026-07-27T12:00:00-05:00,,,
trprev_r58_156fc6f940e62f7a,transportation_run58_conservative_adjudication_v1,1,transportation,TRN,0000099780-19-000019,trn1231201810k-q4.htm,equipment_utilization,TransportationDiscoveryEquipmentUtilization,0.968,0.000001,ratio,,2018-12-31,ACCEPTED,exact_prior_accepted_disclosure_confirmation,,1.0,codex_transportation_conservative_review_v1,2026-07-27T12:00:00-05:00,,,
trprev_r58_d5bcc080808e1a61,transportation_run58_conservative_adjudication_v1,1,transportation,TRN,0000099780-19-000052,trn331201910q.htm,equipment_utilization,TransportationDiscoveryEquipmentUtilization,0.961,0.000001,ratio,,2019-03-31,ACCEPTED,exact_prior_accepted_disclosure_confirmation,,1.0,codex_transportation_conservative_review_v1,2026-07-27T12:00:00-05:00,,,
trprev_r58_86ed702503f56888,transportation_run58_conservative_adjudication_v1,1,transportation,TRN,0000099780-19-000101,trn630201910q.htm,equipment_utilization,TransportationDiscoveryEquipmentUtilization,0.971,0.000001,ratio,,2019-06-30,ACCEPTED,exact_prior_accepted_disclosure_confirmation,,1.0,codex_transportation_conservative_review_v1,2026-07-27T12:00:00-05:00,,,
trprev_r58_def38bcf5fe535db,transportation_run58_conservative_adjudication_v1,1,transportation,TRN,0000099780-19-000125,trn930201910q.htm,equipment_utilization,TransportationDiscoveryEquipmentUtilization,0.976,0.000001,ratio,,2019-09-30,ACCEPTED,exact_prior_accepted_disclosure_confirmation,,1.0,codex_transportation_conservative_review_v1,2026-07-27T12:00:00-05:00,,,
trprev_r58_4ab063f62765827c,transportation_run58_conservative_adjudication_v1,1,transportation,TRN,0000099780-20-000025,trn1231201910k-q4.htm,equipment_utilization,TransportationDiscoveryEquipmentUtilization,0.985,0.000001,ratio,,2019-12-31,ACCEPTED,exact_prior_accepted_disclosure_confirmation,,1.0,codex_transportation_conservative_review_v1,2026-07-27T12:00:00-05:00,,,
trprev_r58_5a83861786a5676f,transportation_run58_conservative_adjudication_v1,1,transportation,TRN,0000099780-20-000046,trn331202010q-q1.htm,equipment_utilization,TransportationDiscoveryEquipmentUtilization,0.9840000000000001,0.000001,ratio,,2020-03-31,ACCEPTED,exact_prior_accepted_disclosure_confirmation,,1.0,codex_transportation_conservative_review_v1,2026-07-27T12:00:00-05:00,,,
trprev_r58_46a4308c19fa05fa,transportation_run58_conservative_adjudication_v1,1,transportation,TRN,0000099780-20-000100,trn-20200630.htm,equipment_utilization,TransportationDiscoveryEquipmentUtilization,0.978,0.000001,ratio,,2020-06-30,ACCEPTED,exact_prior_accepted_disclosure_confirmation,,1.0,codex_transportation_conservative_review_v1,2026-07-27T12:00:00-05:00,,,
trprev_r58_7c907bbc90545576,transportation_run58_conservative_adjudication_v1,1,transportation,TRN,0000099780-20-000136,trn-20200930.htm,equipment_utilization,TransportationDiscoveryEquipmentUtilization,0.9670000000000001,0.000001,ratio,,2020-09-30,ACCEPTED,exact_prior_accepted_disclosure_confirmation,,1.0,codex_transportation_conservative_review_v1,2026-07-27T12:00:00-05:00,,,
trprev_r58_362fc94354e7cb8a,transportation_run58_conservative_adjudication_v1,1,transportation,TRN,0000099780-21-000012,trn-20201231.htm,equipment_utilization,TransportationDiscoveryEquipmentUtilization,0.96,0.000001,ratio,,2020-12-31,ACCEPTED,exact_prior_accepted_disclosure_confirmation,,1.0,codex_transportation_conservative_review_v1,2026-07-27T12:00:00-05:00,,,
trprev_r58_24f8238eab1096e9,transportation_run58_conservative_adjudication_v1,1,transportation,TRN,0000099780-21-000042,trn-20210331.htm,equipment_utilization,TransportationDiscoveryEquipmentUtilization,0.9540000000000001,0.000001,ratio,,2021-03-31,ACCEPTED,exact_prior_accepted_disclosure_confirmation,,1.0,codex_transportation_conservative_review_v1,2026-07-27T12:00:00-05:00,,,
trprev_r58_6f77804f091288ff,transportation_run58_conservative_adjudication_v1,1,transportation,TRN,0000099780-21-000113,trn-20210630.htm,equipment_utilization,TransportationDiscoveryEquipmentUtilization,0.9470000000000001,0.000001,ratio,,2021-06-30,ACCEPTED,exact_prior_accepted_disclosure_confirmation,,1.0,codex_transportation_conservative_review_v1,2026-07-27T12:00:00-05:00,,,
trprev_r58_93d79c46638fa774,transportation_run58_conservative_adjudication_v1,1,transportation,TRN,0000099780-21-000133,trn-20210930.htm,equipment_utilization,TransportationDiscoveryEquipmentUtilization,0.948,0.000001,ratio,,2021-09-30,ACCEPTED,exact_prior_accepted_disclosure_confirmation,,1.0,codex_transportation_conservative_review_v1,2026-07-27T12:00:00-05:00,,,
trprev_r58_586e8e38f3ced491,transportation_run58_conservative_adjudication_v1,1,transportation,TRN,0000099780-22-000013,trn-20211231.htm,equipment_utilization,TransportationDiscoveryEquipmentUtilization,0.945,0.000001,ratio,,2021-12-31,ACCEPTED,exact_prior_accepted_disclosure_confirmation,,1.0,codex_transportation_conservative_review_v1,2026-07-27T12:00:00-05:00,,,
trprev_r58_be4bd98a390a658a,transportation_run58_conservative_adjudication_v1,1,transportation,TRN,0000099780-22-000041,trn-20220331.htm,equipment_utilization,TransportationDiscoveryEquipmentUtilization,0.945,0.000001,ratio,,2022-03-31,ACCEPTED,exact_prior_accepted_disclosure_confirmation,,1.0,codex_transportation_conservative_review_v1,2026-07-27T12:00:00-05:00,,,
trprev_r58_fef081ec7c39ba10,transportation_run58_conservative_adjudication_v1,1,transportation,TRN,0000099780-22-000105,trn-20220630.htm,equipment_utilization,TransportationDiscoveryEquipmentUtilization,0.943,0.000001,ratio,,2022-06-30,ACCEPTED,exact_prior_accepted_disclosure_confirmation,,1.0,codex_transportation_conservative_review_v1,2026-07-27T12:00:00-05:00,,,
trprev_r58_df0afcb86ac9d440,transportation_run58_conservative_adjudication_v1,1,transportation,TRN,0000099780-22-000136,trn-20220930.htm,equipment_utilization,TransportationDiscoveryEquipmentUtilization,0.95,0.000001,ratio,,2022-09-30,ACCEPTED,exact_prior_accepted_disclosure_confirmation,,1.0,codex_transportation_conservative_review_v1,2026-07-27T12:00:00-05:00,,,
trprev_r58_8e1838a64ad36d82,transportation_run58_conservative_adjudication_v1,1,transportation,TRN,0000099780-23-000013,trn-20221231.htm,equipment_utilization,TransportationDiscoveryEquipmentUtilization,0.9570000000000001,0.000001,ratio,,2022-12-31,ACCEPTED,exact_prior_accepted_disclosure_confirmation,,1.0,codex_transportation_conservative_review_v1,2026-07-27T12:00:00-05:00,,,
trprev_r58_52e8bed07cb5760d,transportation_run58_conservative_adjudication_v1,1,transportation,TRN,0000099780-23-000044,trn-20230331.htm,equipment_utilization,TransportationDiscoveryEquipmentUtilization,0.965,0.000001,ratio,,2023-03-31,ACCEPTED,exact_prior_accepted_disclosure_confirmation,,1.0,codex_transportation_conservative_review_v1,2026-07-27T12:00:00-05:00,,,
trprev_r58_e56db24bd58e030e,transportation_run58_conservative_adjudication_v1,1,transportation,TRN,0000099780-23-000115,trn-20230630.htm,equipment_utilization,TransportationDiscoveryEquipmentUtilization,0.972,0.000001,ratio,,2023-06-30,ACCEPTED,exact_prior_accepted_disclosure_confirmation,,1.0,codex_transportation_conservative_review_v1,2026-07-27T12:00:00-05:00,,,
trprev_r58_fecb0dc813b73f4b,transportation_run58_conservative_adjudication_v1,1,transportation,TRN,0000099780-23-000143,trn-20230930.htm,equipment_utilization,TransportationDiscoveryEquipmentUtilization,0.9790000000000001,0.000001,ratio,,2023-09-30,ACCEPTED,exact_prior_accepted_disclosure_confirmation,,1.0,codex_transportation_conservative_review_v1,2026-07-27T12:00:00-05:00,,,
trprev_r58_c73f523509730083,transportation_run58_conservative_adjudication_v1,1,transportation,TRN,0000099780-24-000017,trn-20231231.htm,equipment_utilization,TransportationDiscoveryEquipmentUtilization,0.9790000000000001,0.000001,ratio,,2023-12-31,ACCEPTED,exact_prior_accepted_disclosure_confirmation,,1.0,codex_transportation_conservative_review_v1,2026-07-27T12:00:00-05:00,,,
trprev_r58_2831fadb1aca225b,transportation_run58_conservative_adjudication_v1,1,transportation,TRN,0000099780-24-000055,trn-20240331.htm,equipment_utilization,TransportationDiscoveryEquipmentUtilization,0.982,0.000001,ratio,,2024-03-31,ACCEPTED,exact_prior_accepted_disclosure_confirmation,,1.0,codex_transportation_conservative_review_v1,2026-07-27T12:00:00-05:00,,,
trprev_r58_b74adaef22c09627,transportation_run58_conservative_adjudication_v1,1,transportation,TRN,0000099780-24-000130,trn-20240630.htm,equipment_utilization,TransportationDiscoveryEquipmentUtilization,0.9790000000000001,0.000001,ratio,,2024-06-30,ACCEPTED,exact_prior_accepted_disclosure_confirmation,,1.0,codex_transportation_conservative_review_v1,2026-07-27T12:00:00-05:00,,,
trprev_r58_5a0a84d4271b4993,transportation_run58_conservative_adjudication_v1,1,transportation,TRN,0000099780-24-000146,trn-20240930.htm,equipment_utilization,TransportationDiscoveryEquipmentUtilization,0.981,0.000001,ratio,,2024-09-30,ACCEPTED,exact_prior_accepted_disclosure_confirmation,,1.0,codex_transportation_conservative_review_v1,2026-07-27T12:00:00-05:00,,,
trprev_r58_217451f9b63b2fb9,transportation_run58_conservative_adjudication_v1,1,transportation,TRN,0000099780-25-000015,trn-20241231.htm,equipment_utilization,TransportationDiscoveryEquipmentUtilization,0.975,0.000001,ratio,,2024-12-31,ACCEPTED,exact_prior_accepted_disclosure_confirmation,,1.0,codex_transportation_conservative_review_v1,2026-07-27T12:00:00-05:00,,,
trprev_r58_e40cdf6ceb4a181b,transportation_run58_conservative_adjudication_v1,1,transportation,TRN,0000099780-25-000040,trn-20250331.htm,equipment_utilization,TransportationDiscoveryEquipmentUtilization,0.975,0.000001,ratio,,2025-03-31,ACCEPTED,exact_prior_accepted_disclosure_confirmation,,1.0,codex_transportation_conservative_review_v1,2026-07-27T12:00:00-05:00,,,
trprev_r58_8a685d47729659b2,transportation_run58_conservative_adjudication_v1,1,transportation,TRN,0000099780-25-000098,trn-20250630.htm,equipment_utilization,TransportationDiscoveryEquipmentUtilization,0.9690000000000001,0.000001,ratio,,2025-06-30,ACCEPTED,exact_prior_accepted_disclosure_confirmation,,1.0,codex_transportation_conservative_review_v1,2026-07-27T12:00:00-05:00,,,
trprev_r58_dae9c0513ddf9c89,transportation_run58_conservative_adjudication_v1,1,transportation,TRN,0000099780-25-000119,trn-20250930.htm,equipment_utilization,TransportationDiscoveryEquipmentUtilization,0.966,0.000001,ratio,,2025-09-30,ACCEPTED,exact_prior_accepted_disclosure_confirmation,,1.0,codex_transportation_conservative_review_v1,2026-07-27T12:00:00-05:00,,,
trprev_r58_da384894214286fb,transportation_run58_conservative_adjudication_v1,1,transportation,TRN,0000099780-26-000014,trn-20251231.htm,equipment_utilization,TransportationDiscoveryEquipmentUtilization,0.97,0.000001,ratio,,2025-12-31,ACCEPTED,exact_prior_accepted_disclosure_confirmation,,1.0,codex_transportation_conservative_review_v1,2026-07-27T12:00:00-05:00,,,
trprev_r58_05d252c56809354c,transportation_run58_conservative_adjudication_v1,1,transportation,TRN,0000099780-26-000037,trn-20260331.htm,equipment_utilization,TransportationDiscoveryEquipmentUtilization,0.968,0.000001,ratio,,2026-03-31,ACCEPTED,exact_prior_accepted_disclosure_confirmation,,1.0,codex_transportation_conservative_review_v1,2026-07-27T12:00:00-05:00,,,
trprev_r58_b9121bd81f5a4a8a,transportation_run58_conservative_adjudication_v1,1,transportation,UAL,0001193125-18-054235,d471340d10k.htm,passenger_load_factor,TransportationDiscoveryPassengerLoadFactor,0.8240000000000001,0.000001,ratio,,2017-12-31,ACCEPTED,exact_prior_accepted_disclosure_confirmation,,1.0,codex_transportation_conservative_review_v1,2026-07-27T12:00:00-05:00,,,
trprev_r58_1e58b6cdfa407208,transportation_run58_conservative_adjudication_v1,1,transportation,UAL,0001193125-18-121112,d558908d10q.htm,passenger_load_factor,TransportationDiscoveryPassengerLoadFactor,0.804,0.000001,ratio,,2018-03-31,ACCEPTED,exact_prior_accepted_disclosure_confirmation,,1.0,codex_transportation_conservative_review_v1,2026-07-27T12:00:00-05:00,,,
trprev_r58_cf99aa9b7efde3a2,transportation_run58_conservative_adjudication_v1,1,transportation,UAL,0000100517-19-000009,ual_201810k.htm,passenger_load_factor,TransportationDiscoveryPassengerLoadFactor,0.836,0.000001,ratio,,2018-12-31,ACCEPTED,exact_prior_accepted_disclosure_confirmation,,1.0,codex_transportation_conservative_review_v1,2026-07-27T12:00:00-05:00,,,
trprev_r58_1879c819e700cc5e,transportation_run58_conservative_adjudication_v1,1,transportation,UAL,0000100517-20-000010,ual201910k.htm,passenger_load_factor,TransportationDiscoveryPassengerLoadFactor,0.84,0.000001,ratio,,2019-12-31,ACCEPTED,exact_prior_accepted_disclosure_confirmation,,1.0,codex_transportation_conservative_review_v1,2026-07-27T12:00:00-05:00,,,
trprev_r58_4a8810c2e1f776ea,transportation_run58_conservative_adjudication_v1,1,transportation,ULCC,0001670076-23-000053,fron-20230331.htm,capacity_growth,TransportationDiscoveryCapacityGrowth,0.18,0.000001,ratio,,2023-03-31,ACCEPTED,exact_prior_accepted_disclosure_confirmation,,1.0,codex_transportation_conservative_review_v1,2026-07-27T12:00:00-05:00,,,
trprev_r58_6be0b6da23a572a2,transportation_run58_conservative_adjudication_v1,1,transportation,ULCC,0001670076-24-000079,fron-20240331.htm,capacity_growth,TransportationDiscoveryCapacityGrowth,0.08,0.000001,ratio,,2024-03-31,ACCEPTED,exact_prior_accepted_disclosure_confirmation,,1.0,codex_transportation_conservative_review_v1,2026-07-27T12:00:00-05:00,,,
trprev_r58_146a602dfaf6262d,transportation_run58_conservative_adjudication_v1,1,transportation,ULCC,0001670076-21-000012,fron-20210331.htm,passenger_load_factor,TransportationDiscoveryPassengerLoadFactor,0.6990000000000001,0.000001,ratio,,2021-03-31,ACCEPTED,exact_prior_accepted_disclosure_confirmation,,1.0,codex_transportation_conservative_review_v1,2026-07-27T12:00:00-05:00,,,
trprev_r58_88867e78744f73b2,transportation_run58_conservative_adjudication_v1,1,transportation,UNP,0000100885-20-000304,unp-20200930x10q.htm,operating_ratio,TransportationDiscoveryOperatingRatio,0.5870000000000001,0.000001,ratio,,2020-09-30,ACCEPTED,exact_prior_accepted_disclosure_confirmation,,1.0,codex_transportation_conservative_review_v1,2026-07-27T12:00:00-05:00,,,
trprev_r58_5a3565a00609b661,transportation_run58_conservative_adjudication_v1,1,transportation,UNP,0000100885-21-000068,unp-20201231x10k.htm,operating_ratio,TransportationDiscoveryOperatingRatio,0.599,0.000001,ratio,,2020-12-31,ACCEPTED,exact_prior_accepted_disclosure_confirmation,,1.0,codex_transportation_conservative_review_v1,2026-07-27T12:00:00-05:00,,,
trprev_r58_1d671151eaa4e0a4,transportation_run58_conservative_adjudication_v1,1,transportation,UNP,0000100885-21-000162,unp-20210331x10q.htm,operating_ratio,TransportationDiscoveryOperatingRatio,0.601,0.000001,ratio,,2021-03-31,ACCEPTED,exact_prior_accepted_disclosure_confirmation,,1.0,codex_transportation_conservative_review_v1,2026-07-27T12:00:00-05:00,,,
trprev_r58_f830607a98f16041,transportation_run58_conservative_adjudication_v1,1,transportation,UNP,0000100885-21-000250,unp-20210630x10q.htm,operating_ratio,TransportationDiscoveryOperatingRatio,0.551,0.000001,ratio,,2021-06-30,ACCEPTED,exact_prior_accepted_disclosure_confirmation,,1.0,codex_transportation_conservative_review_v1,2026-07-27T12:00:00-05:00,,,
trprev_r58_d68b94d182b0d24c,transportation_run58_conservative_adjudication_v1,1,transportation,UNP,0000100885-21-000353,unp-20210930x10q.htm,operating_ratio,TransportationDiscoveryOperatingRatio,0.563,0.000001,ratio,,2021-09-30,ACCEPTED,exact_prior_accepted_disclosure_confirmation,,1.0,codex_transportation_conservative_review_v1,2026-07-27T12:00:00-05:00,,,
trprev_r58_cbfba186b1ce2e87,transportation_run58_conservative_adjudication_v1,1,transportation,UNP,0001437749-22-002494,unp20211231_10k.htm,operating_ratio,TransportationDiscoveryOperatingRatio,0.5720000000000001,0.000001,ratio,,2021-12-31,ACCEPTED,exact_prior_accepted_disclosure_confirmation,,1.0,codex_transportation_conservative_review_v1,2026-07-27T12:00:00-05:00,,,
trprev_r58_21db376ac6c4cc25,transportation_run58_conservative_adjudication_v1,1,transportation,UNP,0001437749-22-009414,unp20220331_10q.htm,operating_ratio,TransportationDiscoveryOperatingRatio,0.594,0.000001,ratio,,2022-03-31,ACCEPTED,exact_prior_accepted_disclosure_confirmation,,1.0,codex_transportation_conservative_review_v1,2026-07-27T12:00:00-05:00,,,
trprev_r58_751c09126f7e3ed8,transportation_run58_conservative_adjudication_v1,1,transportation,UNP,0001437749-22-017515,unp20220525_10q.htm,operating_ratio,TransportationDiscoveryOperatingRatio,0.602,0.000001,ratio,,2022-06-30,ACCEPTED,exact_prior_accepted_disclosure_confirmation,,1.0,codex_transportation_conservative_review_v1,2026-07-27T12:00:00-05:00,,,
trprev_r58_83f892a478d2e830,transportation_run58_conservative_adjudication_v1,1,transportation,UNP,0001437749-22-024458,unp20220930_10q.htm,operating_ratio,TransportationDiscoveryOperatingRatio,0.599,0.000001,ratio,,2022-09-30,ACCEPTED,exact_prior_accepted_disclosure_confirmation,,1.0,codex_transportation_conservative_review_v1,2026-07-27T12:00:00-05:00,,,
trprev_r58_2ce897c7159b31e3,transportation_run58_conservative_adjudication_v1,1,transportation,UNP,0001437749-23-002959,unp20221231_10k.htm,operating_ratio,TransportationDiscoveryOperatingRatio,0.601,0.000001,ratio,,2022-12-31,ACCEPTED,exact_prior_accepted_disclosure_confirmation,,1.0,codex_transportation_conservative_review_v1,2026-07-27T12:00:00-05:00,,,
trprev_r58_e09a692eea4b1926,transportation_run58_conservative_adjudication_v1,1,transportation,UNP,0001437749-23-010730,unp20230331b_10q.htm,operating_ratio,TransportationDiscoveryOperatingRatio,0.621,0.000001,ratio,,2023-03-31,ACCEPTED,exact_prior_accepted_disclosure_confirmation,,1.0,codex_transportation_conservative_review_v1,2026-07-27T12:00:00-05:00,,,
trprev_r58_978e64ad55a652ca,transportation_run58_conservative_adjudication_v1,1,transportation,UNP,0001437749-24-003599,unp20231231_10k.htm,operating_ratio,TransportationDiscoveryOperatingRatio,0.623,0.000001,ratio,,2023-12-31,ACCEPTED,exact_prior_accepted_disclosure_confirmation,,1.0,codex_transportation_conservative_review_v1,2026-07-27T12:00:00-05:00,,,
trprev_r58_e1b402b85cd9a5bf,transportation_run58_conservative_adjudication_v1,1,transportation,UNP,0001437749-24-013206,unp20240331_10q.htm,operating_ratio,TransportationDiscoveryOperatingRatio,0.607,0.000001,ratio,,2024-03-31,ACCEPTED,exact_prior_accepted_disclosure_confirmation,,1.0,codex_transportation_conservative_review_v1,2026-07-27T12:00:00-05:00,,,
trprev_r58_03aa91889ad5c9c7,transportation_run58_conservative_adjudication_v1,1,transportation,UNP,0001437749-24-023463,unp20240630c_10q.htm,operating_ratio,TransportationDiscoveryOperatingRatio,0.6,0.000001,ratio,,2024-06-30,ACCEPTED,exact_prior_accepted_disclosure_confirmation,,1.0,codex_transportation_conservative_review_v1,2026-07-27T12:00:00-05:00,,,
trprev_r58_163a0b4f58b7a612,transportation_run58_conservative_adjudication_v1,1,transportation,UNP,0001437749-24-032008,unp20240930_10q.htm,operating_ratio,TransportationDiscoveryOperatingRatio,0.603,0.000001,ratio,,2024-09-30,ACCEPTED,exact_prior_accepted_disclosure_confirmation,,1.0,codex_transportation_conservative_review_v1,2026-07-27T12:00:00-05:00,,,
trprev_r58_2e7b39f2f9b60956,transportation_run58_conservative_adjudication_v1,1,transportation,UNP,0000100885-25-000042,unp-20241231.htm,operating_ratio,TransportationDiscoveryOperatingRatio,0.599,0.000001,ratio,,2024-12-31,ACCEPTED,exact_prior_accepted_disclosure_confirmation,,1.0,codex_transportation_conservative_review_v1,2026-07-27T12:00:00-05:00,,,
trprev_r58_179414cae3af883d,transportation_run58_conservative_adjudication_v1,1,transportation,UNP,0000100885-25-000151,unp-20250331.htm,operating_ratio,TransportationDiscoveryOperatingRatio,0.607,0.000001,ratio,,2025-03-31,ACCEPTED,exact_prior_accepted_disclosure_confirmation,,1.0,codex_transportation_conservative_review_v1,2026-07-27T12:00:00-05:00,,,
trprev_r58_19245d296b79ade4,transportation_run58_conservative_adjudication_v1,1,transportation,UNP,0000100885-25-000253,unp-20250630.htm,operating_ratio,TransportationDiscoveryOperatingRatio,0.59,0.000001,ratio,,2025-06-30,ACCEPTED,exact_prior_accepted_disclosure_confirmation,,1.0,codex_transportation_conservative_review_v1,2026-07-27T12:00:00-05:00,,,
trprev_r58_3e352998ecde4697,transportation_run58_conservative_adjudication_v1,1,transportation,UNP,0000100885-25-000321,unp-20250930.htm,operating_ratio,TransportationDiscoveryOperatingRatio,0.5920000000000001,0.000001,ratio,,2025-09-30,ACCEPTED,exact_prior_accepted_disclosure_confirmation,,1.0,codex_transportation_conservative_review_v1,2026-07-27T12:00:00-05:00,,,
trprev_r58_66ff3c4a3688f8ef,transportation_run58_conservative_adjudication_v1,1,transportation,UNP,0000100885-26-000037,unp-20251231.htm,operating_ratio,TransportationDiscoveryOperatingRatio,0.598,0.000001,ratio,,2025-12-31,ACCEPTED,exact_prior_accepted_disclosure_confirmation,,1.0,codex_transportation_conservative_review_v1,2026-07-27T12:00:00-05:00,,,
trprev_r58_7a559f842d60ea38,transportation_run58_conservative_adjudication_v1,1,transportation,UNP,0000100885-26-000155,unp-20260331.htm,operating_ratio,TransportationDiscoveryOperatingRatio,0.605,0.000001,ratio,,2026-03-31,ACCEPTED,exact_prior_accepted_disclosure_confirmation,,1.0,codex_transportation_conservative_review_v1,2026-07-27T12:00:00-05:00,,,
trprev_r58_7b3065cac14afa83,transportation_run58_conservative_adjudication_v1,1,transportation,USAK,0000883945-19-000016,usak-20181231.htm,purchased_transportation_ratio,TransportationDiscoveryPurchasedTransportationRatio,0.031,0.000001,ratio,,2018-12-31,ACCEPTED,exact_prior_accepted_disclosure_confirmation,,1.0,codex_transportation_conservative_review_v1,2026-07-27T12:00:00-05:00,,,
trprev_r58_1fac0f18bc238f2c,transportation_run58_conservative_adjudication_v1,1,transportation,USX,0001558370-22-002527,usx-20211231x10k.htm,operating_ratio,TransportationDiscoveryOperatingRatio,0.975,0.000001,ratio,,2021-12-31,ACCEPTED,exact_prior_accepted_disclosure_confirmation,,1.0,codex_transportation_conservative_review_v1,2026-07-27T12:00:00-05:00,,,
trprev_r58_08bdbb276ac1ce5f,transportation_run58_conservative_adjudication_v1,1,transportation,USX,0001558370-23-002389,usx-20221231x10k.htm,operating_ratio,TransportationDiscoveryOperatingRatio,0.991,0.000001,ratio,,2022-12-31,ACCEPTED,exact_prior_accepted_disclosure_confirmation,,1.0,codex_transportation_conservative_review_v1,2026-07-27T12:00:00-05:00,,,
trprev_r58_d47061ce7b681f0e,transportation_run58_conservative_adjudication_v1,1,transportation,VLRS,0001104659-22-050520,vlrs-20211231x20f.htm,capacity_growth,TransportationDiscoveryCapacityGrowth,0.537,0.000001,ratio,,2021-12-31,ACCEPTED,exact_prior_accepted_disclosure_confirmation,,1.0,codex_transportation_conservative_review_v1,2026-07-27T12:00:00-05:00,,,
trprev_r58_b5d07c118907569a,transportation_run58_conservative_adjudication_v1,1,transportation,WERN,0000793074-18-000012,wern-20171231x10k.htm,operating_ratio,TransportationDiscoveryOperatingRatio,0.937,0.000001,ratio,,2017-12-31,ACCEPTED,exact_prior_accepted_disclosure_confirmation,,1.0,codex_transportation_conservative_review_v1,2026-07-27T12:00:00-05:00,,,
trprev_r58_5f02268b64acc4ca,transportation_run58_conservative_adjudication_v1,1,transportation,WERN,0000793074-19-000014,wern-20181231x10k.htm,operating_ratio,TransportationDiscoveryOperatingRatio,0.932,0.000001,ratio,,2018-12-31,ACCEPTED,exact_prior_accepted_disclosure_confirmation,,1.0,codex_transportation_conservative_review_v1,2026-07-27T12:00:00-05:00,,,
trprev_r58_ab0624c29e3c227b,transportation_run58_conservative_adjudication_v1,1,transportation,AAL,0000006201-18-000009,a10k123117.htm,aircraft_orderbook_commitments,TransportationDiscoveryAircraftOrderbookCommitments,2018.0,0.000001,USD_count_and_currency,,2017-12-31,REJECTED_POLICY,confirmed_frozen_contract_rejection:nonissuer_or_proforma_scope,,,codex_transportation_conservative_review_v1,2026-07-27T12:00:00-05:00,,,
trprev_r58_08f99860180b4484,transportation_run58_conservative_adjudication_v1,1,transportation,AAL,0000006201-18-000016,aalq110-q033118.htm,airline_capacity_units,TransportationDiscoveryAirlineCapacityUnits,22.2,0.000001,capacity_units,,2018-03-31,REJECTED_POLICY,confirmed_frozen_contract_rejection:nonissuer_or_proforma_scope,,,codex_transportation_conservative_review_v1,2026-07-27T12:00:00-05:00,,,
trprev_r58_83c0d708133a3393,transportation_run58_conservative_adjudication_v1,1,transportation,AAL,0000006201-19-000009,a10k123118.htm,airline_capacity_units,TransportationDiscoveryAirlineCapacityUnits,-1.0,0.000001,capacity_units,,2018-12-31,REJECTED_POLICY,confirmed_frozen_contract_rejection:negative_value_prohibited,,,codex_transportation_conservative_review_v1,2026-07-27T12:00:00-05:00,,,
trprev_r58_e497373469ed588e,transportation_run58_conservative_adjudication_v1,1,transportation,AAL,0000006201-18-000009,a10k123117.htm,airline_fuel_consumed,TransportationDiscoveryAirlineFuelConsumed,2018.0,0.000001,fuel_volume,,2017-12-31,REJECTED_POLICY,confirmed_frozen_contract_rejection:nonissuer_or_proforma_scope,,,codex_transportation_conservative_review_v1,2026-07-27T12:00:00-05:00,,,
trprev_r58_ff2a1799e6daee36,transportation_run58_conservative_adjudication_v1,1,transportation,AAL,0000006201-18-000009,a10k123117.htm,airline_fuel_expense,TransportationDiscoveryAirlineFuelExpense,2017.0,0.000001,USD,,2017-12-31,REJECTED_POLICY,confirmed_frozen_contract_rejection:nonissuer_or_proforma_scope,,,codex_transportation_conservative_review_v1,2026-07-27T12:00:00-05:00,,,
trprev_r58_7a5b89bb2341286a,transportation_run58_conservative_adjudication_v1,1,transportation,AAL,0000006201-18-000009,a10k123117.htm,capacity_growth,TransportationDiscoveryCapacityGrowth,243806.0,0.000001,ratio,,2017-12-31,REJECTED_POLICY,confirmed_frozen_contract_rejection:growth_ratio_out_of_bounds,,,codex_transportation_conservative_review_v1,2026-07-27T12:00:00-05:00,,,
trprev_r58_a720c738ee218c86,transportation_run58_conservative_adjudication_v1,1,transportation,AAL,0000006201-18-000016,aalq110-q033118.htm,capacity_growth,TransportationDiscoveryCapacityGrowth,0.222,0.000001,ratio,,2018-03-31,REJECTED_POLICY,confirmed_frozen_contract_rejection:nonissuer_or_proforma_scope,,,codex_transportation_conservative_review_v1,2026-07-27T12:00:00-05:00,,,
trprev_r58_8ee736b5be8239c3,transportation_run58_conservative_adjudication_v1,1,transportation,AAL,0000006201-18-000009,a10k123117.htm,passenger_load_factor,TransportationDiscoveryPassengerLoadFactor,31.0,0.000001,ratio,,2017-12-31,REJECTED_POLICY,confirmed_frozen_contract_rejection:nonissuer_or_proforma_scope,,,codex_transportation_conservative_review_v1,2026-07-27T12:00:00-05:00,,,
trprev_r58_e31c292f6e895760,transportation_run58_conservative_adjudication_v1,1,transportation,AAL,0000006201-18-000009,a10k123117.htm,passenger_load_factor,TransportationDiscoveryPassengerLoadFactor,2017.0,0.000001,ratio,,2017-12-31,REJECTED_POLICY,confirmed_frozen_contract_rejection:ratio_value_out_of_bounds,,,codex_transportation_conservative_review_v1,2026-07-27T12:00:00-05:00,,,
trprev_r58_3f3e2ebebbd5311b,transportation_run58_conservative_adjudication_v1,1,transportation,AAL,0000006201-18-000009,a10k123117.htm,passenger_revenue_per_capacity_unit,TransportationDiscoveryPassengerRevenuePerCapacityUnit,6670.0,0.000001,USD_per_capacity_unit,,2017-12-31,REJECTED_POLICY,confirmed_frozen_contract_rejection:nonissuer_or_proforma_scope,,,codex_transportation_conservative_review_v1,2026-07-27T12:00:00-05:00,,,
trprev_r58_c1e7d710390c9ae2,transportation_run58_conservative_adjudication_v1,1,transportation,AAL,0000006201-18-000009,a10k123117.htm,passenger_yield,TransportationDiscoveryPassengerYield,31.0,0.000001,USD_per_passenger_distance,,2017-12-31,REJECTED_POLICY,confirmed_frozen_contract_rejection:nonissuer_or_proforma_scope,,,codex_transportation_conservative_review_v1,2026-07-27T12:00:00-05:00,,,
trprev_r58_dd338d402ed70f47,transportation_run58_conservative_adjudication_v1,1,transportation,AAL,0000006201-21-000080,aal-20210630.htm,passenger_yield,TransportationDiscoveryPassengerYield,-19.0,0.000001,USD_per_passenger_distance,,2021-06-30,REJECTED_POLICY,confirmed_frozen_contract_rejection:negative_value_prohibited,,,codex_transportation_conservative_review_v1,2026-07-27T12:00:00-05:00,,,
trprev_r58_dfe65f9357206131,transportation_run58_conservative_adjudication_v1,1,transportation,AAL,0000006201-18-000009,a10k123117.htm,total_revenue_per_capacity_unit,TransportationDiscoveryTotalRevenuePerCapacityUnit,15.27,0.000001,USD_per_capacity_unit,,2017-12-31,REJECTED_POLICY,confirmed_frozen_contract_rejection:nonissuer_or_proforma_scope,,,codex_transportation_conservative_review_v1,2026-07-27T12:00:00-05:00,,,
trprev_r58_9592b0783a1c19ec,transportation_run58_conservative_adjudication_v1,1,transportation,AAL,0000006201-18-000009,a10k123117.htm,traffic_growth,TransportationDiscoveryTrafficGrowth,201351.0,0.000001,ratio,,2017-12-31,REJECTED_POLICY,confirmed_frozen_contract_rejection:growth_ratio_out_of_bounds,,,codex_transportation_conservative_review_v1,2026-07-27T12:00:00-05:00,,,
trprev_r58_af5dce986d552094,transportation_run58_conservative_adjudication_v1,1,transportation,AAL,0000006201-18-000027,aalq210-q063018.htm,traffic_growth,TransportationDiscoveryTrafficGrowth,0.01,0.000001,ratio,,2018-06-30,REJECTED_POLICY,confirmed_frozen_contract_rejection:nonissuer_or_proforma_scope,,,codex_transportation_conservative_review_v1,2026-07-27T12:00:00-05:00,,,
trprev_r58_e676c0ee7c16eecc,transportation_run58_conservative_adjudication_v1,1,transportation,AAL,0000006201-20-000023,a10k123119.htm,unit_cost,TransportationDiscoveryUnitCost,11.46,0.000001,USD_per_capacity_unit,,2019-12-31,REJECTED_POLICY,confirmed_frozen_contract_rejection:nonissuer_or_proforma_scope,,,codex_transportation_conservative_review_v1,2026-07-27T12:00:00-05:00,,,
trprev_r58_4c9451282ab54f4a,transportation_run58_conservative_adjudication_v1,1,transportation,AER,0001047469-18-001434,a2234723z20-f.htm,aircraft_utilization_hours,TransportationDiscoveryAircraftUtilizationHours,99.1,0.000001,hours_per_aircraft_day,,2017-12-31,REJECTED_POLICY,confirmed_frozen_contract_rejection:nonissuer_or_proforma_scope,,,codex_transportation_conservative_review_v1,2026-07-27T12:00:00-05:00,,,
trprev_r58_ac8061c7261d28ae,transportation_run58_conservative_adjudication_v1,1,transportation,ALGT,0001362468-18-000008,algt201710kdoc.htm,airline_fuel_consumed,TransportationDiscoveryAirlineFuelConsumed,-80.0,0.000001,fuel_volume,,2017-12-31,REJECTED_POLICY,confirmed_frozen_contract_rejection:negative_value_prohibited,,,codex_transportation_conservative_review_v1,2026-07-27T12:00:00-05:00,,,
trprev_r58_5bd16822578546cd,transportation_run58_conservative_adjudication_v1,1,transportation,ALGT,0001362468-18-000008,algt201710kdoc.htm,airline_fuel_expense,TransportationDiscoveryAirlineFuelExpense,-80.0,0.000001,USD,,2017-12-31,REJECTED_POLICY,confirmed_frozen_contract_rejection:negative_value_prohibited,,,codex_transportation_conservative_review_v1,2026-07-27T12:00:00-05:00,,,
trprev_r58_c7c225b3305f0610,transportation_run58_conservative_adjudication_v1,1,transportation,ALGT,0001362468-19-000036,algt2019q2doc.htm,completion_factor,TransportationDiscoveryCompletionFactor,16.0,0.000001,ratio,,2019-06-30,REJECTED_POLICY,confirmed_frozen_contract_rejection:nonissuer_or_proforma_scope,,,codex_transportation_conservative_review_v1,2026-07-27T12:00:00-05:00,,,
trprev_r58_72044fcf391b5e12,transportation_run58_conservative_adjudication_v1,1,transportation,ALGT,0001362468-18-000016,algt2018q1doc.htm,total_revenue_per_capacity_unit,TransportationDiscoveryTotalRevenuePerCapacityUnit,-2.0,0.000001,USD_per_capacity_unit,,2018-03-31,REJECTED_POLICY,confirmed_frozen_contract_rejection:negative_value_prohibited,,,codex_transportation_conservative_review_v1,2026-07-27T12:00:00-05:00,,,
trprev_r58_dc76f7322530c1c1,transportation_run58_conservative_adjudication_v1,1,transportation,ALGT,0001362468-19-000010,algt201810kdoc.htm,unit_cost,TransportationDiscoveryUnitCost,-1.0,0.000001,USD_per_capacity_unit,,2018-12-31,REJECTED_POLICY,confirmed_frozen_contract_rejection:negative_value_prohibited,,,codex_transportation_conservative_review_v1,2026-07-27T12:00:00-05:00,,,
trprev_r58_48a1957386d91235,transportation_run58_conservative_adjudication_v1,1,transportation,ALGT,0001362468-20-000034,algt2020q2doc.htm,unit_cost_ex_fuel,TransportationDiscoveryUnitCostExFuel,-19.0,0.000001,USD_per_capacity_unit,,2020-06-30,REJECTED_POLICY,confirmed_frozen_contract_rejection:negative_value_prohibited,,,codex_transportation_conservative_review_v1,2026-07-27T12:00:00-05:00,,,
trprev_r58_596e50ab26918c20,transportation_run58_conservative_adjudication_v1,1,transportation,ARCB,0001558370-19-001332,arcb-20181231x10k.htm,average_length_of_haul,TransportationDiscoveryAverageLengthOfHaul,2018.0,0.000001,distance,,2018-12-31,REJECTED_POLICY,confirmed_frozen_contract_rejection:nonissuer_or_proforma_scope,,,codex_transportation_conservative_review_v1,2026-07-27T12:00:00-05:00,,,
trprev_r58_e86eab4611c8b98a,transportation_run58_conservative_adjudication_v1,1,transportation,ARCB,0001558370-18-001312,arcb-20171231x10k.htm,freight_weight_per_shipment,TransportationDiscoveryFreightWeightPerShipment,4.0,0.000001,weight_per_shipment,,2017-12-31,REJECTED_POLICY,confirmed_frozen_contract_rejection:nonissuer_or_proforma_scope,,,codex_transportation_conservative_review_v1,2026-07-27T12:00:00-05:00,,,
trprev_r58_3c5d2e07d72efe77,transportation_run58_conservative_adjudication_v1,1,transportation,ARCB,0001558370-18-001312,arcb-20171231x10k.htm,operating_ratio,TransportationDiscoveryOperatingRatio,31.0,0.000001,ratio,,2017-12-31,REJECTED_POLICY,confirmed_frozen_contract_rejection:ratio_value_out_of_bounds,,,codex_transportation_conservative_review_v1,2026-07-27T12:00:00-05:00,,,
trprev_r58_3c37b9414512824d,transportation_run58_conservative_adjudication_v1,1,transportation,ARCB,0001558370-23-008313,arcb-20230331x10q.htm,operating_ratio,CashProvidedByUsedInOperatingActivitiesDiscontinuedOperations,-749000.0,0.000001,USD,2022-01-01,2022-03-31,REJECTED_POLICY,confirmed_frozen_contract_rejection:unit_contract_mismatch,,,codex_transportation_conservative_review_v1,2026-07-27T12:00:00-05:00,,,
trprev_r58_964faf5e73697b04,transportation_run58_conservative_adjudication_v1,1,transportation,ARCB,0001558370-20-001796,arcb-20191231x10kb051b4.htm,purchased_transportation_ratio,RentsPurchasedTransportationOtherCostsOfServices,869584000.0,0.000001,USD,2017-01-01,2017-12-31,REJECTED_POLICY,confirmed_frozen_contract_rejection:unit_contract_mismatch,,,codex_transportation_conservative_review_v1,2026-07-27T12:00:00-05:00,,,
trprev_r58_987249ed1e5817d9,transportation_run58_conservative_adjudication_v1,1,transportation,ARCB,0001558370-18-004653,arcb-20180331x10q.htm,purchased_transportation_ratio,TransportationDiscoveryPurchasedTransportationRatio,31.0,0.000001,ratio,,2018-03-31,REJECTED_POLICY,confirmed_frozen_contract_rejection:ratio_value_out_of_bounds,,,codex_transportation_conservative_review_v1,2026-07-27T12:00:00-05:00,,,
trprev_r58_c4b598e1ac6c81c7,transportation_run58_conservative_adjudication_v1,1,transportation,ARCB,0001558370-18-004653,arcb-20180331x10q.htm,purchased_transportation_ratio,TransportationDiscoveryPurchasedTransportationRatio,0.018000000000000002,0.000001,ratio,,2018-03-31,REJECTED_POLICY,confirmed_frozen_contract_rejection:nonissuer_or_proforma_scope,,,codex_transportation_conservative_review_v1,2026-07-27T12:00:00-05:00,,,
trprev_r58_e6d90d8504229081,transportation_run58_conservative_adjudication_v1,1,transportation,ARCB,0001558370-21-006513,arcb-20210331x10q.htm,shipment_or_load_growth,TransportationDiscoveryShipmentOrLoadGrowth,2021.0,0.000001,ratio,,2021-03-31,REJECTED_POLICY,confirmed_frozen_contract_rejection:growth_ratio_out_of_bounds,,,codex_transportation_conservative_review_v1,2026-07-27T12:00:00-05:00,,,
trprev_r58_34a8a22c02427716,transportation_run58_conservative_adjudication_v1,1,transportation,ARCB,0001558370-23-002053,arcb-20221231x10k.htm,shipment_or_load_growth,TransportationDiscoveryShipmentOrLoadGrowth,2022.0,0.000001,ratio,,2022-12-31,REJECTED_POLICY,confirmed_frozen_contract_rejection:nonissuer_or_proforma_scope,,,codex_transportation_conservative_review_v1,2026-07-27T12:00:00-05:00,,,
trprev_r58_d303866e2a8c9f37,transportation_run58_conservative_adjudication_v1,1,transportation,ASC,0001144204-18-017953,tv488544_20f.htm,revenue_days,TransportationDiscoveryRevenueDays,-8.0,0.000001,days,,2017-12-31,REJECTED_POLICY,confirmed_frozen_contract_rejection:negative_value_prohibited,,,codex_transportation_conservative_review_v1,2026-07-27T12:00:00-05:00,,,
trprev_r58_fea5b6e92ef55653,transportation_run58_conservative_adjudication_v1,1,transportation,ASC,0001144204-18-017953,tv488544_20f.htm,revenue_days,TransportationDiscoveryRevenueDays,9741.0,0.000001,days,,2017-12-31,REJECTED_POLICY,confirmed_frozen_contract_rejection:nonissuer_or_proforma_scope,,,codex_transportation_conservative_review_v1,2026-07-27T12:00:00-05:00,,,
trprev_r58_2e8406a777d3a455,transportation_run58_conservative_adjudication_v1,1,transportation,ASC,0001104659-20-043130,tm206807-1_20f.htm,tce_day_rate,TransportationDiscoveryTceDayRate,14592.0,0.000001,USD_per_day,,2019-12-31,REJECTED_POLICY,confirmed_frozen_contract_rejection:nonissuer_or_proforma_scope,,,codex_transportation_conservative_review_v1,2026-07-27T12:00:00-05:00,,,
trprev_r58_e2b6851553d31645,transportation_run58_conservative_adjudication_v1,1,transportation,ASC,0001144204-18-017953,tv488544_20f.htm,vessel_count,TransportationDiscoveryVesselCount,3791.0,0.000001,count,,2017-12-31,REJECTED_POLICY,confirmed_frozen_contract_rejection:nonissuer_or_proforma_scope,,,codex_transportation_conservative_review_v1,2026-07-27T12:00:00-05:00,,,
trprev_r58_1cdf84d27c68b5c5,transportation_run58_conservative_adjudication_v1,1,transportation,ASLE,0001104659-21-037098,tm211117d1_10k.htm,aviation_maintenance_intensity,TransportationDiscoveryAviationMaintenanceIntensity,2020.0,0.000001,ratio,,2020-12-31,REJECTED_POLICY,confirmed_frozen_contract_rejection:ratio_value_out_of_bounds,,,codex_transportation_conservative_review_v1,2026-07-27T12:00:00-05:00,,,
trprev_r58_ccf7383591caedff,transportation_run58_conservative_adjudication_v1,1,transportation,ASLE,0001558370-24-014953,asle-20240930x10q.htm,aviation_maintenance_intensity,MaintenanceRepairOverhaulAndEngineeredSolutionsNetOfReservesCurrentAndNonCurrent,61196000.0,0.000001,USD,,2023-12-31,REJECTED_POLICY,confirmed_frozen_contract_rejection:unit_contract_mismatch,,,codex_transportation_conservative_review_v1,2026-07-27T12:00:00-05:00,,,
trprev_r58_953e50e1db4b39fc,transportation_run58_conservative_adjudication_v1,1,transportation,ASR,0001104659-22-044335,asurb-20211231x20f.htm,airport_aeronautical_revenue,TransportationDiscoveryAirportAeronauticalRevenue,-3.0,0.000001,MXN,,2021-12-31,REJECTED_POLICY,confirmed_frozen_contract_rejection:negative_value_prohibited,,,codex_transportation_conservative_review_v1,2026-07-27T12:00:00-05:00,,,
trprev_r58_0a1f2a75758f24df,transportation_run58_conservative_adjudication_v1,1,transportation,ASR,0001104659-18-026696,a18-9707_120f.htm,airport_non_aeronautical_revenue,TransportationDiscoveryAirportNonAeronauticalRevenue,-4.0,0.000001,MXN,,2017-12-31,REJECTED_POLICY,confirmed_frozen_contract_rejection:negative_value_prohibited,,,codex_transportation_conservative_review_v1,2026-07-27T12:00:00-05:00,,,
trprev_r58_cb1b0258ba3b1677,transportation_run58_conservative_adjudication_v1,1,transportation,AZUL,0001628280-24-023656,azul-20231231.htm,aircraft_fleet_age,TransportationDiscoveryAircraftFleetAge,7.4,0.000001,years,,2023-12-31,REJECTED_POLICY,confirmed_frozen_contract_rejection:nonissuer_or_proforma_scope,,,codex_transportation_conservative_review_v1,2026-07-27T12:00:00-05:00,,,
trprev_r58_7d5867ef33316451,transportation_run58_conservative_adjudication_v1,1,transportation,AZUL,0001628280-21-008429,azul-20201231.htm,airline_capacity_units,PercentageOfAvailableSeatKilometersAsComparedToPriorYear,0.13,0.000001,pure,2020-04-30,2020-04-30,REJECTED_POLICY,confirmed_frozen_contract_rejection:unit_contract_mismatch,,,codex_transportation_conservative_review_v1,2026-07-27T12:00:00-05:00,,,
trprev_r58_1df4cecc507ebcc0,transportation_run58_conservative_adjudication_v1,1,transportation,AZUL,0001193125-18-137918,d567425d20f.htm,on_time_performance,TransportationDiscoveryOnTimePerformance,2017.0,0.000001,ratio,,2017-12-31,REJECTED_POLICY,confirmed_frozen_contract_rejection:nonissuer_or_proforma_scope,,,codex_transportation_conservative_review_v1,2026-07-27T12:00:00-05:00,,,
trprev_r58_d363bcce10b64005,transportation_run58_conservative_adjudication_v1,1,transportation,AZUL,0001193125-18-137918,d567425d20f.htm,on_time_performance,TransportationDiscoveryOnTimePerformance,-1.0,0.000001,ratio,,2017-12-31,REJECTED_POLICY,confirmed_frozen_contract_rejection:ratio_value_out_of_bounds,,,codex_transportation_conservative_review_v1,2026-07-27T12:00:00-05:00,,,
trprev_r58_d38714df7919af31,transportation_run58_conservative_adjudication_v1,1,transportation,BNI,0001193125-05-087583,d10q.htm,revenue_ton_miles_growth,TransportationDiscoveryRevenueTonMilesGrowth,0.09,0.000001,ratio,,2005-03-31,REJECTED_POLICY,confirmed_frozen_contract_rejection:nonissuer_or_proforma_scope,,,codex_transportation_conservative_review_v1,2026-07-27T12:00:00-05:00,,,
trprev_r58_99c2b2017dfc614f,transportation_run58_conservative_adjudication_v1,1,transportation,CCEC,0001193125-23-118113,d474127d20f.htm,fleet_capacity,TransportationDiscoveryFleetCapacity,29.1,0.000001,segment_native_capacity,,2022-12-31,REJECTED_POLICY,confirmed_frozen_contract_rejection:nonissuer_or_proforma_scope,,,codex_transportation_conservative_review_v1,2026-07-27T12:00:00-05:00,,,
trprev_r58_9b7f9c163b1c53fe,transportation_run58_conservative_adjudication_v1,1,transportation,CCEC,0001193125-18-070556,d537681d20f.htm,offhire_or_drydock_ratio,TransportationDiscoveryOffhireOrDrydockRatio,2017.0,0.000001,ratio,,2017-12-31,REJECTED_POLICY,confirmed_frozen_contract_rejection:nonissuer_or_proforma_scope,,,codex_transportation_conservative_review_v1,2026-07-27T12:00:00-05:00,,,
trprev_r58_6849538bb9a6b95e,transportation_run58_conservative_adjudication_v1,1,transportation,CCEC,0001193125-19-122567,d736127d20f.htm,offhire_or_drydock_ratio,TransportationDiscoveryOffhireOrDrydockRatio,30.0,0.000001,ratio,,2018-12-31,REJECTED_POLICY,confirmed_frozen_contract_rejection:ratio_value_out_of_bounds,,,codex_transportation_conservative_review_v1,2026-07-27T12:00:00-05:00,,,
trprev_r58_1b70eff9b0d137ba,transportation_run58_conservative_adjudication_v1,1,transportation,CHRW,0001043277-18-000007,chrw-10k2017.htm,logistics_net_revenue_margin,TransportationDiscoveryLogisticsNetRevenueMargin,2016.0,0.000001,ratio,,2017-12-31,REJECTED_POLICY,confirmed_frozen_contract_rejection:nonissuer_or_proforma_scope,,,codex_transportation_conservative_review_v1,2026-07-27T12:00:00-05:00,,,
trprev_r58_f0e6a777aeffc3eb,transportation_run58_conservative_adjudication_v1,1,transportation,CHRW,0001043277-18-000007,chrw-10k2017.htm,logistics_net_revenue_margin,TransportationDiscoveryLogisticsNetRevenueMargin,2017.0,0.000001,ratio,,2017-12-31,REJECTED_POLICY,confirmed_frozen_contract_rejection:ratio_value_out_of_bounds,,,codex_transportation_conservative_review_v1,2026-07-27T12:00:00-05:00,,,
trprev_r58_dced79c7060f2519,transportation_run58_conservative_adjudication_v1,1,transportation,CISS,0001193125-24-123906,d791411d20f.htm,fleet_capacity,DeadWeightTonnage,32000.0,0.000001,t,2023-01-01,2023-12-31,REJECTED_POLICY,confirmed_frozen_contract_rejection:unit_contract_mismatch,,,codex_transportation_conservative_review_v1,2026-07-27T12:00:00-05:00,,,
trprev_r58_a16f013d10ff4846,transportation_run58_conservative_adjudication_v1,1,transportation,CMRE,0000930413-19-000881,c92732_20f.htm,fleet_capacity,TransportationDiscoveryFleetCapacity,-3.0,0.000001,segment_native_capacity,,2018-12-31,REJECTED_POLICY,confirmed_frozen_contract_rejection:negative_value_prohibited,,,codex_transportation_conservative_review_v1,2026-07-27T12:00:00-05:00,,,
trprev_r58_db39be4cb31dc31d,transportation_run58_conservative_adjudication_v1,1,transportation,CMRE,0000930413-18-000609,c90547_20f.htm,fleet_utilization,TransportationDiscoveryFleetUtilization,0.997,0.000001,ratio,,2017-12-31,REJECTED_POLICY,confirmed_frozen_contract_rejection:nonissuer_or_proforma_scope,,,codex_transportation_conservative_review_v1,2026-07-27T12:00:00-05:00,,,
trprev_r58_d5e9497963660b76,transportation_run58_conservative_adjudication_v1,1,transportation,CMRE,0001140361-22-011397,brhc10035517_20f.htm,fleet_utilization,TransportationDiscoveryFleetUtilization,2019.0,0.000001,ratio,,2021-12-31,REJECTED_POLICY,confirmed_frozen_contract_rejection:ratio_value_out_of_bounds,,,codex_transportation_conservative_review_v1,2026-07-27T12:00:00-05:00,,,
trprev_r58_7fed712cdd653bc7,transportation_run58_conservative_adjudication_v1,1,transportation,CNI,0001104659-19-005119,a19-3230_140f.htm,revenue_ton_miles_growth,TransportationDiscoveryRevenueTonMilesGrowth,13.0,0.000001,ratio,,2018-12-31,REJECTED_POLICY,confirmed_frozen_contract_rejection:growth_ratio_out_of_bounds,,,codex_transportation_conservative_review_v1,2026-07-27T12:00:00-05:00,,,
trprev_r58_0212938859e16ead,transportation_run58_conservative_adjudication_v1,1,transportation,CP,0000016875-18-000029,cpr2017-annualreportx1.htm,fuel_surcharge_revenue_ratio,TransportationDiscoveryFuelSurchargeRevenueRatio,242000000.0,0.000001,ratio,,2017-12-31,REJECTED_POLICY,confirmed_frozen_contract_rejection:ratio_value_out_of_bounds,,,codex_transportation_conservative_review_v1,2026-07-27T12:00:00-05:00,,,
trprev_r58_96200a4566d0ad79,transportation_run58_conservative_adjudication_v1,1,transportation,CP,0001193125-18-108782,d553694d10ka.htm,operating_ratio,TransportationDiscoveryOperatingRatio,0.574,0.000001,ratio,,2017-12-31,REJECTED_POLICY,confirmed_frozen_contract_rejection:nonissuer_or_proforma_scope,,,codex_transportation_conservative_review_v1,2026-07-27T12:00:00-05:00,,,
trprev_r58_9fae019473b5646c,transportation_run58_conservative_adjudication_v1,1,transportation,CP,0000016875-18-000029,cpr2017-annualreportx1.htm,rail_carload_growth,TransportationDiscoveryRailCarloadGrowth,306.0,0.000001,ratio,,2017-12-31,REJECTED_POLICY,confirmed_frozen_contract_rejection:growth_ratio_out_of_bounds,,,codex_transportation_conservative_review_v1,2026-07-27T12:00:00-05:00,,,
trprev_r58_93745688cbae3f23,transportation_run58_conservative_adjudication_v1,1,transportation,CP,0001193125-19-115178,d929494d10ka.htm,rail_fuel_efficiency,TransportationDiscoveryRailFuelEfficiency,3.0,0.000001,fuel_per_gross_ton_mile,,2018-12-31,REJECTED_POLICY,confirmed_frozen_contract_rejection:nonissuer_or_proforma_scope,,,codex_transportation_conservative_review_v1,2026-07-27T12:00:00-05:00,,,
trprev_r58_0034ddaac064d14a,transportation_run58_conservative_adjudication_v1,1,transportation,CP,0001193125-23-078048,d390126d10ka.htm,rail_intermodal_volume_growth,TransportationDiscoveryRailIntermodalVolumeGrowth,2022.0,0.000001,ratio,,2022-12-31,REJECTED_POLICY,confirmed_frozen_contract_rejection:nonissuer_or_proforma_scope,,,codex_transportation_conservative_review_v1,2026-07-27T12:00:00-05:00,,,
trprev_r58_3996180b487f4ef3,transportation_run58_conservative_adjudication_v1,1,transportation,CP,0001193125-26-173665,d172022d10ka.htm,service_reliability_rate,TransportationDiscoveryServiceReliabilityRate,2025.0,0.000001,ratio,,2025-12-31,REJECTED_POLICY,confirmed_frozen_contract_rejection:ratio_value_out_of_bounds,,,codex_transportation_conservative_review_v1,2026-07-27T12:00:00-05:00,,,
trprev_r58_ef536634c7ad1ca8,transportation_run58_conservative_adjudication_v1,1,transportation,CP,0001193125-25-100554,d943188d10ka.htm,terminal_dwell_time,TransportationDiscoveryTerminalDwellTime,-1.0,0.000001,hours,,2024-12-31,REJECTED_POLICY,confirmed_frozen_contract_rejection:negative_value_prohibited,,,codex_transportation_conservative_review_v1,2026-07-27T12:00:00-05:00,,,
trprev_r58_e6d0a0356c5cf0da,transportation_run58_conservative_adjudication_v1,1,transportation,CP,0001193125-26-173665,d172022d10ka.htm,terminal_dwell_time,TransportationDiscoveryTerminalDwellTime,16.0,0.000001,hours,,2025-12-31,REJECTED_POLICY,confirmed_frozen_contract_rejection:nonissuer_or_proforma_scope,,,codex_transportation_conservative_review_v1,2026-07-27T12:00:00-05:00,,,
trprev_r58_ef090e82c49a0253,transportation_run58_conservative_adjudication_v1,1,transportation,CPA,0001193125-18-121137,d522035d20f.htm,aircraft_utilization_hours,TransportationDiscoveryAircraftUtilizationHours,-9.0,0.000001,hours_per_aircraft_day,,2017-12-31,REJECTED_POLICY,confirmed_frozen_contract_rejection:negative_value_prohibited,,,codex_transportation_conservative_review_v1,2026-07-27T12:00:00-05:00,,,
trprev_r58_9b06838420279b1b,transportation_run58_conservative_adjudication_v1,1,transportation,CPA,0001193125-22-094968,d176309d20f.htm,capacity_growth,WeightedAverageFairValueAtMeasurementDateOtherEquityInstrumentsGranted,2400000.0,0.000001,USD,,2022-03-31,REJECTED_POLICY,confirmed_frozen_contract_rejection:unit_contract_mismatch,,,codex_transportation_conservative_review_v1,2026-07-27T12:00:00-05:00,,,
trprev_r58_b6679a479e2f73fc,transportation_run58_conservative_adjudication_v1,1,transportation,CPA,0001193125-19-004748,d638660d20fa.htm,completion_factor,TransportationDiscoveryCompletionFactor,2025.0,0.000001,ratio,,2017-12-31,REJECTED_POLICY,confirmed_frozen_contract_rejection:ratio_value_out_of_bounds,,,codex_transportation_conservative_review_v1,2026-07-27T12:00:00-05:00,,,
trprev_r58_143c6e61100f9fac,transportation_run58_conservative_adjudication_v1,1,transportation,CSX,0000277948-20-000008,csx-12312019x10k.htm,rail_carload_growth,NumberOfCarloads,2700000.0,0.000001,carload,2019-01-01,2019-12-31,REJECTED_POLICY,confirmed_frozen_contract_rejection:unit_contract_mismatch,,,codex_transportation_conservative_review_v1,2026-07-27T12:00:00-05:00,,,
trprev_r58_14bfbdb58cbf3c17,transportation_run58_conservative_adjudication_v1,1,transportation,CSX,0000277948-22-000009,csx-20211231.htm,rail_network_velocity,TransportationDiscoveryRailNetworkVelocity,11.0,0.000001,distance_per_time,,2021-12-31,REJECTED_POLICY,confirmed_frozen_contract_rejection:nonissuer_or_proforma_scope,,,codex_transportation_conservative_review_v1,2026-07-27T12:00:00-05:00,,,
trprev_r58_cb1caba456246224,transportation_run58_conservative_adjudication_v1,1,transportation,CVLG,0001437749-25-015059,cvti20250331_10q.htm,equipment_utilization,TransportationDiscoveryEquipmentUtilization,2024.0,0.000001,ratio,,2025-03-31,REJECTED_POLICY,confirmed_frozen_contract_rejection:nonissuer_or_proforma_scope,,,codex_transportation_conservative_review_v1,2026-07-27T12:00:00-05:00,,,
trprev_r58_c646df611b70d34b,transportation_run58_conservative_adjudication_v1,1,transportation,CVLG,0001008886-20-000028,form10k.htm,fleet_or_equipment_count,TransportationDiscoveryFleetOrEquipmentCount,2020.0,0.000001,count,,2019-12-31,REJECTED_POLICY,confirmed_frozen_contract_rejection:nonissuer_or_proforma_scope,,,codex_transportation_conservative_review_v1,2026-07-27T12:00:00-05:00,,,
trprev_r58_95a3ba7c80724bc1,transportation_run58_conservative_adjudication_v1,1,transportation,CVLG,0001008886-18-000007,form10k.htm,insurance_claims_cost_ratio,TransportationDiscoveryInsuranceClaimsCostRatio,2015.0,0.000001,ratio,,2017-12-31,REJECTED_POLICY,confirmed_frozen_contract_rejection:ratio_value_out_of_bounds,,,codex_transportation_conservative_review_v1,2026-07-27T12:00:00-05:00,,,
trprev_r58_5fc1733edadccc94,transportation_run58_conservative_adjudication_v1,1,transportation,CVLG,0001437749-20-022403,cvti20200930_10q.htm,insurance_claims_cost_ratio,TransportationDiscoveryInsuranceClaimsCostRatio,31.0,0.000001,ratio,,2020-09-30,REJECTED_POLICY,confirmed_frozen_contract_rejection:nonissuer_or_proforma_scope,,,codex_transportation_conservative_review_v1,2026-07-27T12:00:00-05:00,,,
trprev_r58_394dda9c88842072,transportation_run58_conservative_adjudication_v1,1,transportation,DAL,0000027904-23-000003,dal-20221231.htm,aircraft_orderbook_commitments,TransportationDiscoveryAircraftOrderbookCommitments,-1.0,0.000001,USD_count_and_currency,,2022-12-31,REJECTED_POLICY,confirmed_frozen_contract_rejection:negative_value_prohibited,,,codex_transportation_conservative_review_v1,2026-07-27T12:00:00-05:00,,,
trprev_r58_ff978cdafc952aad,transportation_run58_conservative_adjudication_v1,1,transportation,DAL,0000027904-21-000006,dal-20210331.htm,fuel_price_per_gallon,TransportationDiscoveryFuelPricePerGallon,-2.0,0.000001,USD_per_gallon,,2021-03-31,REJECTED_POLICY,confirmed_frozen_contract_rejection:negative_value_prohibited,,,codex_transportation_conservative_review_v1,2026-07-27T12:00:00-05:00,,,
trprev_r58_5d7fbe1c8ac20a05,transportation_run58_conservative_adjudication_v1,1,transportation,DAL,0000027904-21-000012,dal-20210930.htm,fuel_price_per_gallon,TransportationDiscoveryFuelPricePerGallon,2019000000000.0,0.000001,USD_per_gallon,,2021-09-30,REJECTED_POLICY,confirmed_frozen_contract_rejection:nonissuer_or_proforma_scope,,,codex_transportation_conservative_review_v1,2026-07-27T12:00:00-05:00,,,
trprev_r58_797697c483505d8f,transportation_run58_conservative_adjudication_v1,1,transportation,DAL,0000027904-20-000010,dal-20200630.htm,passenger_load_factor,FlightLoadFactorCap,0.6,0.000001,pure,2020-04-01,2020-09-30,REJECTED_POLICY,confirmed_frozen_contract_rejection:unit_contract_mismatch,,,codex_transportation_conservative_review_v1,2026-07-27T12:00:00-05:00,,,
trprev_r58_d5711b174b6d8c7b,transportation_run58_conservative_adjudication_v1,1,transportation,EDRY,0000919574-19-003068,d8225562_20-f.htm,tce_day_rate,TransportationDiscoveryTceDayRate,-2.0,0.000001,USD_per_day,,2018-12-31,REJECTED_POLICY,confirmed_frozen_contract_rejection:negative_value_prohibited,,,codex_transportation_conservative_review_v1,2026-07-27T12:00:00-05:00,,,
trprev_r58_8e1026839ed3f729,transportation_run58_conservative_adjudication_v1,1,transportation,EHLD,0001477932-26-002657,ehld_20f.htm,fleet_age,TransportationDiscoveryFleetAge,22.0,0.000001,years,,2025-12-31,REJECTED_POLICY,confirmed_frozen_contract_rejection:nonissuer_or_proforma_scope,,,codex_transportation_conservative_review_v1,2026-07-27T12:00:00-05:00,,,
trprev_r58_7ba34dc37a7b0fdb,transportation_run58_conservative_adjudication_v1,1,transportation,FWRD,0000912728-19-000157,form10-qq32019.htm,fuel_surcharge_revenue_ratio,TransportationDiscoveryFuelSurchargeRevenueRatio,2019.0,0.000001,ratio,,2019-09-30,REJECTED_POLICY,confirmed_frozen_contract_rejection:nonissuer_or_proforma_scope,,,codex_transportation_conservative_review_v1,2026-07-27T12:00:00-05:00,,,
trprev_r58_4c8ec9f73e486106,transportation_run58_conservative_adjudication_v1,1,transportation,FWRD,0001628280-24-024140,fwrd-20231231.htm,service_reliability_rate,TransportationDiscoveryServiceReliabilityRate,0.98,0.000001,ratio,,2023-12-31,REJECTED_POLICY,confirmed_frozen_contract_rejection:nonissuer_or_proforma_scope,,,codex_transportation_conservative_review_v1,2026-07-27T12:00:00-05:00,,,
trprev_r58_6705937166e4570c,transportation_run58_conservative_adjudication_v1,1,transportation,GATX,0000040211-19-000020,gatx20181231-10k.htm,equipment_utilization,TransportationDiscoveryEquipmentUtilization,-2018.0,0.000001,ratio,,2018-12-31,REJECTED_POLICY,confirmed_frozen_contract_rejection:negative_value_prohibited,,,codex_transportation_conservative_review_v1,2026-07-27T12:00:00-05:00,,,
trprev_r58_ce85d5e5d648993c,transportation_run58_conservative_adjudication_v1,1,transportation,GNK,0001558370-21-001621,gnk-20201231x10k.htm,fleet_age,FleetUtilizationPercentageUsedToDetermineUndiscountedCashFlows,0.98,0.000001,pure,2020-01-01,2020-12-31,REJECTED_POLICY,confirmed_frozen_contract_rejection:unit_contract_mismatch,,,codex_transportation_conservative_review_v1,2026-07-27T12:00:00-05:00,,,
trprev_r58_ea1785e567034ad2,transportation_run58_conservative_adjudication_v1,1,transportation,GNK,0001558370-21-001621,gnk-20201231x10k.htm,fleet_utilization,FleetUtilizationPercentageUsedToDetermineUndiscountedCashFlows,0.98,0.000001,pure,2020-01-01,2020-12-31,REJECTED_POLICY,confirmed_frozen_contract_rejection:unit_contract_mismatch,,,codex_transportation_conservative_review_v1,2026-07-27T12:00:00-05:00,,,
trprev_r58_e4d6c64b79923d11,transportation_run58_conservative_adjudication_v1,1,transportation,HAFN,0001140361-26-015278,ef20060668.htm,newbuild_capacity_commitments,TransportationDiscoveryNewbuildCapacityCommitments,2.0,0.000001,count,,2025-12-31,REJECTED_POLICY,confirmed_frozen_contract_rejection:nonissuer_or_proforma_scope,,,codex_transportation_conservative_review_v1,2026-07-27T12:00:00-05:00,,,
trprev_r58_c4af4c7348440c88,transportation_run58_conservative_adjudication_v1,1,transportation,HSHP,0001959455-25-000027,hshp-20241231.htm,fleet_age,TransportationDiscoveryFleetAge,2025.0,0.000001,years,,2024-12-31,REJECTED_POLICY,confirmed_frozen_contract_rejection:years_value_out_of_bounds,,,codex_transportation_conservative_review_v1,2026-07-27T12:00:00-05:00,,,
trprev_r58_013cacfd8c37f91b,transportation_run58_conservative_adjudication_v1,1,transportation,HUBG,0001564590-20-051278,hubg-10q_20200930.htm,rail_intermodal_volume_growth,TransportationDiscoveryRailIntermodalVolumeGrowth,2020.0,0.000001,ratio,,2020-09-30,REJECTED_POLICY,confirmed_frozen_contract_rejection:growth_ratio_out_of_bounds,,,codex_transportation_conservative_review_v1,2026-07-27T12:00:00-05:00,,,
trprev_r58_f530a6cf308ca381,transportation_run58_conservative_adjudication_v1,1,transportation,JBLU,0001158463-18-000090,q3201810-q201810xq.htm,unit_cost_ex_fuel,TransportationDiscoveryUnitCostExFuel,190.0,0.000001,USD_per_capacity_unit,,2018-09-30,REJECTED_POLICY,confirmed_frozen_contract_rejection:nonissuer_or_proforma_scope,,,codex_transportation_conservative_review_v1,2026-07-27T12:00:00-05:00,,,
trprev_r58_5eec3cb0b1c5b8e0,transportation_run58_conservative_adjudication_v1,1,transportation,KNX,0001492691-18-000017,knx-10k12312017.htm,average_length_of_haul,TransportationDiscoveryAverageLengthOfHaul,-1.0,0.000001,distance,,2017-12-31,REJECTED_POLICY,confirmed_frozen_contract_rejection:negative_value_prohibited,,,codex_transportation_conservative_review_v1,2026-07-27T12:00:00-05:00,,,
trprev_r58_1dd29ce20ca987cb,transportation_run58_conservative_adjudication_v1,1,transportation,LTM,0001213900-22-015962,f20f2021_latamairlines.htm,airline_fuel_consumed,VerticalFallInCostOfTotalFuelConsumption,79200000.0,0.000001,USD,2021-01-01,2021-12-31,REJECTED_POLICY,confirmed_frozen_contract_rejection:unit_contract_mismatch,,,codex_transportation_conservative_review_v1,2026-07-27T12:00:00-05:00,,,
trprev_r58_1b243f92ff0b1d99,transportation_run58_conservative_adjudication_v1,1,transportation,LTM,0001615774-18-002424,s109445_20f.htm,passenger_revenue_per_capacity_unit,TransportationDiscoveryPassengerRevenuePerCapacityUnit,-2.0,0.000001,USD_per_capacity_unit,,2017-12-31,REJECTED_POLICY,confirmed_frozen_contract_rejection:negative_value_prohibited,,,codex_transportation_conservative_review_v1,2026-07-27T12:00:00-05:00,,,
trprev_r58_0d6bb495ffe62640,transportation_run58_conservative_adjudication_v1,1,transportation,NSC,0000702165-21-000006,nsc-20201231.htm,rail_carload_growth,TransportationDiscoveryRailCarloadGrowth,600000.0,0.000001,ratio,,2020-12-31,REJECTED_POLICY,confirmed_frozen_contract_rejection:nonissuer_or_proforma_scope,,,codex_transportation_conservative_review_v1,2026-07-27T12:00:00-05:00,,,
trprev_r58_d9f8d91274dc5f20,transportation_run58_conservative_adjudication_v1,1,transportation,ODFL,0001564590-20-037340,odfl-10q_20200630.htm,freight_weight_per_shipment,TransportationDiscoveryFreightWeightPerShipment,-19.0,0.000001,weight_per_shipment,,2020-06-30,REJECTED_POLICY,confirmed_frozen_contract_rejection:negative_value_prohibited,,,codex_transportation_conservative_review_v1,2026-07-27T12:00:00-05:00,,,
trprev_r58_c7684ea5c06efe85,transportation_run58_conservative_adjudication_v1,1,transportation,OMAB,0001558370-25-005842,omab-20241231x20f.htm,airport_aeronautical_revenue,PercentageOfRevenueToGcanAeronauticalAndNonAeronauticalRevenuesByAcapulcoInternationalAirport,0.032,0.000001,pure,2023-01-01,2023-12-31,REJECTED_POLICY,confirmed_frozen_contract_rejection:unit_contract_mismatch,,,codex_transportation_conservative_review_v1,2026-07-27T12:00:00-05:00,,,
trprev_r58_4e3697557891b6f7,transportation_run58_conservative_adjudication_v1,1,transportation,OMAB,0001558370-24-006069,omab-20231231x20f.htm,airport_non_aeronautical_revenue,PercentageOfRevenueToGcanAeronauticalAndNonAeronauticalRevenuesByAcapulcoInternationalAirport,0.032,0.000001,pure,2023-01-01,2023-12-31,REJECTED_POLICY,confirmed_frozen_contract_rejection:unit_contract_mismatch,,,codex_transportation_conservative_review_v1,2026-07-27T12:00:00-05:00,,,
trprev_r58_858e45ab0e85a8ba,transportation_run58_conservative_adjudication_v1,1,transportation,OMAB,0001558370-18-003456,omab-20171231x20f.htm,airport_passenger_throughput,TransportationDiscoveryAirportPassengerThroughput,27.7,0.000001,count,,2017-12-31,REJECTED_POLICY,confirmed_frozen_contract_rejection:nonissuer_or_proforma_scope,,,codex_transportation_conservative_review_v1,2026-07-27T12:00:00-05:00,,,
trprev_r58_07b61a05f62b42a4,transportation_run58_conservative_adjudication_v1,1,transportation,PAC,0001193125-26-161714,pac-20251231.htm,aircraft_movements_growth,TransportationDiscoveryAircraftMovementsGrowth,16.0,0.000001,ratio,,2025-12-31,REJECTED_POLICY,confirmed_frozen_contract_rejection:growth_ratio_out_of_bounds,,,codex_transportation_conservative_review_v1,2026-07-27T12:00:00-05:00,,,
trprev_r58_91e640c2b572dfc8,transportation_run58_conservative_adjudication_v1,1,transportation,PAC,0001564590-18-008605,pac-20f_20171231.htm,airport_aeronautical_revenue,TransportationDiscoveryAirportAeronauticalRevenue,1338542.0,0.000001,MXN,,2017-12-31,REJECTED_POLICY,confirmed_frozen_contract_rejection:nonissuer_or_proforma_scope,,,codex_transportation_conservative_review_v1,2026-07-27T12:00:00-05:00,,,
trprev_r58_12bc2d41b187fffc,transportation_run58_conservative_adjudication_v1,1,transportation,PAC,0000950170-25-057571,pac-20241231.htm,airport_non_aeronautical_revenue,TransportationDiscoveryAirportNonAeronauticalRevenue,2023.0,0.000001,MXN,,2024-12-31,REJECTED_POLICY,confirmed_frozen_contract_rejection:nonissuer_or_proforma_scope,,,codex_transportation_conservative_review_v1,2026-07-27T12:00:00-05:00,,,
trprev_r58_615c7e466ae48524,transportation_run58_conservative_adjudication_v1,1,transportation,RYAAY,0001558370-21-009268,ryaa-20210331x20f.htm,aircraft_fleet_age,TransportationDiscoveryAircraftFleetAge,737.0,0.000001,years,,2021-03-31,REJECTED_POLICY,confirmed_frozen_contract_rejection:years_value_out_of_bounds,,,codex_transportation_conservative_review_v1,2026-07-27T12:00:00-05:00,,,
trprev_r58_95bcac7e443d2dcb,transportation_run58_conservative_adjudication_v1,1,transportation,RYAAY,0001558370-22-010932,tmb-20220331x20f.htm,airline_fuel_expense,EstimatedPercentageOfJetFuelExpensesCoveredByHedgingContractsAsOfReportingDate,0.8,0.000001,pure,2022-04-01,2023-03-31,REJECTED_POLICY,confirmed_frozen_contract_rejection:unit_contract_mismatch,,,codex_transportation_conservative_review_v1,2026-07-27T12:00:00-05:00,,,
trprev_r58_dceae6b7786bcd40,transportation_union_exact_confirmation_v1,1,transportation,ATXG,0001493152-26-031055,form10-k.htm,going_concern_flag,TransportationDiscoveryGoingConcernFlag,1.0,0.000001,boolean,,2026-03-31,ACCEPTED,exact_prior_accepted_disclosure_confirmation,,1.0,codex_transportation_systematic_union_review_v1,2026-07-27T00:00:00Z,,,
trprev_r58_e25c005aa5f98d1e,transportation_union_exact_confirmation_v1,1,transportation,CCEC,0001193125-21-133880,d178393d20f.htm,fleet_age,TransportationDiscoveryFleetAge,9.7,0.000001,years,,2020-12-31,ACCEPTED,exact_prior_accepted_disclosure_confirmation,,1.0,codex_transportation_systematic_union_review_v1,2026-07-27T00:00:00Z,,,
trprev_r58_3774fc6438fb78a6,transportation_union_exact_confirmation_v1,1,transportation,CCEC,0001193125-22-123927,d332302d20f.htm,fleet_age,TransportationDiscoveryFleetAge,8.3,0.000001,years,,2021-12-31,ACCEPTED,exact_prior_accepted_disclosure_confirmation,,1.0,codex_transportation_systematic_union_review_v1,2026-07-27T00:00:00Z,,,
trprev_r58_b96c6715be326576,transportation_union_exact_confirmation_v1,1,transportation,GLBS,0001144204-18-013849,tv487965_20f.htm,going_concern_flag,TransportationDiscoveryGoingConcernFlag,1.0,0.000001,boolean,,2017-12-31,ACCEPTED,exact_prior_accepted_disclosure_confirmation,,1.0,codex_transportation_systematic_union_review_v1,2026-07-27T00:00:00Z,,,
trprev_r58_10b4eb035f6e4a43,transportation_union_exact_confirmation_v1,1,transportation,GLBS,0001144204-19-016636,tv517220_20f.htm,going_concern_flag,TransportationDiscoveryGoingConcernFlag,1.0,0.000001,boolean,,2018-12-31,ACCEPTED,exact_prior_accepted_disclosure_confirmation,,1.0,codex_transportation_systematic_union_review_v1,2026-07-27T00:00:00Z,,,
trprev_r58_f31edb2198e7e8fd,transportation_union_exact_confirmation_v1,1,transportation,GLBS,0001104659-20-041302,tm2014261d1_20f.htm,going_concern_flag,TransportationDiscoveryGoingConcernFlag,1.0,0.000001,boolean,,2019-12-31,ACCEPTED,exact_prior_accepted_disclosure_confirmation,,1.0,codex_transportation_systematic_union_review_v1,2026-07-27T00:00:00Z,,,
trprev_r58_4c8f25b72e9465ce,transportation_union_exact_confirmation_v1,1,transportation,PSHG,0000919574-19-002470,d8207765_20-f.htm,going_concern_flag,TransportationDiscoveryGoingConcernFlag,1.0,0.000001,boolean,,2018-12-31,ACCEPTED,exact_prior_accepted_disclosure_confirmation,,1.0,codex_transportation_systematic_union_review_v1,2026-07-27T00:00:00Z,,,
trprev_r58_13ff89b5e9c280ea,transportation_union_exact_confirmation_v1,1,transportation,RVSN,0001213900-23-022437,f20f2022_railvisionltd.htm,going_concern_flag,TransportationDiscoveryGoingConcernFlag,1.0,0.000001,boolean,,2022-12-31,ACCEPTED,exact_prior_accepted_disclosure_confirmation,,1.0,codex_transportation_systematic_union_review_v1,2026-07-27T00:00:00Z,,,
trprev_r58_17328059a54290fc,transportation_union_exact_confirmation_v1,1,transportation,SWVL,0001104659-23-112698,swvl-20221231x20f.htm,going_concern_flag,TransportationDiscoveryGoingConcernFlag,1.0,0.000001,boolean,,2022-12-31,ACCEPTED,exact_prior_accepted_disclosure_confirmation,,1.0,codex_transportation_systematic_union_review_v1,2026-07-27T00:00:00Z,,,
trprev_r58_589bd9fd2e9b7fcc,transportation_union_exact_confirmation_v1,1,transportation,SWVL,0001104659-23-112998,swvl-20221231x20fa.htm,going_concern_flag,TransportationDiscoveryGoingConcernFlag,1.0,0.000001,boolean,,2022-12-31,ACCEPTED,exact_prior_accepted_disclosure_confirmation,,1.0,codex_transportation_systematic_union_review_v1,2026-07-27T00:00:00Z,,,
trprev_r58_e8716b9df2c81b7b,transportation_union_exact_confirmation_v1,1,transportation,SWVL,0001104659-24-054345,swvlw-20231231x20f.htm,going_concern_flag,TransportationDiscoveryGoingConcernFlag,1.0,0.000001,boolean,,2023-12-31,ACCEPTED,exact_prior_accepted_disclosure_confirmation,,1.0,codex_transportation_systematic_union_review_v1,2026-07-27T00:00:00Z,,,
trprev_r58_5d22f321cf7ad319,transportation_union_exact_confirmation_v1,1,transportation,UP,0001104659-21-036332,tm214055d1_10k.htm,going_concern_flag,TransportationDiscoveryGoingConcernFlag,1.0,0.000001,boolean,,2020-12-31,ACCEPTED,exact_prior_accepted_disclosure_confirmation,,1.0,codex_transportation_systematic_union_review_v1,2026-07-27T00:00:00Z,,,
trprev_r58_f5d0ff25889ebdd2,transportation_union_exact_confirmation_v1,1,transportation,UP,0001104659-21-061951,tm2114872d1_10ka.htm,going_concern_flag,TransportationDiscoveryGoingConcernFlag,1.0,0.000001,boolean,,2020-12-31,ACCEPTED,exact_prior_accepted_disclosure_confirmation,,1.0,codex_transportation_systematic_union_review_v1,2026-07-27T00:00:00Z,,,
trprev_r58_7c088f1f13435d36,transportation_union_exact_confirmation_v1,1,transportation,UP,0001104659-21-070871,tm2114128d1_10q.htm,going_concern_flag,TransportationDiscoveryGoingConcernFlag,1.0,0.000001,boolean,,2021-03-31,ACCEPTED,exact_prior_accepted_disclosure_confirmation,,1.0,codex_transportation_systematic_union_review_v1,2026-07-27T00:00:00Z,,,
trprev_r58_c297f498ee1f4f32,transportation_union_exact_confirmation_v1,1,transportation,UP,0001819516-23-000046,up-20230630.htm,going_concern_flag,TransportationDiscoveryGoingConcernFlag,1.0,0.000001,boolean,,2023-06-30,ACCEPTED,exact_prior_accepted_disclosure_confirmation,,1.0,codex_transportation_systematic_union_review_v1,2026-07-27T00:00:00Z,,,
trprev_r58_57acbc1f1cac285e,transportation_union_exact_confirmation_v1,1,transportation,UP,0001819516-23-000059,up-20230930.htm,going_concern_flag,TransportationDiscoveryGoingConcernFlag,1.0,0.000001,boolean,,2023-09-30,ACCEPTED,exact_prior_accepted_disclosure_confirmation,,1.0,codex_transportation_systematic_union_review_v1,2026-07-27T00:00:00Z,,,
trprev_r58_9a9e4f4c0294b304,transportation_union_exact_confirmation_v1,1,transportation,UP,0001819516-24-000015,up-20231231.htm,going_concern_flag,TransportationDiscoveryGoingConcernFlag,1.0,0.000001,boolean,,2023-12-31,ACCEPTED,exact_prior_accepted_disclosure_confirmation,,1.0,codex_transportation_systematic_union_review_v1,2026-07-27T00:00:00Z,,,
trprev_r58_6ad3690a90774a37,transportation_priority_semantic_fixture_v1,1,transportation,AAI,0000948846-10-000017,form10-q.htm,completion_factor,TransportationDiscoveryCompletionFactor,0.9740000000000001,0.000001,ratio,,2010-03-31,ACCEPTED,reviewed_positive_semantic_fixture:completion_factor_explicit_single_value,,1.0,codex_transportation_semantic_fixture_review_v2,2026-07-29T00:00:00-05:00,,,
trprev_r58_dafd30d0416c7875,transportation_priority_semantic_fixture_v1,1,transportation,ARCB,0001558370-19-001332,arcb-20181231x10k.htm,average_length_of_haul,TransportationDiscoveryAverageLengthOfHaul,1039.0,0.000001,distance,,2018-12-31,ACCEPTED,reviewed_positive_semantic_fixture:average_length_of_haul_explicit_distance,,1.0,codex_transportation_semantic_fixture_review_v2,2026-07-29T00:00:00-05:00,,,
trprev_r58_70ea90013f70a293,transportation_priority_semantic_fixture_v1,1,transportation,ASC,0001144204-18-024571,tv491345_6k.htm,revenue_days,TransportationDiscoveryRevenueDays,2416.0,0.000001,days,,2018-03-31,ACCEPTED,reviewed_positive_semantic_fixture:revenue_days_explicit_reported_count,,1.0,codex_transportation_semantic_fixture_review_v2,2026-07-29T00:00:00-05:00,,,
trprev_r58_c9a2c547f1160e84,transportation_priority_semantic_fixture_v1,1,transportation,ASC,0001144204-18-057767,tv505587_6k.htm,vessel_count,TransportationDiscoveryVesselCount,28.0,0.000001,count,,2018-09-30,ACCEPTED,reviewed_positive_semantic_fixture:vessel_count_explicit_issuer_fleet,,1.0,codex_transportation_semantic_fixture_review_v2,2026-07-29T00:00:00-05:00,,,
trprev_r58_d65e678070919c20,transportation_priority_semantic_fixture_v1,1,transportation,BNI,0001193125-06-087328,d10q.htm,rail_intermodal_volume_growth,TransportationDiscoveryRailIntermodalVolumeGrowth,0.06,0.000001,ratio,,2006-03-31,ACCEPTED,reviewed_positive_semantic_fixture:rail_intermodal_volume_growth_explicit_single_value,,1.0,codex_transportation_semantic_fixture_review_v2,2026-07-29T00:00:00-05:00,,,
trprev_r58_f40f0937653961e3,transportation_priority_semantic_fixture_v1,1,transportation,CCEC,0001193125-18-070556,d537681d20f.htm,vessel_count,TransportationDiscoveryVesselCount,36.0,0.000001,count,,2017-12-31,ACCEPTED,reviewed_positive_semantic_fixture:vessel_count_explicit_issuer_fleet,,1.0,codex_transportation_semantic_fixture_review_v2,2026-07-29T00:00:00-05:00,,,
trprev_r65_099465be65f27a40,transportation_priority_semantic_fixture_v1,1,transportation,CISS,NONSEC-CISS-a10844917ca510423d7ce12e,a10844917ca510423d7ce12e168c7277f339c50cc018417dedd7d805c8c7fd17.html,fleet_capacity,TransportationDiscoveryFleetCapacity,234.0,0.000001,segment_native_capacity,,2024-03-31,REJECTED_POLICY,reviewed_prohibited_semantic_fixture:fleet_capacity_bounds,,,codex_transportation_semantic_fixture_review_v2,2026-07-29T00:00:00-05:00,,,
trprev_r65_7b646c92b82f25d2,transportation_priority_semantic_fixture_v1,1,transportation,CISS,NONSEC-CISS-a10844917ca510423d7ce12e,a10844917ca510423d7ce12e168c7277f339c50cc018417dedd7d805c8c7fd17.html,fleet_capacity,TransportationDiscoveryFleetCapacity,213468.0,0.000001,segment_native_capacity,,2024-03-31,REJECTED_POLICY,reviewed_prohibited_semantic_fixture:fleet_capacity_prohibited_range_or_orderbook,,,codex_transportation_semantic_fixture_review_v2,2026-07-29T00:00:00-05:00,,,
trprev_r65_dadabf773222c5aa,transportation_priority_semantic_fixture_v1,1,transportation,CISS,NONSEC-CISS-a10844917ca510423d7ce12e,a10844917ca510423d7ce12e168c7277f339c50cc018417dedd7d805c8c7fd17.html,tce_day_rate,TransportationDiscoveryTceDayRate,36480.0,0.000001,USD_per_day,,2024-03-31,ACCEPTED,reviewed_positive_semantic_fixture:tce_day_rate_explicit_reported_rate,,1.0,codex_transportation_semantic_fixture_review_v2,2026-07-29T00:00:00-05:00,,,
trprev_r58_20f35612ed610bcb,transportation_priority_semantic_fixture_v1,1,transportation,CMDB,0001140361-26-011994,ef20066084_20f.htm,revenue_days,TransportationDiscoveryRevenueDays,2026.0,0.000001,days,,2025-12-31,REJECTED_POLICY,reviewed_prohibited_semantic_fixture:revenue_days_year_as_value,,,codex_transportation_semantic_fixture_review_v2,2026-07-29T00:00:00-05:00,,,
trprev_r58_30bf6d66ba71f9f5,transportation_priority_semantic_fixture_v1,1,transportation,CMDB,0001140361-26-011994,ef20066084_20f.htm,revenue_days,TransportationDiscoveryRevenueDays,2027.0,0.000001,days,,2025-12-31,REJECTED_POLICY,reviewed_prohibited_semantic_fixture:revenue_days_year_as_value,,,codex_transportation_semantic_fixture_review_v2,2026-07-29T00:00:00-05:00,,,
trprev_r58_7f1f4a901ffb74ad,transportation_priority_semantic_fixture_v1,1,transportation,CMDB,0001140361-26-011994,ef20066084_20f.htm,revenue_days,TransportationDiscoveryRevenueDays,75603.0,0.000001,days,,2025-12-31,REJECTED_POLICY,reviewed_prohibited_semantic_fixture:revenue_days_prohibited_definition_or_assumption,,,codex_transportation_semantic_fixture_review_v2,2026-07-29T00:00:00-05:00,,,
trprev_r58_c7dfdd2290afbc3a,transportation_priority_semantic_fixture_v1,1,transportation,CMRE,0000930413-19-000881,c92732_20f.htm,revenue_days,TransportationDiscoveryRevenueDays,2022.0,0.000001,days,,2018-12-31,REJECTED_POLICY,reviewed_prohibited_semantic_fixture:revenue_days_year_as_value,,,codex_transportation_semantic_fixture_review_v2,2026-07-29T00:00:00-05:00,,,
trprev_r59_94d8016706e6c24d,transportation_priority_semantic_fixture_v1,1,transportation,CNI,0001104659-18-019868,a18-8361_16k.htm,average_length_of_haul,TransportationDiscoveryAverageLengthOfHaul,2016000000.0,0.000001,distance,,2017-12-31,REJECTED_POLICY,reviewed_prohibited_semantic_fixture:average_length_of_haul_bounds,,,codex_transportation_semantic_fixture_review_v2,2026-07-29T00:00:00-05:00,,,
trprev_r58_25f2d30acb6ce769,transportation_priority_semantic_fixture_v1,1,transportation,CP,0000016875-18-000095,q22018quarterlyreport-.htm,average_length_of_haul,TransportationDiscoveryAverageLengthOfHaul,17689.0,0.000001,distance,,2018-06-30,REJECTED_POLICY,reviewed_prohibited_semantic_fixture:average_length_of_haul_bounds,,,codex_transportation_semantic_fixture_review_v2,2026-07-29T00:00:00-05:00,,,
trprev_r58_d0f7a481bed72a4f,transportation_priority_semantic_fixture_v1,1,transportation,CP,0000016875-18-000029,cpr2017-annualreportx1.htm,fuel_surcharge_revenue_ratio,TransportationDiscoveryFuelSurchargeRevenueRatio,0.04,0.000001,ratio,,2017-12-31,ACCEPTED,reviewed_positive_semantic_fixture:fuel_surcharge_ratio_explicit_revenue_share,,1.0,codex_transportation_semantic_fixture_review_v2,2026-07-29T00:00:00-05:00,,,
trprev_r58_b7ddd5fed31d205d,transportation_priority_semantic_fixture_v1,1,transportation,CP,0000016875-19-000017,cpr2018-annualreportx1.htm,fuel_surcharge_revenue_ratio,TransportationDiscoveryFuelSurchargeRevenueRatio,0.07,0.000001,ratio,,2018-12-31,ACCEPTED,reviewed_positive_semantic_fixture:fuel_surcharge_ratio_explicit_revenue_share,,1.0,codex_transportation_semantic_fixture_review_v2,2026-07-29T00:00:00-05:00,,,
trprev_r58_6c1b1d904b9bf625,transportation_priority_semantic_fixture_v1,1,transportation,CP,0000016875-20-000007,cpr2019-annualreportx1.htm,fuel_surcharge_revenue_ratio,TransportationDiscoveryFuelSurchargeRevenueRatio,0.06,0.000001,ratio,,2019-12-31,ACCEPTED,reviewed_positive_semantic_fixture:fuel_surcharge_ratio_explicit_revenue_share,,1.0,codex_transportation_semantic_fixture_review_v2,2026-07-29T00:00:00-05:00,,,
trprev_r58_763843aa0f9b6bc1,transportation_priority_semantic_fixture_v1,1,transportation,CTRM,0000919574-19-000716,d8120351_20f.htm,tce_day_rate,TransportationDiscoveryTceDayRate,2018000000000.0,0.000001,USD_per_day,,2018-09-30,REJECTED_POLICY,reviewed_prohibited_semantic_fixture:tce_day_rate_bounds,,,codex_transportation_semantic_fixture_review_v2,2026-07-29T00:00:00-05:00,,,
trprev_r58_a332131045db04a2,transportation_priority_semantic_fixture_v1,1,transportation,CTRM,0000919574-19-000716,d8120351_20f.htm,tce_day_rate,TransportationDiscoveryTceDayRate,30.0,0.000001,USD_per_day,,2018-09-30,REJECTED_POLICY,reviewed_prohibited_semantic_fixture:tce_day_rate_bounds,,,codex_transportation_semantic_fixture_review_v2,2026-07-29T00:00:00-05:00,,,
trprev_r58_6f1669ae75a46c58,transportation_priority_semantic_fixture_v1,1,transportation,DAC,0001047469-18-001368,a2234648z20-f.htm,revenue_days,TransportationDiscoveryRevenueDays,68.3,0.000001,days,,2017-12-31,REJECTED_POLICY,reviewed_prohibited_semantic_fixture:revenue_days_bounds,,,codex_transportation_semantic_fixture_review_v2,2026-07-29T00:00:00-05:00,,,
trprev_r59_b24d52dc6f033851,transportation_priority_semantic_fixture_v1,1,transportation,DRYS,0001317861-06-000130,drys060506.htm,revenue_days,TransportationDiscoveryRevenueDays,2006.0,0.000001,days,,2006-06-05,REJECTED_POLICY,reviewed_prohibited_semantic_fixture:revenue_days_year_as_value,,,codex_transportation_semantic_fixture_review_v2,2026-07-29T00:00:00-05:00,,,
trprev_r59_5bbaddc3326dd4df,transportation_priority_semantic_fixture_v1,1,transportation,DRYS,0001317861-08-000056,f021408drys6kb.htm,revenue_days,TransportationDiscoveryRevenueDays,2007.0,0.000001,days,,2008-02-14,REJECTED_POLICY,reviewed_prohibited_semantic_fixture:revenue_days_year_as_value,,,codex_transportation_semantic_fixture_review_v2,2026-07-29T00:00:00-05:00,,,
trprev_r59_22c5190faed7258f,transportation_priority_semantic_fixture_v1,1,transportation,DRYS,0001317861-06-000288,drys6k112006.htm,tce_day_rate,TransportationDiscoveryTceDayRate,1.0,0.000001,USD_per_day,,2006-11-20,REJECTED_POLICY,reviewed_prohibited_semantic_fixture:tce_day_rate_bounds,,,codex_transportation_semantic_fixture_review_v2,2026-07-29T00:00:00-05:00,,,
trprev_r59_3be608bf24e86952,transportation_priority_semantic_fixture_v1,1,transportation,DRYS,0001317861-06-000288,drys6k112006.htm,tce_day_rate,TransportationDiscoveryTceDayRate,2.0,0.000001,USD_per_day,,2006-11-20,REJECTED_POLICY,reviewed_prohibited_semantic_fixture:tce_day_rate_bounds,,,codex_transportation_semantic_fixture_review_v2,2026-07-29T00:00:00-05:00,,,
trprev_r59_3c9964e614ac4a53,transportation_priority_semantic_fixture_v1,1,transportation,DRYS,0001317861-07-000064,drys6k022807.htm,tce_day_rate,TransportationDiscoveryTceDayRate,2.0,0.000001,USD_per_day,,2007-02-28,REJECTED_POLICY,reviewed_prohibited_semantic_fixture:tce_day_rate_bounds,,,codex_transportation_semantic_fixture_review_v2,2026-07-29T00:00:00-05:00,,,
trprev_r65_47d4ffcaa7e2fc01,transportation_priority_semantic_fixture_v1,1,transportation,DSX,NONSEC-DSX-bfc745b7c451d7609be27613,bfc745b7c451d7609be276136f0c8c16ef431ce7fb39e3a6fa115564bec7e09d.html,revenue_days,TransportationDiscoveryRevenueDays,2007.0,0.000001,days,,2008-03-31,REJECTED_POLICY,reviewed_prohibited_semantic_fixture:revenue_days_year_as_value,,,codex_transportation_semantic_fixture_review_v2,2026-07-29T00:00:00-05:00,,,
trprev_r65_a0562612ccfb02e5,transportation_priority_semantic_fixture_v1,1,transportation,DSX,NONSEC-DSX-24e78b7bad588828027ec135,24e78b7bad588828027ec1352c631cd06d2e210f8859d9b7a12fdd6a5c936219.html,revenue_days,TransportationDiscoveryRevenueDays,2007.0,0.000001,days,,2008-06-30,REJECTED_POLICY,reviewed_prohibited_semantic_fixture:revenue_days_year_as_value,,,codex_transportation_semantic_fixture_review_v2,2026-07-29T00:00:00-05:00,,,
trprev_r65_f6f14132a6072ed2,transportation_priority_semantic_fixture_v1,1,transportation,DSX,NONSEC-DSX-babd7b3eac305502b9e08a3e,babd7b3eac305502b9e08a3e9d0b4f8a1706ff21de08b98fa05410708e085db2.html,revenue_days,TransportationDiscoveryRevenueDays,2007.0,0.000001,days,,2008-09-30,REJECTED_POLICY,reviewed_prohibited_semantic_fixture:revenue_days_year_as_value,,,codex_transportation_semantic_fixture_review_v2,2026-07-29T00:00:00-05:00,,,
trprev_r58_b64fb0b99d98297a,transportation_priority_semantic_fixture_v1,1,transportation,ECO,0001104659-24-054337,eco-20231231x20f.htm,tce_day_rate,TransportationDiscoveryTceDayRate,31.0,0.000001,USD_per_day,,2023-12-31,REJECTED_POLICY,reviewed_prohibited_semantic_fixture:tce_day_rate_bounds,,,codex_transportation_semantic_fixture_review_v2,2026-07-29T00:00:00-05:00,,,
trprev_r58_1d634876bb6e5d94,transportation_priority_semantic_fixture_v1,1,transportation,ECO,0001104659-25-029874,eco-20241231x20f.htm,tce_day_rate,TransportationDiscoveryTceDayRate,31.0,0.000001,USD_per_day,,2024-12-31,REJECTED_POLICY,reviewed_prohibited_semantic_fixture:tce_day_rate_bounds,,,codex_transportation_semantic_fixture_review_v2,2026-07-29T00:00:00-05:00,,,
trprev_r58_60f3fd508d455b0b,transportation_priority_semantic_fixture_v1,1,transportation,ECO,0001104659-26-032731,eco-20251231x20f.htm,tce_day_rate,TransportationDiscoveryTceDayRate,31.0,0.000001,USD_per_day,,2025-12-31,REJECTED_POLICY,reviewed_prohibited_semantic_fixture:tce_day_rate_bounds,,,codex_transportation_semantic_fixture_review_v2,2026-07-29T00:00:00-05:00,,,
trprev_r58_578410ff4a98a7b7,transportation_priority_semantic_fixture_v1,1,transportation,EDRY,0000919574-19-003068,d8225562_20-f.htm,tce_day_rate,TransportationDiscoveryTceDayRate,12.0,0.000001,USD_per_day,,2018-12-31,REJECTED_POLICY,reviewed_prohibited_semantic_fixture:tce_day_rate_bounds,,,codex_transportation_semantic_fixture_review_v2,2026-07-29T00:00:00-05:00,,,
trprev_r58_687e410f8f743803,transportation_priority_semantic_fixture_v1,1,transportation,EGLE,0001628280-17-010860,a2017q310-q.htm,fleet_capacity,TransportationDiscoveryFleetCapacity,8.0,0.000001,segment_native_capacity,,2017-09-30,REJECTED_POLICY,reviewed_prohibited_semantic_fixture:fleet_capacity_bounds,,,codex_transportation_semantic_fixture_review_v2,2026-07-29T00:00:00-05:00,,,
trprev_r58_cf6fd6577d1a7c92,transportation_priority_semantic_fixture_v1,1,transportation,EGLE,0001628280-18-006548,a2018q110-q.htm,fleet_capacity,TransportationDiscoveryFleetCapacity,8.3,0.000001,segment_native_capacity,,2018-03-31,REJECTED_POLICY,reviewed_prohibited_semantic_fixture:fleet_capacity_bounds,,,codex_transportation_semantic_fixture_review_v2,2026-07-29T00:00:00-05:00,,,
trprev_r58_a706a81f9454b27e,transportation_priority_semantic_fixture_v1,1,transportation,EGLE,0001628280-18-010754,a2018q210-q.htm,fleet_capacity,TransportationDiscoveryFleetCapacity,8.6,0.000001,segment_native_capacity,,2018-06-30,REJECTED_POLICY,reviewed_prohibited_semantic_fixture:fleet_capacity_bounds,,,codex_transportation_semantic_fixture_review_v2,2026-07-29T00:00:00-05:00,,,
trprev_r58_db3cfe94bd5a1235,transportation_priority_semantic_fixture_v1,1,transportation,EGLE,0001437749-17-005696,egle20161231_10k.htm,tce_day_rate,TransportationDiscoveryTceDayRate,31.0,0.000001,USD_per_day,,2016-12-31,REJECTED_POLICY,reviewed_prohibited_semantic_fixture:tce_day_rate_bounds,,,codex_transportation_semantic_fixture_review_v2,2026-07-29T00:00:00-05:00,,,
trprev_r58_e8eec955514e8d34,transportation_priority_semantic_fixture_v1,1,transportation,EGLE,0001628280-18-003092,egle1231201710-k.htm,tce_day_rate,TransportationDiscoveryTceDayRate,31.0,0.000001,USD_per_day,,2017-12-31,REJECTED_POLICY,reviewed_prohibited_semantic_fixture:tce_day_rate_bounds,,,codex_transportation_semantic_fixture_review_v2,2026-07-29T00:00:00-05:00,,,
trprev_r58_42aa11c4bcf8846f,transportation_priority_semantic_fixture_v1,1,transportation,EGLE,0001628280-19-002879,egle1231201810-k.htm,tce_day_rate,TransportationDiscoveryTceDayRate,22.0,0.000001,USD_per_day,,2018-12-31,REJECTED_POLICY,reviewed_prohibited_semantic_fixture:tce_day_rate_bounds,,,codex_transportation_semantic_fixture_review_v2,2026-07-29T00:00:00-05:00,,,
trprev_r58_1b6376a12d85e9e8,transportation_priority_semantic_fixture_v1,1,transportation,EHLD,0001477932-26-002657,ehld_20f.htm,fleet_capacity,TransportationDiscoveryFleetCapacity,34.33,0.000001,segment_native_capacity,,2025-12-31,REJECTED_POLICY,reviewed_prohibited_semantic_fixture:fleet_capacity_bounds,,,codex_transportation_semantic_fixture_review_v2,2026-07-29T00:00:00-05:00,,,
trprev_r59_c5228b8a753cef87,transportation_priority_semantic_fixture_v1,1,transportation,ESEA,0001317861-24-000010,f22124esea6k.htm,revenue_days,TransportationDiscoveryRevenueDays,60000000.0,0.000001,days,,2024-02-21,REJECTED_POLICY,reviewed_prohibited_semantic_fixture:revenue_days_bounds,,,codex_transportation_semantic_fixture_review_v2,2026-07-29T00:00:00-05:00,,,
trprev_r65_51f360f541173a41,transportation_priority_semantic_fixture_v1,1,transportation,GASS,NONSEC-GASS-4fdbbe393bf4c63aa82ab273,4fdbbe393bf4c63aa82ab273d5ec3ee4c5aacd08011ed51e9487ccefc2f4195a.html,fleet_age,TransportationDiscoveryFleetAge,9.0,0.000001,years,,2020-12-31,ACCEPTED,reviewed_positive_semantic_fixture:fleet_age_explicit_single_value,,1.0,codex_transportation_semantic_fixture_review_v2,2026-07-29T00:00:00-05:00,,,
trprev_r58_1733151918788907,transportation_priority_semantic_fixture_v1,1,transportation,GLBS,0001144204-18-013849,tv487965_20f.htm,vessel_count,TransportationDiscoveryVesselCount,300571.0,0.000001,count,,2017-12-31,REJECTED_POLICY,reviewed_prohibited_semantic_fixture:vessel_count_bounds,,,codex_transportation_semantic_fixture_review_v2,2026-07-29T00:00:00-05:00,,,
trprev_r58_7b3dfb56c11636ae,transportation_priority_semantic_fixture_v1,1,transportation,GLBS,0001144204-19-016636,tv517220_20f.htm,vessel_count,TransportationDiscoveryVesselCount,300571.0,0.000001,count,,2018-12-31,REJECTED_POLICY,reviewed_prohibited_semantic_fixture:vessel_count_bounds,,,codex_transportation_semantic_fixture_review_v2,2026-07-29T00:00:00-05:00,,,
trprev_r58_7db3d1d07443dc36,transportation_priority_semantic_fixture_v1,1,transportation,GLOG,0000930413-13-001949,c73108_20f.htm,revenue_days,TransportationDiscoveryRevenueDays,2012.0,0.000001,days,,2012-12-31,REJECTED_POLICY,reviewed_prohibited_semantic_fixture:revenue_days_year_as_value,,,codex_transportation_semantic_fixture_review_v2,2026-07-29T00:00:00-05:00,,,
trprev_r65_6e679f249569609e,transportation_priority_semantic_fixture_v1,1,transportation,GLOG,NONSEC-GLOG-79db9ff1c0eb0457f5e2d80e,79db9ff1c0eb0457f5e2d80e20ba688c11631e707fecffd88358da6071415b33.html,vessel_count,TransportationDiscoveryVesselCount,2021.0,0.000001,count,,2020-12-31,REJECTED_POLICY,reviewed_prohibited_semantic_fixture:vessel_count_bounds,,,codex_transportation_semantic_fixture_review_v2,2026-07-29T00:00:00-05:00,,,
trprev_r65_7245bdf7719e8742,transportation_priority_semantic_fixture_v1,1,transportation,GLOG,NONSEC-GLOG-e3303fd99e06bc77a6aa8dfb,e3303fd99e06bc77a6aa8dfb167b4371103bf49cfabe0ec16471b9a35b86346d.html,vessel_count,TransportationDiscoveryVesselCount,2021.0,0.000001,count,,2020-12-31,REJECTED_POLICY,reviewed_prohibited_semantic_fixture:vessel_count_bounds,,,codex_transportation_semantic_fixture_review_v2,2026-07-29T00:00:00-05:00,,,
trprev_r59_29b3cd2a08389e7e,transportation_priority_semantic_fixture_v1,1,transportation,GMLP,0001104659-12-064360,a12-21602_16k.htm,tce_day_rate,TransportationDiscoveryTceDayRate,30.0,0.000001,USD_per_day,,2012-06-30,REJECTED_POLICY,reviewed_prohibited_semantic_fixture:tce_day_rate_bounds,,,codex_transportation_semantic_fixture_review_v2,2026-07-29T00:00:00-05:00,,,
trprev_r59_5d22d7977e29f8e4,transportation_priority_semantic_fixture_v1,1,transportation,GMLP,0001104659-12-064360,a12-21602_16k.htm,tce_day_rate,TransportationDiscoveryTceDayRate,2012.0,0.000001,USD_per_day,,2012-06-30,REJECTED_POLICY,reviewed_prohibited_semantic_fixture:tce_day_rate_year_as_value,,,codex_transportation_semantic_fixture_review_v2,2026-07-29T00:00:00-05:00,,,
trprev_r59_677f9f91281225fa,transportation_priority_semantic_fixture_v1,1,transportation,GMLP,0001104659-12-085537,a12-29910_16k.htm,tce_day_rate,TransportationDiscoveryTceDayRate,30.0,0.000001,USD_per_day,,2012-09-30,REJECTED_POLICY,reviewed_prohibited_semantic_fixture:tce_day_rate_bounds,,,codex_transportation_semantic_fixture_review_v2,2026-07-29T00:00:00-05:00,,,
trprev_r58_285a1dff63567bc1,transportation_priority_semantic_fixture_v1,1,transportation,GNK,0001558370-18-001292,gnk-20171231x10k.htm,revenue_days,TransportationDiscoveryRevenueDays,90.0,0.000001,days,,2017-12-31,REJECTED_POLICY,reviewed_prohibited_semantic_fixture:revenue_days_prohibited_definition_or_assumption,,,codex_transportation_semantic_fixture_review_v2,2026-07-29T00:00:00-05:00,,,
trprev_r58_319ba0b8803c8ea4,transportation_priority_semantic_fixture_v1,1,transportation,GNK,0001558370-18-001292,gnk-20171231x10k.htm,tce_day_rate,TransportationDiscoveryTceDayRate,75.9,0.000001,USD_per_day,,2017-12-31,REJECTED_POLICY,reviewed_prohibited_semantic_fixture:tce_day_rate_bounds,,,codex_transportation_semantic_fixture_review_v2,2026-07-29T00:00:00-05:00,,,
trprev_r58_30c3bcdf4a378974,transportation_priority_semantic_fixture_v1,1,transportation,GNK,0001558370-18-008830,gnk-20180930x10q.htm,tce_day_rate,TransportationDiscoveryTceDayRate,39.1,0.000001,USD_per_day,,2018-09-30,REJECTED_POLICY,reviewed_prohibited_semantic_fixture:tce_day_rate_bounds,,,codex_transportation_semantic_fixture_review_v2,2026-07-29T00:00:00-05:00,,,
trprev_r58_b7cfa7726b7f1bfd,transportation_priority_semantic_fixture_v1,1,transportation,GNRT,0001104659-15-060025,a15-16136_110q.htm,fleet_capacity,TransportationDiscoveryFleetCapacity,10800000.0,0.000001,segment_native_capacity,,2015-06-30,REJECTED_POLICY,reviewed_prohibited_semantic_fixture:fleet_capacity_prohibited_range_or_orderbook,,,codex_transportation_semantic_fixture_review_v2,2026-07-29T00:00:00-05:00,,,
trprev_r58_822287649fee81d2,transportation_priority_semantic_fixture_v1,1,transportation,GNRT,0001104659-15-078777,a15-18096_110q.htm,fleet_capacity,TransportationDiscoveryFleetCapacity,10800000.0,0.000001,segment_native_capacity,,2015-09-30,REJECTED_POLICY,reviewed_prohibited_semantic_fixture:fleet_capacity_prohibited_range_or_orderbook,,,codex_transportation_semantic_fixture_review_v2,2026-07-29T00:00:00-05:00,,,
trprev_r58_55f9d4f3a090f876,transportation_priority_semantic_fixture_v1,1,transportation,GNRT,0001104659-09-013543,a09-1440_110k.htm,revenue_days,TransportationDiscoveryRevenueDays,2008.0,0.000001,days,,2008-12-31,REJECTED_POLICY,reviewed_prohibited_semantic_fixture:revenue_days_year_as_value,,,codex_transportation_semantic_fixture_review_v2,2026-07-29T00:00:00-05:00,,,
trprev_r58_53b89c51633dae0f,transportation_priority_semantic_fixture_v1,1,transportation,GNRT,0001104659-09-013543,a09-1440_110k.htm,vessel_count,TransportationDiscoveryVesselCount,31.0,0.000001,count,,2008-12-31,ACCEPTED,reviewed_positive_semantic_fixture:vessel_count_explicit_issuer_fleet,,1.0,codex_transportation_semantic_fixture_review_v2,2026-07-29T00:00:00-05:00,,,
trprev_r58_066c111ee6bfdc6d,transportation_priority_semantic_fixture_v1,1,transportation,GNRT,0001104659-09-031430,a09-11101_210q.htm,vessel_count,TransportationDiscoveryVesselCount,31.0,0.000001,count,,2009-03-31,ACCEPTED,reviewed_positive_semantic_fixture:vessel_count_explicit_issuer_fleet,,1.0,codex_transportation_semantic_fixture_review_v2,2026-07-29T00:00:00-05:00,,,
trprev_r58_a6b275f69e096e6b,transportation_priority_semantic_fixture_v1,1,transportation,GNRT,0001104659-09-048085,a09-18510_110q.htm,vessel_count,TransportationDiscoveryVesselCount,31.0,0.000001,count,,2009-06-30,ACCEPTED,reviewed_positive_semantic_fixture:vessel_count_explicit_issuer_fleet,,1.0,codex_transportation_semantic_fixture_review_v2,2026-07-29T00:00:00-05:00,,,
trprev_r58_d81a924131a7dd24,transportation_priority_semantic_fixture_v1,1,transportation,GSL,0001564590-18-007059,gsl-20f_20171231.htm,fleet_capacity,TransportationDiscoveryFleetCapacity,13.0,0.000001,segment_native_capacity,,2017-12-31,REJECTED_POLICY,reviewed_prohibited_semantic_fixture:fleet_capacity_bounds,,,codex_transportation_semantic_fixture_review_v2,2026-07-29T00:00:00-05:00,,,
trprev_r58_315eee19b2431ac8,transportation_priority_semantic_fixture_v1,1,transportation,GSL,0001193125-19-092952,d726322d20f.htm,fleet_capacity,TransportationDiscoveryFleetCapacity,11.0,0.000001,segment_native_capacity,,2018-12-31,REJECTED_POLICY,reviewed_prohibited_semantic_fixture:fleet_capacity_bounds,,,codex_transportation_semantic_fixture_review_v2,2026-07-29T00:00:00-05:00,,,
trprev_r58_d061ed76eee495e0,transportation_priority_semantic_fixture_v1,1,transportation,GSL,0001193125-21-087502,d107125d20f.htm,vessel_count,TransportationDiscoveryVesselCount,1100000000.0,0.000001,count,,2020-12-31,REJECTED_POLICY,reviewed_prohibited_semantic_fixture:vessel_count_bounds,,,codex_transportation_semantic_fixture_review_v2,2026-07-29T00:00:00-05:00,,,
trprev_r58_da53074bdda65067,transportation_priority_semantic_fixture_v1,1,transportation,GWR,0001012620-12-000003,gwr10k20111231secimport.htm,average_length_of_haul,TransportationDiscoveryAverageLengthOfHaul,2.0,0.000001,distance,,2011-12-31,REJECTED_POLICY,reviewed_prohibited_semantic_fixture:average_length_of_haul_bounds,,,codex_transportation_semantic_fixture_review_v2,2026-07-29T00:00:00-05:00,,,
trprev_r58_70bf0cc84503e5e5,transportation_priority_semantic_fixture_v1,1,transportation,GWR,0001012620-13-000012,gwr0331201310-q.htm,average_length_of_haul,TransportationDiscoveryAverageLengthOfHaul,100000.0,0.000001,distance,,2013-03-31,REJECTED_POLICY,reviewed_prohibited_semantic_fixture:average_length_of_haul_bounds,,,codex_transportation_semantic_fixture_review_v2,2026-07-29T00:00:00-05:00,,,
trprev_r58_917780f0425fa6c5,transportation_priority_semantic_fixture_v1,1,transportation,HAFN,0001140361-25-016487,ef20041397.htm,fleet_capacity,TransportationDiscoveryFleetCapacity,5.3,0.000001,segment_native_capacity,,2024-12-31,REJECTED_POLICY,reviewed_prohibited_semantic_fixture:fleet_capacity_bounds,,,codex_transportation_semantic_fixture_review_v2,2026-07-29T00:00:00-05:00,,,
trprev_r58_c994241bcb10e38a,transportation_priority_semantic_fixture_v1,1,transportation,HAFN,0001140361-25-016487,ef20041397.htm,fleet_capacity,TransportationDiscoveryFleetCapacity,10000.0,0.000001,segment_native_capacity,,2024-12-31,REJECTED_POLICY,reviewed_prohibited_semantic_fixture:fleet_capacity_prohibited_range_or_orderbook,,,codex_transportation_semantic_fixture_review_v2,2026-07-29T00:00:00-05:00,,,
trprev_r58_1fcfc91687d08e16,transportation_priority_semantic_fixture_v1,1,transportation,HAFN,0001140361-25-016487,ef20041397.htm,revenue_days,TransportationDiscoveryRevenueDays,97.7,0.000001,days,,2024-12-31,REJECTED_POLICY,reviewed_prohibited_semantic_fixture:revenue_days_bounds,,,codex_transportation_semantic_fixture_review_v2,2026-07-29T00:00:00-05:00,,,
trprev_r58_38f0dc1145c6c1cf,transportation_priority_semantic_fixture_v1,1,transportation,HAFN,0001140361-25-016487,ef20041397.htm,revenue_days,TransportationDiscoveryRevenueDays,2022.0,0.000001,days,,2024-12-31,REJECTED_POLICY,reviewed_prohibited_semantic_fixture:revenue_days_year_as_value,,,codex_transportation_semantic_fixture_review_v2,2026-07-29T00:00:00-05:00,,,
trprev_r58_cb85129112bcb716,transportation_priority_semantic_fixture_v1,1,transportation,HAFN,0001140361-25-016487,ef20041397.htm,revenue_days,TransportationDiscoveryRevenueDays,1.0,0.000001,days,,2024-12-31,REJECTED_POLICY,reviewed_prohibited_semantic_fixture:revenue_days_bounds,,,codex_transportation_semantic_fixture_review_v2,2026-07-29T00:00:00-05:00,,,
trprev_r58_2ac320bdd875eea3,transportation_priority_semantic_fixture_v1,1,transportation,HRZ,0001362310-08-004013,c74186e10vqza.htm,revenue_days,TransportationDiscoveryRevenueDays,3200000.0,0.000001,days,,2008-06-22,REJECTED_POLICY,reviewed_prohibited_semantic_fixture:revenue_days_bounds,,,codex_transportation_semantic_fixture_review_v2,2026-07-29T00:00:00-05:00,,,
trprev_r58_31eba6dc3d615da2,transportation_priority_semantic_fixture_v1,1,transportation,HRZ,0001362310-08-003838,c74044e10vq.htm,revenue_days,TransportationDiscoveryRevenueDays,22.0,0.000001,days,,2008-06-22,REJECTED_POLICY,reviewed_prohibited_semantic_fixture:revenue_days_bounds,,,codex_transportation_semantic_fixture_review_v2,2026-07-29T00:00:00-05:00,,,
trprev_r58_cd5f0e733fae6110,transportation_priority_semantic_fixture_v1,1,transportation,HRZ,0001362310-08-003838,c74044e10vq.htm,revenue_days,TransportationDiscoveryRevenueDays,3200000.0,0.000001,days,,2008-06-22,REJECTED_POLICY,reviewed_prohibited_semantic_fixture:revenue_days_bounds,,,codex_transportation_semantic_fixture_review_v2,2026-07-29T00:00:00-05:00,,,
trprev_r58_e58b45ab1b474ed0,transportation_priority_semantic_fixture_v1,1,transportation,HSHP,0001959455-24-000060,hshp-20240630.htm,revenue_days,TransportationDiscoveryRevenueDays,2024.0,0.000001,days,,2024-06-30,REJECTED_POLICY,reviewed_prohibited_semantic_fixture:revenue_days_year_as_value,,,codex_transportation_semantic_fixture_review_v2,2026-07-29T00:00:00-05:00,,,
trprev_r58_c64a73bacc7f951d,transportation_priority_semantic_fixture_v1,1,transportation,HSHP,0001959455-25-000027,hshp-20241231.htm,revenue_days,TransportationDiscoveryRevenueDays,2024.0,0.000001,days,,2024-12-31,REJECTED_POLICY,reviewed_prohibited_semantic_fixture:revenue_days_year_as_value,,,codex_transportation_semantic_fixture_review_v2,2026-07-29T00:00:00-05:00,,,
trprev_r58_7856aac11adad852,transportation_priority_semantic_fixture_v1,1,transportation,ICON,0001140361-25-015619,ef20042514_20-f.htm,revenue_days,TransportationDiscoveryRevenueDays,434.8,0.000001,days,,2024-12-31,REJECTED_POLICY,reviewed_prohibited_semantic_fixture:revenue_days_bounds,,,codex_transportation_semantic_fixture_review_v2,2026-07-29T00:00:00-05:00,,,
trprev_r58_9d52f8dae4475bf9,transportation_priority_semantic_fixture_v1,1,transportation,ICON,0001140361-25-015619,ef20042514_20-f.htm,revenue_days,TransportationDiscoveryRevenueDays,2024.0,0.000001,days,,2024-12-31,REJECTED_POLICY,reviewed_prohibited_semantic_fixture:revenue_days_year_as_value,,,codex_transportation_semantic_fixture_review_v2,2026-07-29T00:00:00-05:00,,,
trprev_r58_5f49693e508eb833,transportation_priority_semantic_fixture_v1,1,transportation,ICON,0001140361-26-006582,ef20060631_20-f.htm,revenue_days,TransportationDiscoveryRevenueDays,2025.0,0.000001,days,,2025-12-31,REJECTED_POLICY,reviewed_prohibited_semantic_fixture:revenue_days_year_as_value,,,codex_transportation_semantic_fixture_review_v2,2026-07-29T00:00:00-05:00,,,
trprev_r58_1511e4055f7cea74,transportation_priority_semantic_fixture_v1,1,transportation,JBHT,0001437749-18-003239,jbht20171231_10k.htm,average_length_of_haul,TransportationDiscoveryAverageLengthOfHaul,1.4,0.000001,distance,,2017-12-31,REJECTED_POLICY,reviewed_prohibited_semantic_fixture:average_length_of_haul_bounds,,,codex_transportation_semantic_fixture_review_v2,2026-07-29T00:00:00-05:00,,,
trprev_r58_878802d2c1919c57,transportation_priority_semantic_fixture_v1,1,transportation,JBHT,0001437749-18-013887,jbht20180630_10q.htm,average_length_of_haul,TransportationDiscoveryAverageLengthOfHaul,12.0,0.000001,distance,,2018-06-30,REJECTED_POLICY,reviewed_prohibited_semantic_fixture:average_length_of_haul_bounds,,,codex_transportation_semantic_fixture_review_v2,2026-07-29T00:00:00-05:00,,,
trprev_r58_2067a3680dc63f3f,transportation_priority_semantic_fixture_v1,1,transportation,KNX,0001492691-18-000057,knx-9302018x10q.htm,average_length_of_haul,TransportationDiscoveryAverageLengthOfHaul,10.3,0.000001,distance,,2018-09-30,REJECTED_POLICY,reviewed_prohibited_semantic_fixture:average_length_of_haul_bounds,,,codex_transportation_semantic_fixture_review_v2,2026-07-29T00:00:00-05:00,,,
trprev_r58_6d465b4db440b13f,transportation_priority_semantic_fixture_v1,1,transportation,NM,0001193125-13-168990,d521971d20f.htm,tce_day_rate,TransportationDiscoveryTceDayRate,2012.0,0.000001,USD_per_day,,2012-12-31,REJECTED_POLICY,reviewed_prohibited_semantic_fixture:tce_day_rate_year_as_value,,,codex_transportation_semantic_fixture_review_v2,2026-07-29T00:00:00-05:00,,,
trprev_r58_3aea8f93e09dbc18,transportation_priority_semantic_fixture_v1,1,transportation,NM,0001193125-14-164924,d707934d20f.htm,tce_day_rate,TransportationDiscoveryTceDayRate,2013.0,0.000001,USD_per_day,,2013-12-31,REJECTED_POLICY,reviewed_prohibited_semantic_fixture:tce_day_rate_year_as_value,,,codex_transportation_semantic_fixture_review_v2,2026-07-29T00:00:00-05:00,,,
trprev_r58_0a15139fbc89c312,transportation_priority_semantic_fixture_v1,1,transportation,NM,0001193125-15-119030,d901758d20f.htm,tce_day_rate,TransportationDiscoveryTceDayRate,2014.0,0.000001,USD_per_day,,2014-12-31,REJECTED_POLICY,reviewed_prohibited_semantic_fixture:tce_day_rate_year_as_value,,,codex_transportation_semantic_fixture_review_v2,2026-07-29T00:00:00-05:00,,,
trprev_r58_d42ec919f0a8ed1e,transportation_priority_semantic_fixture_v1,1,transportation,NNA,0000950123-11-024654,y04650e20vf.htm,revenue_days,TransportationDiscoveryRevenueDays,2009.0,0.000001,days,,2010-12-31,REJECTED_POLICY,reviewed_prohibited_semantic_fixture:revenue_days_year_as_value,,,codex_transportation_semantic_fixture_review_v2,2026-07-29T00:00:00-05:00,,,
trprev_r58_a54f6894e33758fb,transportation_priority_semantic_fixture_v1,1,transportation,NNA,0000950123-11-024654,y04650e20vf.htm,tce_day_rate,TransportationDiscoveryTceDayRate,30087.0,0.000001,USD_per_day,,2010-12-31,ACCEPTED,reviewed_positive_semantic_fixture:tce_day_rate_explicit_reported_rate,,1.0,codex_transportation_semantic_fixture_review_v2,2026-07-29T00:00:00-05:00,,,
trprev_r58_388c5ec8cfddf1e4,transportation_priority_semantic_fixture_v1,1,transportation,ODFL,0001564590-22-006303,odfl-10k_20211231.htm,average_length_of_haul,TransportationDiscoveryAverageLengthOfHaul,8.8,0.000001,distance,,2021-12-31,REJECTED_POLICY,reviewed_prohibited_semantic_fixture:average_length_of_haul_bounds,,,codex_transportation_semantic_fixture_review_v2,2026-07-29T00:00:00-05:00,,,
trprev_r58_5a012b5ceed19150,transportation_priority_semantic_fixture_v1,1,transportation,OSG,0001144204-13-054436,v355544_10q.htm,fleet_capacity,TransportationDiscoveryFleetCapacity,3.5,0.000001,segment_native_capacity,,2013-06-30,REJECTED_POLICY,reviewed_prohibited_semantic_fixture:fleet_capacity_bounds,,,codex_transportation_semantic_fixture_review_v2,2026-07-29T00:00:00-05:00,,,
trprev_r59_e378d373ee022e1e,transportation_priority_semantic_fixture_v1,1,transportation,OSG,0000075208-00-000007,0000075208-00-000007-d1.html,revenue_days,TransportationDiscoveryRevenueDays,1999.0,0.000001,days,,1999-12-31,REJECTED_POLICY,reviewed_prohibited_semantic_fixture:revenue_days_year_as_value,,,codex_transportation_semantic_fixture_review_v2,2026-07-29T00:00:00-05:00,,,
trprev_r58_645aa7289d9d5c62,transportation_priority_semantic_fixture_v1,1,transportation,PANL,0001606909-18-000045,panl-3312018x10q.htm,revenue_days,TransportationDiscoveryRevenueDays,1500000.0,0.000001,days,,2018-03-31,REJECTED_POLICY,reviewed_prohibited_semantic_fixture:revenue_days_bounds,,,codex_transportation_semantic_fixture_review_v2,2026-07-29T00:00:00-05:00,,,
trprev_r58_5e89b9fc572c307e,transportation_priority_semantic_fixture_v1,1,transportation,PANL,0001606909-18-000062,panl-6302018x10q.htm,revenue_days,TransportationDiscoveryRevenueDays,690000.0,0.000001,days,,2018-06-30,REJECTED_POLICY,reviewed_prohibited_semantic_fixture:revenue_days_bounds,,,codex_transportation_semantic_fixture_review_v2,2026-07-29T00:00:00-05:00,,,
trprev_r58_b486f31c2368db05,transportation_priority_semantic_fixture_v1,1,transportation,PANL,0001606909-18-000072,panl-9302018x10q.htm,revenue_days,TransportationDiscoveryRevenueDays,289000.0,0.000001,days,,2018-09-30,REJECTED_POLICY,reviewed_prohibited_semantic_fixture:revenue_days_bounds,,,codex_transportation_semantic_fixture_review_v2,2026-07-29T00:00:00-05:00,,,
trprev_r58_9ec24563fae1f0c2,transportation_priority_semantic_fixture_v1,1,transportation,PANL,0001606909-25-000164,panl-20250930.htm,vessel_count,TransportationDiscoveryVesselCount,2025.0,0.000001,count,,2025-09-30,REJECTED_POLICY,reviewed_prohibited_semantic_fixture:vessel_count_bounds,,,codex_transportation_semantic_fixture_review_v2,2026-07-29T00:00:00-05:00,,,
trprev_r58_491b10e62ce9311c,transportation_priority_semantic_fixture_v1,1,transportation,PSHG,0000919574-18-002540,d7830129_20-f.htm,tce_day_rate,TransportationDiscoveryTceDayRate,5320.0,0.000001,USD_per_day,,2017-12-31,ACCEPTED,reviewed_positive_semantic_fixture:tce_day_rate_explicit_reported_rate,,1.0,codex_transportation_semantic_fixture_review_v2,2026-07-29T00:00:00-05:00,,,
trprev_r58_a79621fe1980898d,transportation_priority_semantic_fixture_v1,1,transportation,PSHG,0000919574-18-002540,d7830129_20-f.htm,tce_day_rate,TransportationDiscoveryTceDayRate,31.0,0.000001,USD_per_day,,2017-12-31,REJECTED_POLICY,reviewed_prohibited_semantic_fixture:tce_day_rate_bounds,,,codex_transportation_semantic_fixture_review_v2,2026-07-29T00:00:00-05:00,,,
trprev_r58_6007e1e5c420edbb,transportation_priority_semantic_fixture_v1,1,transportation,PSHG,0000919574-18-002540,d7830129_20-f.htm,vessel_count,TransportationDiscoveryVesselCount,57778.0,0.000001,count,,2017-12-31,REJECTED_POLICY,reviewed_prohibited_semantic_fixture:vessel_count_bounds,,,codex_transportation_semantic_fixture_review_v2,2026-07-29T00:00:00-05:00,,,
trprev_r58_253c50035c35cc61,transportation_priority_semantic_fixture_v1,1,transportation,PSHG,0000919574-19-002470,d8207765_20-f.htm,vessel_count,TransportationDiscoveryVesselCount,21816.0,0.000001,count,,2018-12-31,REJECTED_POLICY,reviewed_prohibited_semantic_fixture:vessel_count_bounds,,,codex_transportation_semantic_fixture_review_v2,2026-07-29T00:00:00-05:00,,,
trprev_r58_733667c2cf38b59d,transportation_priority_semantic_fixture_v1,1,transportation,PSHG,0000919574-20-002887,d8501928_20-f.htm,vessel_count,TransportationDiscoveryVesselCount,209211.0,0.000001,count,,2019-12-31,REJECTED_POLICY,reviewed_prohibited_semantic_fixture:vessel_count_bounds,,,codex_transportation_semantic_fixture_review_v2,2026-07-29T00:00:00-05:00,,,
trprev_r58_8cddcb1e34939108,transportation_priority_semantic_fixture_v1,1,transportation,RRTS,0001440024-14-000019,rrts-20140331x10q.htm,average_length_of_haul,TransportationDiscoveryAverageLengthOfHaul,0.4,0.000001,distance,,2014-03-31,REJECTED_POLICY,reviewed_prohibited_semantic_fixture:average_length_of_haul_bounds,,,codex_transportation_semantic_fixture_review_v2,2026-07-29T00:00:00-05:00,,,
trprev_r58_104c0a7bcee1be01,transportation_priority_semantic_fixture_v1,1,transportation,RRTS,0001440024-14-000030,rrts-20140630x10q.htm,average_length_of_haul,TransportationDiscoveryAverageLengthOfHaul,1.2,0.000001,distance,,2014-06-30,REJECTED_POLICY,reviewed_prohibited_semantic_fixture:average_length_of_haul_bounds,,,codex_transportation_semantic_fixture_review_v2,2026-07-29T00:00:00-05:00,,,
trprev_r58_3dddfbff7a529237,transportation_priority_semantic_fixture_v1,1,transportation,RRTS,0001440024-14-000030,rrts-20140630x10q.htm,average_length_of_haul,TransportationDiscoveryAverageLengthOfHaul,4.0,0.000001,distance,,2014-06-30,REJECTED_POLICY,reviewed_prohibited_semantic_fixture:average_length_of_haul_bounds,,,codex_transportation_semantic_fixture_review_v2,2026-07-29T00:00:00-05:00,,,
trprev_r58_1d04a05d5ff09a3a,transportation_priority_semantic_fixture_v1,1,transportation,SB,0000930413-18-000764,c90578_20f.htm,revenue_days,TransportationDiscoveryRevenueDays,97.54,0.000001,days,,2017-12-31,REJECTED_POLICY,reviewed_prohibited_semantic_fixture:revenue_days_bounds,,,codex_transportation_semantic_fixture_review_v2,2026-07-29T00:00:00-05:00,,,
trprev_r58_2555e6506b1bcf4c,transportation_priority_semantic_fixture_v1,1,transportation,SB,0000930413-18-000764,c90578_20f.htm,tce_day_rate,TransportationDiscoveryTceDayRate,31.0,0.000001,USD_per_day,,2017-12-31,REJECTED_POLICY,reviewed_prohibited_semantic_fixture:tce_day_rate_bounds,,,codex_transportation_semantic_fixture_review_v2,2026-07-29T00:00:00-05:00,,,
trprev_r58_c82311dff70ab06d,transportation_priority_semantic_fixture_v1,1,transportation,SBLK,0001140361-19-005312,form20f.htm,fleet_capacity,TransportationDiscoveryFleetCapacity,209537.0,0.000001,segment_native_capacity,,2018-12-31,REJECTED_POLICY,reviewed_prohibited_semantic_fixture:fleet_capacity_prohibited_range_or_orderbook,,,codex_transportation_semantic_fixture_review_v2,2026-07-29T00:00:00-05:00,,,
trprev_r58_7d32748bce9b61d2,transportation_priority_semantic_fixture_v1,1,transportation,SBLK,0001140361-20-007197,form20f.htm,fleet_capacity,TransportationDiscoveryFleetCapacity,209537.0,0.000001,segment_native_capacity,,2019-12-31,REJECTED_POLICY,reviewed_prohibited_semantic_fixture:fleet_capacity_prohibited_range_or_orderbook,,,codex_transportation_semantic_fixture_review_v2,2026-07-29T00:00:00-05:00,,,
trprev_r58_acb9d25914acede1,transportation_priority_semantic_fixture_v1,1,transportation,SBLK,0001140361-20-021987,sblk-20200630.htm,fleet_capacity,TransportationDiscoveryFleetCapacity,210000.0,0.000001,segment_native_capacity,,2020-06-30,REJECTED_POLICY,reviewed_prohibited_semantic_fixture:fleet_capacity_prohibited_range_or_orderbook,,,codex_transportation_semantic_fixture_review_v2,2026-07-29T00:00:00-05:00,,,
trprev_r58_cb3dc0b4531e0b57,transportation_priority_semantic_fixture_v1,1,transportation,SBLK,0001140361-18-014673,s002145x1_20f.htm,tce_day_rate,TransportationDiscoveryTceDayRate,31.0,0.000001,USD_per_day,,2017-12-31,REJECTED_POLICY,reviewed_prohibited_semantic_fixture:tce_day_rate_bounds,,,codex_transportation_semantic_fixture_review_v2,2026-07-29T00:00:00-05:00,,,
trprev_r58_d0cc549734fb0aad,transportation_priority_semantic_fixture_v1,1,transportation,SBLK,0001140361-18-014673,s002145x1_20f.htm,tce_day_rate,TransportationDiscoveryTceDayRate,2017.0,0.000001,USD_per_day,,2017-12-31,REJECTED_POLICY,reviewed_prohibited_semantic_fixture:tce_day_rate_year_as_value,,,codex_transportation_semantic_fixture_review_v2,2026-07-29T00:00:00-05:00,,,
trprev_r58_b3d19add907c16c3,transportation_priority_semantic_fixture_v1,1,transportation,SHIP,0000919574-18-002297,d7820483_20-f.htm,tce_day_rate,TransportationDiscoveryTceDayRate,2017000000000.0,0.000001,USD_per_day,,2017-12-31,REJECTED_POLICY,reviewed_prohibited_semantic_fixture:tce_day_rate_bounds,,,codex_transportation_semantic_fixture_review_v2,2026-07-29T00:00:00-05:00,,,
trprev_r58_2304d97d4b0f2375,transportation_priority_semantic_fixture_v1,1,transportation,SHIP,0000919574-18-007855,d8110391_6-k.htm,tce_day_rate,TransportationDiscoveryTceDayRate,30.0,0.000001,USD_per_day,,2018-09-30,REJECTED_POLICY,reviewed_prohibited_semantic_fixture:tce_day_rate_bounds,,,codex_transportation_semantic_fixture_review_v2,2026-07-29T00:00:00-05:00,,,
trprev_r58_20e2f97eaf0e602a,transportation_priority_semantic_fixture_v1,1,transportation,SNDR,0001692063-20-000140,sndr-20200630.htm,average_length_of_haul,TransportationDiscoveryAverageLengthOfHaul,6.0,0.000001,distance,,2020-06-30,REJECTED_POLICY,reviewed_prohibited_semantic_fixture:average_length_of_haul_bounds,,,codex_transportation_semantic_fixture_review_v2,2026-07-29T00:00:00-05:00,,,
trprev_r58_f4c5614679e344bf,transportation_priority_semantic_fixture_v1,1,transportation,SWFT,0000950153-04-000628,p68906e10vk.htm,average_length_of_haul,TransportationDiscoveryAverageLengthOfHaul,529.0,0.000001,distance,,2003-12-31,ACCEPTED,reviewed_positive_semantic_fixture:average_length_of_haul_explicit_distance,,1.0,codex_transportation_semantic_fixture_review_v2,2026-07-29T00:00:00-05:00,,,
trprev_r59_6e709d16b1839e3c,transportation_priority_semantic_fixture_v1,1,transportation,TFII,0001176256-20-000276,exhibit99-2.htm,average_length_of_haul,TransportationDiscoveryAverageLengthOfHaul,830.0,0.000001,distance,,2020-06-30,ACCEPTED,reviewed_positive_semantic_fixture:average_length_of_haul_explicit_distance,,1.0,codex_transportation_semantic_fixture_review_v2,2026-07-29T00:00:00-05:00,,,
trprev_r59_0abbd7a9ed0058df,transportation_priority_semantic_fixture_v1,1,transportation,TGP,0000945234-05-000613,o17412e6vk.htm,vessel_count,TransportationDiscoveryVesselCount,2005.0,0.000001,count,,2005-06-30,REJECTED_POLICY,reviewed_prohibited_semantic_fixture:vessel_count_bounds,,,codex_transportation_semantic_fixture_review_v2,2026-07-29T00:00:00-05:00,,,
trprev_r58_b4528ff64fc4d805,transportation_priority_semantic_fixture_v1,1,transportation,TOO,0001382298-08-000010,form20f.htm,vessel_count,TransportationDiscoveryVesselCount,2007.0,0.000001,count,,2007-12-31,REJECTED_POLICY,reviewed_prohibited_semantic_fixture:vessel_count_bounds,,,codex_transportation_semantic_fixture_review_v2,2026-07-29T00:00:00-05:00,,,
trprev_r58_a5976aeca74e1015,transportation_priority_semantic_fixture_v1,1,transportation,UAL,0001193125-18-054235,d471340d10k.htm,completion_factor,TransportationDiscoveryCompletionFactor,0.99,0.000001,ratio,,2017-12-31,ACCEPTED,reviewed_positive_semantic_fixture:completion_factor_explicit_single_value,,1.0,codex_transportation_semantic_fixture_review_v2,2026-07-29T00:00:00-05:00,,,
trprev_r58_3717e19b47334ec6,transportation_priority_semantic_fixture_v1,1,transportation,ULH,0001564590-18-021017,ulh-10q_20180630.htm,average_length_of_haul,TransportationDiscoveryAverageLengthOfHaul,6.9,0.000001,distance,,2018-06-30,REJECTED_POLICY,reviewed_prohibited_semantic_fixture:average_length_of_haul_bounds,,,codex_transportation_semantic_fixture_review_v2,2026-07-29T00:00:00-05:00,,,
trprev_r58_e716a27c04d3829b,transportation_priority_semantic_fixture_v1,1,transportation,ULH,0001564590-18-021017,ulh-10q_20180630.htm,average_length_of_haul,TransportationDiscoveryAverageLengthOfHaul,8.0,0.000001,distance,,2018-06-30,REJECTED_POLICY,reviewed_prohibited_semantic_fixture:average_length_of_haul_bounds,,,codex_transportation_semantic_fixture_review_v2,2026-07-29T00:00:00-05:00,,,
trprev_r58_8fee0f2cc034183e,transportation_priority_semantic_fixture_v1,1,transportation,ULH,0001564590-18-028521,ulh-10q_20180929.htm,average_length_of_haul,TransportationDiscoveryAverageLengthOfHaul,3.5,0.000001,distance,,2018-09-29,REJECTED_POLICY,reviewed_prohibited_semantic_fixture:average_length_of_haul_bounds,,,codex_transportation_semantic_fixture_review_v2,2026-07-29T00:00:00-05:00,,,
trprev_r58_e470b996b435cac3,transportation_priority_semantic_fixture_v1,1,transportation,USEA,0001140361-25-013255,ef20039046_20f.htm,revenue_days,TransportationDiscoveryRevenueDays,2024.0,0.000001,days,,2024-12-31,REJECTED_POLICY,reviewed_prohibited_semantic_fixture:revenue_days_year_as_value,,,codex_transportation_semantic_fixture_review_v2,2026-07-29T00:00:00-05:00,,,
trprev_r58_ef44d19b9d21b674,transportation_priority_semantic_fixture_v1,1,transportation,USEA,0001140361-24-017280,ef20015313_20f.htm,tce_day_rate,TransportationDiscoveryTceDayRate,2023.0,0.000001,USD_per_day,,2023-12-31,REJECTED_POLICY,reviewed_prohibited_semantic_fixture:tce_day_rate_year_as_value,,,codex_transportation_semantic_fixture_review_v2,2026-07-29T00:00:00-05:00,,,
trprev_r58_637753f68c494ef5,transportation_priority_semantic_fixture_v1,1,transportation,USEA,0001140361-25-013255,ef20039046_20f.htm,tce_day_rate,TransportationDiscoveryTceDayRate,2024.0,0.000001,USD_per_day,,2024-12-31,REJECTED_POLICY,reviewed_prohibited_semantic_fixture:tce_day_rate_year_as_value,,,codex_transportation_semantic_fixture_review_v2,2026-07-29T00:00:00-05:00,,,
trprev_r58_6639f9293ebdb067,transportation_priority_semantic_fixture_v1,1,transportation,USX,0000923571-06-000008,form10_k.htm,average_length_of_haul,TransportationDiscoveryAverageLengthOfHaul,679.0,0.000001,distance,,2005-12-31,ACCEPTED,reviewed_positive_semantic_fixture:average_length_of_haul_explicit_distance,,1.0,codex_transportation_semantic_fixture_review_v2,2026-07-29T00:00:00-05:00,,,
trprev_r58_dd59accb81881c9a,transportation_priority_semantic_fixture_v1,1,transportation,ZIM,0001104659-21-039375,tm217869d3_20f.htm,fleet_capacity,TransportationDiscoveryFleetCapacity,98.9,0.000001,segment_native_capacity,,2020-12-31,REJECTED_POLICY,reviewed_prohibited_semantic_fixture:fleet_capacity_bounds,,,codex_transportation_semantic_fixture_review_v2,2026-07-29T00:00:00-05:00,,,
trprev_r58_388b61f96391c312,transportation_priority_semantic_fixture_v1,1,transportation,ZIM,0001178913-23-000936,zk2329334.htm,fleet_capacity,TransportationDiscoveryFleetCapacity,94.0,0.000001,segment_native_capacity,,2022-12-31,REJECTED_POLICY,reviewed_prohibited_semantic_fixture:fleet_capacity_bounds,,,codex_transportation_semantic_fixture_review_v2,2026-07-29T00:00:00-05:00,,,
trprev_r58_4a1593f23c59d2d5,transportation_accepted_conflict_resolution_v1,1,transportation,ALK,0000766421-24-000012,alk-20231231.htm,passenger_load_factor,TransportationDiscoveryPassengerLoadFactor,0.838,0.000001,ratio,,2023-12-31,SUPPRESSED_SEMANTIC_DUPLICATE,accepted_conflict_resolution:regional_operating_statistic_suppressed_in_favor_of_explicit_consolidated_operating_statistic,,,codex_transportation_accepted_conflict_review_v1,2026-07-29T18:00:00-05:00,,,
trprev_r58_3d93934460b52813,transportation_candidate_unlock_v1,1,transportation,ALK,0000766421-24-000031,alk-20240331.htm,passenger_load_factor,TransportationDiscoveryPassengerLoadFactor,0.8140000000000001,0.000001,ratio,,2024-03-31,ACCEPTED,reviewed_positive_semantic_fixture:passenger_load_factor_explicit_period_level,,1.0,codex_transportation_candidate_unlock_review_v1,2026-07-29T00:00:00-05:00,,,
trprev_r58_9ed2b3892c8eb46f,transportation_candidate_unlock_v1,1,transportation,ALK,0000766421-24-000045,alk-20240630.htm,passenger_load_factor,TransportationDiscoveryPassengerLoadFactor,0.841,0.000001,ratio,,2024-06-30,ACCEPTED,reviewed_positive_semantic_fixture:passenger_load_factor_explicit_period_level,,1.0,codex_transportation_candidate_unlock_review_v1,2026-07-29T00:00:00-05:00,,,
trprev_r58_ff47033e7aad3ff3,transportation_candidate_unlock_v1,1,transportation,ALK,0000766421-24-000082,alk-20240930.htm,passenger_load_factor,TransportationDiscoveryPassengerLoadFactor,0.855,0.000001,ratio,,2024-09-30,ACCEPTED,reviewed_positive_semantic_fixture:passenger_load_factor_explicit_period_level,,1.0,codex_transportation_candidate_unlock_review_v1,2026-07-29T00:00:00-05:00,,,
trprev_r58_aaf148ebdd6ba7a8,transportation_candidate_unlock_v1,1,transportation,ALK,0000766421-25-000009,alk-20241231.htm,passenger_load_factor,TransportationDiscoveryPassengerLoadFactor,0.8390000000000001,0.000001,ratio,,2024-12-31,ACCEPTED,reviewed_positive_semantic_fixture:passenger_load_factor_explicit_period_level,,1.0,codex_transportation_candidate_unlock_review_v1,2026-07-29T00:00:00-05:00,,,
trprev_r58_3aeadaf5e574b37b,transportation_candidate_unlock_v1,1,transportation,ALK,0000766421-26-000021,alk-20260331.htm,passenger_load_factor,TransportationDiscoveryPassengerLoadFactor,0.802,0.000001,ratio,,2026-03-31,ACCEPTED,reviewed_positive_semantic_fixture:passenger_load_factor_explicit_period_level,,1.0,codex_transportation_candidate_unlock_review_v1,2026-07-29T00:00:00-05:00,,,
trprev_r58_e5723d7864c08e73,transportation_candidate_unlock_v1,1,transportation,CMRE,0001140361-22-011397,brhc10035517_20f.htm,fleet_utilization,TransportationDiscoveryFleetUtilization,0.995,0.000001,ratio,,2021-12-31,ACCEPTED,reviewed_positive_semantic_fixture:fleet_utilization_explicit_period_level,,1.0,codex_transportation_candidate_unlock_review_v1,2026-07-29T00:00:00-05:00,,,
trprev_r58_aff0807c09f2ea7e,transportation_candidate_unlock_v1,1,transportation,CMRE,0001140361-23-015560,cmre-20221231.htm,fleet_utilization,TransportationDiscoveryFleetUtilization,0.996,0.000001,ratio,,2022-12-31,ACCEPTED,reviewed_positive_semantic_fixture:fleet_utilization_explicit_period_level,,1.0,codex_transportation_candidate_unlock_review_v1,2026-07-29T00:00:00-05:00,,,
trprev_r58_e77e04442b9ecf4a,transportation_candidate_unlock_v1,1,transportation,CMRE,0001140361-24-016465,ef20024929_20f.htm,fleet_utilization,TransportationDiscoveryFleetUtilization,0.9940000000000001,0.000001,ratio,,2023-12-31,ACCEPTED,reviewed_positive_semantic_fixture:fleet_utilization_explicit_period_level,,1.0,codex_transportation_candidate_unlock_review_v1,2026-07-29T00:00:00-05:00,,,
trprev_r58_059e5acf03f62555,transportation_candidate_unlock_v1,1,transportation,CMRE,0001140361-25-005199,form20f.htm,fleet_utilization,TransportationDiscoveryFleetUtilization,0.993,0.000001,ratio,,2024-12-31,ACCEPTED,reviewed_positive_semantic_fixture:fleet_utilization_explicit_period_level,,1.0,codex_transportation_candidate_unlock_review_v1,2026-07-29T00:00:00-05:00,,,
trprev_r58_f014a0cf5cd6b1d2,transportation_candidate_unlock_v1,1,transportation,DAC,0001104659-26-021574,dac-20251231x20f.htm,fleet_utilization,TransportationDiscoveryFleetUtilization,0.98,0.000001,ratio,,2025-12-31,ACCEPTED,reviewed_positive_semantic_fixture:fleet_utilization_explicit_period_level,,1.0,codex_transportation_candidate_unlock_review_v1,2026-07-29T00:00:00-05:00,,,
trprev_r58_e9e1edfd1dc03369,transportation_candidate_unlock_v1,1,transportation,DAL,0000027904-18-000013,dal331201810q.htm,passenger_load_factor,TransportationDiscoveryPassengerLoadFactor,0.8290000000000001,0.000001,ratio,,2018-03-31,ACCEPTED,reviewed_positive_semantic_fixture:passenger_load_factor_explicit_period_level,,1.0,codex_transportation_candidate_unlock_review_v1,2026-07-29T00:00:00-05:00,,,
trprev_r58_1a5c8365b5315ab4,transportation_candidate_unlock_v1,1,transportation,DAL,0000027904-18-000016,dal630201810q.htm,passenger_load_factor,TransportationDiscoveryPassengerLoadFactor,0.867,0.000001,ratio,,2018-06-30,ACCEPTED,reviewed_positive_semantic_fixture:passenger_load_factor_explicit_period_level,,1.0,codex_transportation_candidate_unlock_review_v1,2026-07-29T00:00:00-05:00,,,
trprev_r58_d7b414217002a8be,transportation_candidate_unlock_v1,1,transportation,DAL,0000027904-18-000020,dal930201810q.htm,passenger_load_factor,TransportationDiscoveryPassengerLoadFactor,0.8690000000000001,0.000001,ratio,,2018-09-30,ACCEPTED,reviewed_positive_semantic_fixture:passenger_load_factor_explicit_period_level,,1.0,codex_transportation_candidate_unlock_review_v1,2026-07-29T00:00:00-05:00,,,
trprev_r58_c6f38fdb8457339a,transportation_candidate_unlock_v1,1,transportation,DAL,0000027904-19-000003,dal1231201810k.htm,passenger_load_factor,TransportationDiscoveryPassengerLoadFactor,0.855,0.000001,ratio,,2018-12-31,ACCEPTED,reviewed_positive_semantic_fixture:passenger_load_factor_explicit_period_level,,1.0,codex_transportation_candidate_unlock_review_v1,2026-07-29T00:00:00-05:00,,,
trprev_r58_032e44e48ab7a889,transportation_candidate_unlock_v1,1,transportation,DSX,0000919574-18-002512,d7830345_20-f.htm,fleet_utilization,TransportationDiscoveryFleetUtilization,0.982,0.000001,ratio,,2017-12-31,ACCEPTED,reviewed_positive_semantic_fixture:fleet_utilization_explicit_period_level,,1.0,codex_transportation_candidate_unlock_review_v1,2026-07-29T00:00:00-05:00,,,
trprev_r58_87eb92b3cccbabf2,transportation_candidate_unlock_v1,1,transportation,DSX,0000919574-19-002305,d8208853_20-f.htm,fleet_utilization,TransportationDiscoveryFleetUtilization,0.991,0.000001,ratio,,2018-12-31,ACCEPTED,reviewed_positive_semantic_fixture:fleet_utilization_explicit_period_level,,1.0,codex_transportation_candidate_unlock_review_v1,2026-07-29T00:00:00-05:00,,,
trprev_r58_853296b07a5e5614,transportation_candidate_unlock_v1,1,transportation,DSX,0000919574-20-002636,d8502667_20-f.htm,fleet_utilization,TransportationDiscoveryFleetUtilization,0.986,0.000001,ratio,,2019-12-31,ACCEPTED,reviewed_positive_semantic_fixture:fleet_utilization_explicit_period_level,,1.0,codex_transportation_candidate_unlock_review_v1,2026-07-29T00:00:00-05:00,,,
trprev_r58_47fa6cf03aab7efb,transportation_candidate_unlock_v1,1,transportation,DSX,0000919574-21-002400,dsx-20201231.htm,fleet_utilization,TransportationDiscoveryFleetUtilization,0.9790000000000001,0.000001,ratio,,2020-12-31,ACCEPTED,reviewed_positive_semantic_fixture:fleet_utilization_explicit_period_level,,1.0,codex_transportation_candidate_unlock_review_v1,2026-07-29T00:00:00-05:00,,,
trprev_r58_417302daf3cf0f98,transportation_candidate_unlock_v1,1,transportation,EHLD,0001477932-25-004234,ehld_20fa.htm,fleet_utilization,TransportationDiscoveryFleetUtilization,0.972,0.000001,ratio,,2024-12-31,ACCEPTED,reviewed_positive_semantic_fixture:fleet_utilization_respectively_current_value_override,,1.0,codex_transportation_candidate_unlock_review_v1,2026-07-29T00:00:00-05:00,,,0.993
trprev_r58_5ec07c791c2555d2,transportation_candidate_unlock_v1,1,transportation,EHLD,0000919574-25-003266,d11801593_20-f.htm,fleet_utilization,TransportationDiscoveryFleetUtilization,0.972,0.000001,ratio,,2024-12-31,ACCEPTED,reviewed_positive_semantic_fixture:fleet_utilization_respectively_current_value_override,,1.0,codex_transportation_candidate_unlock_review_v1,2026-07-29T00:00:00-05:00,,,0.993
trprev_r58_6477ef7e3fc2a21c,transportation_candidate_unlock_v1,1,transportation,ESEA,0000919574-19-003020,d8122244_20-f.htm,fleet_utilization,TransportationDiscoveryFleetUtilization,0.976,0.000001,ratio,,2018-12-31,ACCEPTED,reviewed_positive_semantic_fixture:fleet_utilization_respectively_current_value_override,,1.0,codex_transportation_candidate_unlock_review_v1,2026-07-29T00:00:00-05:00,,,0.927
trprev_r58_bd774982dbde5d44,transportation_candidate_unlock_v1,1,transportation,ESEA,0000919574-20-003093,d8498133_20-f.htm,fleet_utilization,TransportationDiscoveryFleetUtilization,0.93,0.000001,ratio,,2019-12-31,ACCEPTED,reviewed_positive_semantic_fixture:fleet_utilization_respectively_current_value_override,,1.0,codex_transportation_candidate_unlock_review_v1,2026-07-29T00:00:00-05:00,,,0.991
trprev_r58_0c2cc5d8bee97d42,transportation_candidate_unlock_v1,1,transportation,ESEA,0000919574-21-003130,d8846041_20-f.htm,fleet_utilization,TransportationDiscoveryFleetUtilization,0.927,0.000001,ratio,,2020-12-31,ACCEPTED,reviewed_positive_semantic_fixture:fleet_utilization_respectively_current_value_override,,1.0,codex_transportation_candidate_unlock_review_v1,2026-07-29T00:00:00-05:00,,,0.955
trprev_r58_0b5cd587c32ef7c9,transportation_candidate_unlock_v1,1,transportation,ESEA,0001171843-22-002726,esea20211231_20f.htm,fleet_utilization,TransportationDiscoveryFleetUtilization,0.991,0.000001,ratio,,2021-12-31,ACCEPTED,reviewed_positive_semantic_fixture:fleet_utilization_respectively_current_value_override,,1.0,codex_transportation_candidate_unlock_review_v1,2026-07-29T00:00:00-05:00,,,0.985
trprev_r58_56fb051955ee67ab,transportation_candidate_unlock_v1,1,transportation,ESEA,0001171843-23-002671,esea20221231_20f.htm,fleet_utilization,TransportationDiscoveryFleetUtilization,0.955,0.000001,ratio,,2022-12-31,ACCEPTED,reviewed_positive_semantic_fixture:fleet_utilization_respectively_current_value_override,,1.0,codex_transportation_candidate_unlock_review_v1,2026-07-29T00:00:00-05:00,,,0.983
trprev_r58_dd267332da9d85c2,transportation_candidate_unlock_v1,1,transportation,ESEA,0001171843-24-002343,esea20231231_20f.htm,fleet_utilization,TransportationDiscoveryFleetUtilization,0.985,0.000001,ratio,,2023-12-31,ACCEPTED,reviewed_positive_semantic_fixture:fleet_utilization_respectively_current_value_override,,1.0,codex_transportation_candidate_unlock_review_v1,2026-07-29T00:00:00-05:00,,,0.986
trprev_r58_eb239d8b59ac978f,transportation_candidate_unlock_v1,1,transportation,ESEA,0001171843-25-003243,esea20241231_20f.htm,fleet_utilization,TransportationDiscoveryFleetUtilization,0.983,0.000001,ratio,,2024-12-31,ACCEPTED,reviewed_positive_semantic_fixture:fleet_utilization_respectively_current_value_override,,1.0,codex_transportation_candidate_unlock_review_v1,2026-07-29T00:00:00-05:00,,,0.997
trprev_r58_247a5eaaab3ab841,transportation_candidate_unlock_v1,1,transportation,ESEA,0001171843-26-002807,esea20251231_20f.htm,fleet_utilization,TransportationDiscoveryFleetUtilization,0.986,0.000001,ratio,,2025-12-31,ACCEPTED,reviewed_positive_semantic_fixture:fleet_utilization_respectively_current_value_override,,1.0,codex_transportation_candidate_unlock_review_v1,2026-07-29T00:00:00-05:00,,,0.997
trprev_r65_48b22ac26ed92a43,transportation_candidate_unlock_v1,1,transportation,GASS,NONSEC-GASS-4fdbbe393bf4c63aa82ab273,4fdbbe393bf4c63aa82ab273d5ec3ee4c5aacd08011ed51e9487ccefc2f4195a.html,fleet_utilization,TransportationDiscoveryFleetUtilization,0.985,0.000001,ratio,,2020-12-31,ACCEPTED,reviewed_positive_semantic_fixture:fleet_utilization_explicit_period_level,,1.0,codex_transportation_candidate_unlock_review_v1,2026-07-29T00:00:00-05:00,,,
trprev_r58_22ef079729ffea96,transportation_candidate_unlock_v1,1,transportation,GLBS,0001104659-25-023948,glbs-20241231.htm,fleet_utilization,TransportationDiscoveryFleetUtilization,0.9940000000000001,0.000001,ratio,,2024-12-31,ACCEPTED,reviewed_positive_semantic_fixture:fleet_utilization_explicit_period_level,,1.0,codex_transportation_candidate_unlock_review_v1,2026-07-29T00:00:00-05:00,,,
trprev_r58_79fd064cf6da0803,transportation_candidate_unlock_v1,1,transportation,GLBS,0001104659-26-028476,glbs-20251231.htm,fleet_utilization,TransportationDiscoveryFleetUtilization,0.997,0.000001,ratio,,2025-12-31,ACCEPTED,reviewed_positive_semantic_fixture:fleet_utilization_explicit_period_level,,1.0,codex_transportation_candidate_unlock_review_v1,2026-07-29T00:00:00-05:00,,,
trprev_r58_1a6c907ef32376e6,transportation_candidate_unlock_v1,1,transportation,LTM,0001213900-21-014439,f20f2020_latamairlinesgroup.htm,passenger_load_factor,TransportationDiscoveryPassengerLoadFactor,0.302,0.000001,ratio,,2020-12-31,ACCEPTED,reviewed_positive_semantic_fixture:passenger_load_factor_explicit_period_level,,1.0,codex_transportation_candidate_unlock_review_v1,2026-07-29T00:00:00-05:00,,,
trprev_r59_40cad8cad1db79d4,transportation_candidate_unlock_v1,1,transportation,LTM,0001628280-24-045759,results-eng3q2024.htm,passenger_load_factor,TransportationDiscoveryPassengerLoadFactor,0.8490000000000001,0.000001,ratio,,2024-09-30,ACCEPTED,reviewed_positive_semantic_fixture:passenger_load_factor_explicit_period_level,,1.0,codex_transportation_candidate_unlock_review_v1,2026-07-29T00:00:00-05:00,,,
trprev_r58_28bd75480778d26e,transportation_candidate_unlock_v1,1,transportation,LUV,0000092380-18-000031,luv-12312017x10k.htm,passenger_load_factor,TransportationDiscoveryPassengerLoadFactor,0.84,0.000001,ratio,,2017-12-31,ACCEPTED,reviewed_positive_semantic_fixture:passenger_load_factor_explicit_period_level,,1.0,codex_transportation_candidate_unlock_review_v1,2026-07-29T00:00:00-05:00,,,
trprev_r58_bfc16bd04b41d6c5,transportation_candidate_unlock_v1,1,transportation,LUV,0000092380-18-000110,luv-6302018x10q.htm,passenger_load_factor,TransportationDiscoveryPassengerLoadFactor,0.847,0.000001,ratio,,2018-06-30,ACCEPTED,reviewed_positive_semantic_fixture:passenger_load_factor_explicit_period_level,,1.0,codex_transportation_candidate_unlock_review_v1,2026-07-29T00:00:00-05:00,,,
trprev_r58_5c15d6bc3606b3dd,transportation_candidate_unlock_v1,1,transportation,LUV,0000092380-19-000049,luv-3312019x10q.htm,passenger_load_factor,TransportationDiscoveryPassengerLoadFactor,0.81,0.000001,ratio,,2019-03-31,ACCEPTED,reviewed_positive_semantic_fixture:passenger_load_factor_explicit_period_level,,1.0,codex_transportation_candidate_unlock_review_v1,2026-07-29T00:00:00-05:00,,,
trprev_r58_c015e32147201120,transportation_candidate_unlock_v1,1,transportation,LUV,0000092380-22-000020,luv-20220331.htm,passenger_load_factor,TransportationDiscoveryPassengerLoadFactor,0.85,0.000001,ratio,,2022-03-31,ACCEPTED,reviewed_positive_semantic_fixture:passenger_load_factor_explicit_period_level,,1.0,codex_transportation_candidate_unlock_review_v1,2026-07-29T00:00:00-05:00,,,
trprev_r58_682e4eb237b05781,transportation_candidate_unlock_v1,1,transportation,PSHG,0000919574-18-002540,d7830129_20-f.htm,fleet_utilization,TransportationDiscoveryFleetUtilization,0.759,0.000001,ratio,,2017-12-31,ACCEPTED,reviewed_positive_semantic_fixture:fleet_utilization_explicit_period_level,,1.0,codex_transportation_candidate_unlock_review_v1,2026-07-29T00:00:00-05:00,,,
trprev_r58_f90f81ea9e114813,transportation_candidate_unlock_v1,1,transportation,PSHG,0000919574-19-002470,d8207765_20-f.htm,fleet_utilization,TransportationDiscoveryFleetUtilization,0.953,0.000001,ratio,,2018-12-31,ACCEPTED,reviewed_positive_semantic_fixture:fleet_utilization_explicit_period_level,,1.0,codex_transportation_candidate_unlock_review_v1,2026-07-29T00:00:00-05:00,,,
trprev_r58_5f3e3673466bc988,transportation_candidate_unlock_v1,1,transportation,PSHG,0000919574-20-002887,d8501928_20-f.htm,fleet_utilization,TransportationDiscoveryFleetUtilization,0.924,0.000001,ratio,,2019-12-31,ACCEPTED,reviewed_positive_semantic_fixture:fleet_utilization_explicit_period_level,,1.0,codex_transportation_candidate_unlock_review_v1,2026-07-29T00:00:00-05:00,,,
trprev_r58_b2dd0373879cd12f,transportation_candidate_unlock_v1,1,transportation,PSHG,0001140361-22-009191,brhc10035036_20f.htm,fleet_utilization,TransportationDiscoveryFleetUtilization,0.855,0.000001,ratio,,2021-12-31,ACCEPTED,reviewed_positive_semantic_fixture:fleet_utilization_explicit_period_level,,1.0,codex_transportation_candidate_unlock_review_v1,2026-07-29T00:00:00-05:00,,,
trprev_r58_76a264d83c088cc1,transportation_candidate_unlock_v1,1,transportation,PSHG,0001140361-23-021095,brhc20051981_20f.htm,fleet_utilization,TransportationDiscoveryFleetUtilization,0.968,0.000001,ratio,,2022-12-31,ACCEPTED,reviewed_positive_semantic_fixture:fleet_utilization_explicit_period_level,,1.0,codex_transportation_candidate_unlock_review_v1,2026-07-29T00:00:00-05:00,,,
trprev_r58_f7c69ef453efb8ff,transportation_candidate_unlock_v1,1,transportation,PSHG,0001140361-24-015921,ef20015302_20f.htm,fleet_utilization,TransportationDiscoveryFleetUtilization,0.987,0.000001,ratio,,2023-12-31,ACCEPTED,reviewed_positive_semantic_fixture:fleet_utilization_explicit_period_level,,1.0,codex_transportation_candidate_unlock_review_v1,2026-07-29T00:00:00-05:00,,,
trprev_r58_a4ce1fd798b78885,transportation_candidate_unlock_v1,1,transportation,PSHG,0001140361-25-014093,ef20039025_20f.htm,fleet_utilization,TransportationDiscoveryFleetUtilization,0.992,0.000001,ratio,,2024-12-31,ACCEPTED,reviewed_positive_semantic_fixture:fleet_utilization_explicit_period_level,,1.0,codex_transportation_candidate_unlock_review_v1,2026-07-29T00:00:00-05:00,,,
trprev_r58_5b66d6345096e328,transportation_candidate_unlock_v1,1,transportation,PSHG,0001140361-26-017155,ef20060647_20f.htm,fleet_utilization,TransportationDiscoveryFleetUtilization,0.986,0.000001,ratio,,2025-12-31,ACCEPTED,reviewed_positive_semantic_fixture:fleet_utilization_explicit_period_level,,1.0,codex_transportation_candidate_unlock_review_v1,2026-07-29T00:00:00-05:00,,,
trprev_r58_00402e1248a1edc9,transportation_accepted_conflict_resolution_v1,1,transportation,UAL,0001193125-18-054235,d471340d10k.htm,passenger_load_factor,TransportationDiscoveryPassengerLoadFactor,0.825,0.000001,ratio,,2017-12-31,SUPPRESSED_SEMANTIC_DUPLICATE,accepted_conflict_resolution:unlabeled_operating_statistic_suppressed_in_favor_of_explicit_consolidated_operating_statistic,,,codex_transportation_accepted_conflict_review_v1,2026-07-29T18:00:00-05:00,,,
trprev_r58_cd3c96864a07433b,transportation_candidate_unlock_v1,1,transportation,UAL,0000100517-21-000016,ual-20201231.htm,passenger_load_factor,TransportationDiscoveryPassengerLoadFactor,0.602,0.000001,ratio,,2020-12-31,ACCEPTED,reviewed_positive_semantic_fixture:passenger_load_factor_explicit_period_level,,1.0,codex_transportation_candidate_unlock_review_v1,2026-07-29T00:00:00-05:00,,,
trprev_r58_c68ff69fca71ecec,transportation_candidate_unlock_v1,1,transportation,ULCC,0001670076-24-000021,fron-20231231.htm,capacity_growth,TransportationDiscoveryCapacityGrowth,0.19,0.000001,ratio,,2023-12-31,ACCEPTED,reviewed_positive_semantic_fixture:capacity_growth_explicit_period_change,,1.0,codex_transportation_candidate_unlock_review_v1,2026-07-29T00:00:00-05:00,,,
trprev_r58_b199524a997696a8,transportation_candidate_unlock_v1,1,transportation,ULCC,0001670076-21-000019,fron-20210630.htm,passenger_load_factor,TransportationDiscoveryPassengerLoadFactor,0.76,0.000001,ratio,,2021-06-30,ACCEPTED,reviewed_positive_semantic_fixture:passenger_load_factor_explicit_period_level,,1.0,codex_transportation_candidate_unlock_review_v1,2026-07-29T00:00:00-05:00,,,
trprev_r58_41c4e7a1e8e368fe,transportation_candidate_unlock_v1,1,transportation,ULCC,0001670076-21-000033,fron-20210930.htm,passenger_load_factor,TransportationDiscoveryPassengerLoadFactor,0.765,0.000001,ratio,,2021-09-30,ACCEPTED,reviewed_positive_semantic_fixture:passenger_load_factor_explicit_period_level,,1.0,codex_transportation_candidate_unlock_review_v1,2026-07-29T00:00:00-05:00,,,
trprev_r58_2fee7d9bd5e04310,transportation_candidate_unlock_v1,1,transportation,ULCC,0001670076-22-000016,fron-20211231.htm,passenger_load_factor,TransportationDiscoveryPassengerLoadFactor,0.759,0.000001,ratio,,2021-12-31,ACCEPTED,reviewed_positive_semantic_fixture:passenger_load_factor_explicit_period_level,,1.0,codex_transportation_candidate_unlock_review_v1,2026-07-29T00:00:00-05:00,,,
trprev_r58_0d7c6ed63ab082bb,transportation_candidate_unlock_v1,1,transportation,ULCC,0001670076-22-000033,fron-20220331.htm,passenger_load_factor,TransportationDiscoveryPassengerLoadFactor,0.742,0.000001,ratio,,2022-03-31,ACCEPTED,reviewed_positive_semantic_fixture:passenger_load_factor_explicit_period_level,,1.0,codex_transportation_candidate_unlock_review_v1,2026-07-29T00:00:00-05:00,,,
trprev_r58_070fe0d7b31f7ea3,transportation_candidate_unlock_v1,1,transportation,ULCC,0001670076-22-000046,fron-20220630.htm,passenger_load_factor,TransportationDiscoveryPassengerLoadFactor,0.792,0.000001,ratio,,2022-06-30,ACCEPTED,reviewed_positive_semantic_fixture:passenger_load_factor_explicit_period_level,,1.0,codex_transportation_candidate_unlock_review_v1,2026-07-29T00:00:00-05:00,,,
trprev_r58_6aff57dd6925a3b2,transportation_candidate_unlock_v1,1,transportation,ULCC,0001670076-22-000059,fron-20220930.htm,passenger_load_factor,TransportationDiscoveryPassengerLoadFactor,0.804,0.000001,ratio,,2022-09-30,ACCEPTED,reviewed_positive_semantic_fixture:passenger_load_factor_explicit_period_level,,1.0,codex_transportation_candidate_unlock_review_v1,2026-07-29T00:00:00-05:00,,,
trprev_r58_e2d1776249410afb,transportation_candidate_unlock_v1,1,transportation,ULCC,0001670076-23-000053,fron-20230331.htm,passenger_load_factor,TransportationDiscoveryPassengerLoadFactor,0.828,0.000001,ratio,,2023-03-31,ACCEPTED,reviewed_positive_semantic_fixture:passenger_load_factor_explicit_period_level,,1.0,codex_transportation_candidate_unlock_review_v1,2026-07-29T00:00:00-05:00,,,
trprev_r58_b3f0fd6210c5825d,transportation_candidate_unlock_v1,1,transportation,ULCC,0001670076-23-000071,fron-20230630.htm,passenger_load_factor,TransportationDiscoveryPassengerLoadFactor,0.841,0.000001,ratio,,2023-06-30,ACCEPTED,reviewed_positive_semantic_fixture:passenger_load_factor_explicit_period_level,,1.0,codex_transportation_candidate_unlock_review_v1,2026-07-29T00:00:00-05:00,,,
trprev_r58_0cf242ab2debbbb7,transportation_candidate_unlock_v1,1,transportation,ULCC,0001670076-23-000086,fron-20230930.htm,passenger_load_factor,TransportationDiscoveryPassengerLoadFactor,0.826,0.000001,ratio,,2023-09-30,ACCEPTED,reviewed_positive_semantic_fixture:passenger_load_factor_explicit_period_level,,1.0,codex_transportation_candidate_unlock_review_v1,2026-07-29T00:00:00-05:00,,,
trprev_r58_371490b39b44a8d3,transportation_candidate_unlock_v1,1,transportation,ULCC,0001670076-24-000079,fron-20240331.htm,passenger_load_factor,TransportationDiscoveryPassengerLoadFactor,0.727,0.000001,ratio,,2024-03-31,ACCEPTED,reviewed_positive_semantic_fixture:passenger_load_factor_explicit_period_level,,1.0,codex_transportation_candidate_unlock_review_v1,2026-07-29T00:00:00-05:00,,,
trprev_r58_e0fba4a81ce39c3a,transportation_candidate_unlock_v1,1,transportation,ULCC,0001670076-24-000123,fron-20240630.htm,passenger_load_factor,TransportationDiscoveryPassengerLoadFactor,0.755,0.000001,ratio,,2024-06-30,ACCEPTED,reviewed_positive_semantic_fixture:passenger_load_factor_explicit_period_level,,1.0,codex_transportation_candidate_unlock_review_v1,2026-07-29T00:00:00-05:00,,,
trprev_r58_96e3a42269e522e3,transportation_candidate_unlock_v1,1,transportation,ULCC,0001670076-24-000155,fron-20240930.htm,passenger_load_factor,TransportationDiscoveryPassengerLoadFactor,0.764,0.000001,ratio,,2024-09-30,ACCEPTED,reviewed_positive_semantic_fixture:passenger_load_factor_explicit_period_level,,1.0,codex_transportation_candidate_unlock_review_v1,2026-07-29T00:00:00-05:00,,,
trprev_r58_d4b8caeb8e7832ba,transportation_candidate_unlock_v1,1,transportation,ULCC,0001670076-25-000111,fron-20250331.htm,passenger_load_factor,TransportationDiscoveryPassengerLoadFactor,0.7490000000000001,0.000001,ratio,,2025-03-31,ACCEPTED,reviewed_positive_semantic_fixture:passenger_load_factor_explicit_period_level,,1.0,codex_transportation_candidate_unlock_review_v1,2026-07-29T00:00:00-05:00,,,
trprev_r58_1430f234533a3a2c,transportation_candidate_unlock_v1,1,transportation,ULCC,0001670076-25-000152,fron-20250630.htm,passenger_load_factor,TransportationDiscoveryPassengerLoadFactor,0.772,0.000001,ratio,,2025-06-30,ACCEPTED,reviewed_positive_semantic_fixture:passenger_load_factor_explicit_period_level,,1.0,codex_transportation_candidate_unlock_review_v1,2026-07-29T00:00:00-05:00,,,
trprev_r58_e192516ca6d5f00c,transportation_candidate_unlock_v1,1,transportation,ULCC,0001670076-25-000155,fron-20250930.htm,passenger_load_factor,TransportationDiscoveryPassengerLoadFactor,0.7829999999999999,0.000001,ratio,,2025-09-30,ACCEPTED,reviewed_positive_semantic_fixture:passenger_load_factor_explicit_period_level,,1.0,codex_transportation_candidate_unlock_review_v1,2026-07-29T00:00:00-05:00,,,
trprev_r58_f65326fc3f3987a5,transportation_candidate_unlock_v1,1,transportation,ULCC,0001670076-26-000051,fron-20260331.htm,passenger_load_factor,TransportationDiscoveryPassengerLoadFactor,0.784,0.000001,ratio,,2026-03-31,ACCEPTED,reviewed_positive_semantic_fixture:passenger_load_factor_explicit_period_level,,1.0,codex_transportation_candidate_unlock_review_v1,2026-07-29T00:00:00-05:00,,,
