scope_version,registry_version,policy_version,input_contract_hash,ticker,universe_role,calibration_cohort,industry,primary_archetype,applicability_tags,development_overlay,support_metric_id,consumer_metric_ids,metric_pack,source_lane,applicability_status,applicability_reason,unit_contract,period_type,max_staleness_days,bounds_policy,discovery_status
transportation_dedicated_parser_support_scope_v1,transportation_parser_support_v1,transportation_operating_archetypes_v1,804eeba846c75abc321df0821fe82a05e7bee9719cecff45798be0c82176ab7c,AAI,delisted_usable,air_transport_and_aviation_services,Airlines,passenger_airline,passenger_airline,0,airline_fuel_consumed,fuel_efficiency_per_capacity_unit,air,DP-S,APPLICABLE,tag_match:passenger_airline,fuel_volume,fiscal_period,550,nonnegative,coverage_pending
transportation_dedicated_parser_support_scope_v1,transportation_parser_support_v1,transportation_operating_archetypes_v1,804eeba846c75abc321df0821fe82a05e7bee9719cecff45798be0c82176ab7c,AAI,delisted_usable,air_transport_and_aviation_services,Airlines,passenger_airline,passenger_airline,0,airline_capacity_units,fuel_efficiency_per_capacity_unit|fuel_cost_per_capacity_unit,air,DP-S,APPLICABLE,tag_match:passenger_airline,capacity_units,fiscal_period,550,nonnegative,coverage_pending
transportation_dedicated_parser_support_scope_v1,transportation_parser_support_v1,transportation_operating_archetypes_v1,804eeba846c75abc321df0821fe82a05e7bee9719cecff45798be0c82176ab7c,AAI,delisted_usable,air_transport_and_aviation_services,Airlines,passenger_airline,passenger_airline,0,airline_fuel_expense,fuel_cost_per_capacity_unit,air,DP-S,APPLICABLE,tag_match:passenger_airline,currency,fiscal_period,550,nonnegative,coverage_pending
transportation_dedicated_parser_support_scope_v1,transportation_parser_support_v1,transportation_operating_archetypes_v1,804eeba846c75abc321df0821fe82a05e7bee9719cecff45798be0c82176ab7c,AAI,delisted_usable,air_transport_and_aviation_services,Airlines,passenger_airline,passenger_airline,0,airport_aeronautical_revenue,aeronautical_revenue_per_passenger,air,DP-S,NOT_APPLICABLE,no_applicable_archetype_tag,currency,fiscal_period,550,nonnegative,not_applicable
transportation_dedicated_parser_support_scope_v1,transportation_parser_support_v1,transportation_operating_archetypes_v1,804eeba846c75abc321df0821fe82a05e7bee9719cecff45798be0c82176ab7c,AAI,delisted_usable,air_transport_and_aviation_services,Airlines,passenger_airline,passenger_airline,0,airport_non_aeronautical_revenue,non_aeronautical_revenue_per_passenger,air,DP-S,NOT_APPLICABLE,no_applicable_archetype_tag,currency,fiscal_period,550,nonnegative,not_applicable
transportation_dedicated_parser_support_scope_v1,transportation_parser_support_v1,transportation_operating_archetypes_v1,804eeba846c75abc321df0821fe82a05e7bee9719cecff45798be0c82176ab7c,AAI,delisted_usable,air_transport_and_aviation_services,Airlines,passenger_airline,passenger_airline,0,airport_passenger_throughput,aeronautical_revenue_per_passenger|non_aeronautical_revenue_per_passenger,air,DP-S,NOT_APPLICABLE,no_applicable_archetype_tag,count,fiscal_period,550,nonnegative_integer,not_applicable
transportation_dedicated_parser_support_scope_v1,transportation_parser_support_v1,transportation_operating_archetypes_v1,804eeba846c75abc321df0821fe82a05e7bee9719cecff45798be0c82176ab7c,AAI,delisted_usable,air_transport_and_aviation_services,Airlines,passenger_airline,passenger_airline,0,milestone_target_date,milestone_slippage_days,development,DP-S,NOT_APPLICABLE,no_applicable_archetype_tag,iso_date,milestone,1100,date,not_applicable
transportation_dedicated_parser_support_scope_v1,transportation_parser_support_v1,transportation_operating_archetypes_v1,804eeba846c75abc321df0821fe82a05e7bee9719cecff45798be0c82176ab7c,AAL,active,air_transport_and_aviation_services,Airlines,passenger_airline,passenger_airline,0,airline_fuel_consumed,fuel_efficiency_per_capacity_unit,air,DP-S,APPLICABLE,tag_match:passenger_airline,fuel_volume,fiscal_period,550,nonnegative,coverage_pending
transportation_dedicated_parser_support_scope_v1,transportation_parser_support_v1,transportation_operating_archetypes_v1,804eeba846c75abc321df0821fe82a05e7bee9719cecff45798be0c82176ab7c,AAL,active,air_transport_and_aviation_services,Airlines,passenger_airline,passenger_airline,0,airline_capacity_units,fuel_efficiency_per_capacity_unit|fuel_cost_per_capacity_unit,air,DP-S,APPLICABLE,tag_match:passenger_airline,capacity_units,fiscal_period,550,nonnegative,coverage_pending
transportation_dedicated_parser_support_scope_v1,transportation_parser_support_v1,transportation_operating_archetypes_v1,804eeba846c75abc321df0821fe82a05e7bee9719cecff45798be0c82176ab7c,AAL,active,air_transport_and_aviation_services,Airlines,passenger_airline,passenger_airline,0,airline_fuel_expense,fuel_cost_per_capacity_unit,air,DP-S,APPLICABLE,tag_match:passenger_airline,currency,fiscal_period,550,nonnegative,coverage_pending
transportation_dedicated_parser_support_scope_v1,transportation_parser_support_v1,transportation_operating_archetypes_v1,804eeba846c75abc321df0821fe82a05e7bee9719cecff45798be0c82176ab7c,AAL,active,air_transport_and_aviation_services,Airlines,passenger_airline,passenger_airline,0,airport_aeronautical_revenue,aeronautical_revenue_per_passenger,air,DP-S,NOT_APPLICABLE,no_applicable_archetype_tag,currency,fiscal_period,550,nonnegative,not_applicable
transportation_dedicated_parser_support_scope_v1,transportation_parser_support_v1,transportation_operating_archetypes_v1,804eeba846c75abc321df0821fe82a05e7bee9719cecff45798be0c82176ab7c,AAL,active,air_transport_and_aviation_services,Airlines,passenger_airline,passenger_airline,0,airport_non_aeronautical_revenue,non_aeronautical_revenue_per_passenger,air,DP-S,NOT_APPLICABLE,no_applicable_archetype_tag,currency,fiscal_period,550,nonnegative,not_applicable
transportation_dedicated_parser_support_scope_v1,transportation_parser_support_v1,transportation_operating_archetypes_v1,804eeba846c75abc321df0821fe82a05e7bee9719cecff45798be0c82176ab7c,AAL,active,air_transport_and_aviation_services,Airlines,passenger_airline,passenger_airline,0,airport_passenger_throughput,aeronautical_revenue_per_passenger|non_aeronautical_revenue_per_passenger,air,DP-S,NOT_APPLICABLE,no_applicable_archetype_tag,count,fiscal_period,550,nonnegative_integer,not_applicable
transportation_dedicated_parser_support_scope_v1,transportation_parser_support_v1,transportation_operating_archetypes_v1,804eeba846c75abc321df0821fe82a05e7bee9719cecff45798be0c82176ab7c,AAL,active,air_transport_and_aviation_services,Airlines,passenger_airline,passenger_airline,0,milestone_target_date,milestone_slippage_days,development,DP-S,NOT_APPLICABLE,no_applicable_archetype_tag,iso_date,milestone,1100,date,not_applicable
transportation_dedicated_parser_support_scope_v1,transportation_parser_support_v1,transportation_operating_archetypes_v1,804eeba846c75abc321df0821fe82a05e7bee9719cecff45798be0c82176ab7c,AAWW,delisted_usable,air_transport_and_aviation_services,Airlines,cargo_airline,cargo_airline,0,airline_fuel_consumed,fuel_efficiency_per_capacity_unit,air,DP-S,NOT_APPLICABLE,no_applicable_archetype_tag,fuel_volume,fiscal_period,550,nonnegative,not_applicable
transportation_dedicated_parser_support_scope_v1,transportation_parser_support_v1,transportation_operating_archetypes_v1,804eeba846c75abc321df0821fe82a05e7bee9719cecff45798be0c82176ab7c,AAWW,delisted_usable,air_transport_and_aviation_services,Airlines,cargo_airline,cargo_airline,0,airline_capacity_units,fuel_efficiency_per_capacity_unit|fuel_cost_per_capacity_unit,air,DP-S,NOT_APPLICABLE,no_applicable_archetype_tag,capacity_units,fiscal_period,550,nonnegative,not_applicable
transportation_dedicated_parser_support_scope_v1,transportation_parser_support_v1,transportation_operating_archetypes_v1,804eeba846c75abc321df0821fe82a05e7bee9719cecff45798be0c82176ab7c,AAWW,delisted_usable,air_transport_and_aviation_services,Airlines,cargo_airline,cargo_airline,0,airline_fuel_expense,fuel_cost_per_capacity_unit,air,DP-S,NOT_APPLICABLE,no_applicable_archetype_tag,currency,fiscal_period,550,nonnegative,not_applicable
transportation_dedicated_parser_support_scope_v1,transportation_parser_support_v1,transportation_operating_archetypes_v1,804eeba846c75abc321df0821fe82a05e7bee9719cecff45798be0c82176ab7c,AAWW,delisted_usable,air_transport_and_aviation_services,Airlines,cargo_airline,cargo_airline,0,airport_aeronautical_revenue,aeronautical_revenue_per_passenger,air,DP-S,NOT_APPLICABLE,no_applicable_archetype_tag,currency,fiscal_period,550,nonnegative,not_applicable
transportation_dedicated_parser_support_scope_v1,transportation_parser_support_v1,transportation_operating_archetypes_v1,804eeba846c75abc321df0821fe82a05e7bee9719cecff45798be0c82176ab7c,AAWW,delisted_usable,air_transport_and_aviation_services,Airlines,cargo_airline,cargo_airline,0,airport_non_aeronautical_revenue,non_aeronautical_revenue_per_passenger,air,DP-S,NOT_APPLICABLE,no_applicable_archetype_tag,currency,fiscal_period,550,nonnegative,not_applicable
transportation_dedicated_parser_support_scope_v1,transportation_parser_support_v1,transportation_operating_archetypes_v1,804eeba846c75abc321df0821fe82a05e7bee9719cecff45798be0c82176ab7c,AAWW,delisted_usable,air_transport_and_aviation_services,Airlines,cargo_airline,cargo_airline,0,airport_passenger_throughput,aeronautical_revenue_per_passenger|non_aeronautical_revenue_per_passenger,air,DP-S,NOT_APPLICABLE,no_applicable_archetype_tag,count,fiscal_period,550,nonnegative_integer,not_applicable
transportation_dedicated_parser_support_scope_v1,transportation_parser_support_v1,transportation_operating_archetypes_v1,804eeba846c75abc321df0821fe82a05e7bee9719cecff45798be0c82176ab7c,AAWW,delisted_usable,air_transport_and_aviation_services,Airlines,cargo_airline,cargo_airline,0,milestone_target_date,milestone_slippage_days,development,DP-S,NOT_APPLICABLE,no_applicable_archetype_tag,iso_date,milestone,1100,date,not_applicable
transportation_dedicated_parser_support_scope_v1,transportation_parser_support_v1,transportation_operating_archetypes_v1,804eeba846c75abc321df0821fe82a05e7bee9719cecff45798be0c82176ab7c,ABF,delisted_usable,surface_freight_and_logistics,Integrated Freight & Logistics,surface_logistics,surface_logistics,0,airline_fuel_consumed,fuel_efficiency_per_capacity_unit,air,DP-S,NOT_APPLICABLE,no_applicable_archetype_tag,fuel_volume,fiscal_period,550,nonnegative,not_applicable
transportation_dedicated_parser_support_scope_v1,transportation_parser_support_v1,transportation_operating_archetypes_v1,804eeba846c75abc321df0821fe82a05e7bee9719cecff45798be0c82176ab7c,ABF,delisted_usable,surface_freight_and_logistics,Integrated Freight & Logistics,surface_logistics,surface_logistics,0,airline_capacity_units,fuel_efficiency_per_capacity_unit|fuel_cost_per_capacity_unit,air,DP-S,NOT_APPLICABLE,no_applicable_archetype_tag,capacity_units,fiscal_period,550,nonnegative,not_applicable
transportation_dedicated_parser_support_scope_v1,transportation_parser_support_v1,transportation_operating_archetypes_v1,804eeba846c75abc321df0821fe82a05e7bee9719cecff45798be0c82176ab7c,ABF,delisted_usable,surface_freight_and_logistics,Integrated Freight & Logistics,surface_logistics,surface_logistics,0,airline_fuel_expense,fuel_cost_per_capacity_unit,air,DP-S,NOT_APPLICABLE,no_applicable_archetype_tag,currency,fiscal_period,550,nonnegative,not_applicable
transportation_dedicated_parser_support_scope_v1,transportation_parser_support_v1,transportation_operating_archetypes_v1,804eeba846c75abc321df0821fe82a05e7bee9719cecff45798be0c82176ab7c,ABF,delisted_usable,surface_freight_and_logistics,Integrated Freight & Logistics,surface_logistics,surface_logistics,0,airport_aeronautical_revenue,aeronautical_revenue_per_passenger,air,DP-S,NOT_APPLICABLE,no_applicable_archetype_tag,currency,fiscal_period,550,nonnegative,not_applicable
transportation_dedicated_parser_support_scope_v1,transportation_parser_support_v1,transportation_operating_archetypes_v1,804eeba846c75abc321df0821fe82a05e7bee9719cecff45798be0c82176ab7c,ABF,delisted_usable,surface_freight_and_logistics,Integrated Freight & Logistics,surface_logistics,surface_logistics,0,airport_non_aeronautical_revenue,non_aeronautical_revenue_per_passenger,air,DP-S,NOT_APPLICABLE,no_applicable_archetype_tag,currency,fiscal_period,550,nonnegative,not_applicable
transportation_dedicated_parser_support_scope_v1,transportation_parser_support_v1,transportation_operating_archetypes_v1,804eeba846c75abc321df0821fe82a05e7bee9719cecff45798be0c82176ab7c,ABF,delisted_usable,surface_freight_and_logistics,Integrated Freight & Logistics,surface_logistics,surface_logistics,0,airport_passenger_throughput,aeronautical_revenue_per_passenger|non_aeronautical_revenue_per_passenger,air,DP-S,NOT_APPLICABLE,no_applicable_archetype_tag,count,fiscal_period,550,nonnegative_integer,not_applicable
transportation_dedicated_parser_support_scope_v1,transportation_parser_support_v1,transportation_operating_archetypes_v1,804eeba846c75abc321df0821fe82a05e7bee9719cecff45798be0c82176ab7c,ABF,delisted_usable,surface_freight_and_logistics,Integrated Freight & Logistics,surface_logistics,surface_logistics,0,milestone_target_date,milestone_slippage_days,development,DP-S,NOT_APPLICABLE,no_applicable_archetype_tag,iso_date,milestone,1100,date,not_applicable
transportation_dedicated_parser_support_scope_v1,transportation_parser_support_v1,transportation_operating_archetypes_v1,804eeba846c75abc321df0821fe82a05e7bee9719cecff45798be0c82176ab7c,AER,active,air_transport_and_aviation_services,Rental & Leasing Services,aircraft_lessor,aircraft_lessor,0,airline_fuel_consumed,fuel_efficiency_per_capacity_unit,air,DP-S,NOT_APPLICABLE,no_applicable_archetype_tag,fuel_volume,fiscal_period,550,nonnegative,not_applicable
transportation_dedicated_parser_support_scope_v1,transportation_parser_support_v1,transportation_operating_archetypes_v1,804eeba846c75abc321df0821fe82a05e7bee9719cecff45798be0c82176ab7c,AER,active,air_transport_and_aviation_services,Rental & Leasing Services,aircraft_lessor,aircraft_lessor,0,airline_capacity_units,fuel_efficiency_per_capacity_unit|fuel_cost_per_capacity_unit,air,DP-S,NOT_APPLICABLE,no_applicable_archetype_tag,capacity_units,fiscal_period,550,nonnegative,not_applicable
transportation_dedicated_parser_support_scope_v1,transportation_parser_support_v1,transportation_operating_archetypes_v1,804eeba846c75abc321df0821fe82a05e7bee9719cecff45798be0c82176ab7c,AER,active,air_transport_and_aviation_services,Rental & Leasing Services,aircraft_lessor,aircraft_lessor,0,airline_fuel_expense,fuel_cost_per_capacity_unit,air,DP-S,NOT_APPLICABLE,no_applicable_archetype_tag,currency,fiscal_period,550,nonnegative,not_applicable
transportation_dedicated_parser_support_scope_v1,transportation_parser_support_v1,transportation_operating_archetypes_v1,804eeba846c75abc321df0821fe82a05e7bee9719cecff45798be0c82176ab7c,AER,active,air_transport_and_aviation_services,Rental & Leasing Services,aircraft_lessor,aircraft_lessor,0,airport_aeronautical_revenue,aeronautical_revenue_per_passenger,air,DP-S,NOT_APPLICABLE,no_applicable_archetype_tag,currency,fiscal_period,550,nonnegative,not_applicable
transportation_dedicated_parser_support_scope_v1,transportation_parser_support_v1,transportation_operating_archetypes_v1,804eeba846c75abc321df0821fe82a05e7bee9719cecff45798be0c82176ab7c,AER,active,air_transport_and_aviation_services,Rental & Leasing Services,aircraft_lessor,aircraft_lessor,0,airport_non_aeronautical_revenue,non_aeronautical_revenue_per_passenger,air,DP-S,NOT_APPLICABLE,no_applicable_archetype_tag,currency,fiscal_period,550,nonnegative,not_applicable
transportation_dedicated_parser_support_scope_v1,transportation_parser_support_v1,transportation_operating_archetypes_v1,804eeba846c75abc321df0821fe82a05e7bee9719cecff45798be0c82176ab7c,AER,active,air_transport_and_aviation_services,Rental & Leasing Services,aircraft_lessor,aircraft_lessor,0,airport_passenger_throughput,aeronautical_revenue_per_passenger|non_aeronautical_revenue_per_passenger,air,DP-S,NOT_APPLICABLE,no_applicable_archetype_tag,count,fiscal_period,550,nonnegative_integer,not_applicable
transportation_dedicated_parser_support_scope_v1,transportation_parser_support_v1,transportation_operating_archetypes_v1,804eeba846c75abc321df0821fe82a05e7bee9719cecff45798be0c82176ab7c,AER,active,air_transport_and_aviation_services,Rental & Leasing Services,aircraft_lessor,aircraft_lessor,0,milestone_target_date,milestone_slippage_days,development,DP-S,NOT_APPLICABLE,no_applicable_archetype_tag,iso_date,milestone,1100,date,not_applicable
transportation_dedicated_parser_support_scope_v1,transportation_parser_support_v1,transportation_operating_archetypes_v1,804eeba846c75abc321df0821fe82a05e7bee9719cecff45798be0c82176ab7c,ALGT,active,air_transport_and_aviation_services,Airlines,passenger_airline,passenger_airline,0,airline_fuel_consumed,fuel_efficiency_per_capacity_unit,air,DP-S,APPLICABLE,tag_match:passenger_airline,fuel_volume,fiscal_period,550,nonnegative,coverage_pending
transportation_dedicated_parser_support_scope_v1,transportation_parser_support_v1,transportation_operating_archetypes_v1,804eeba846c75abc321df0821fe82a05e7bee9719cecff45798be0c82176ab7c,ALGT,active,air_transport_and_aviation_services,Airlines,passenger_airline,passenger_airline,0,airline_capacity_units,fuel_efficiency_per_capacity_unit|fuel_cost_per_capacity_unit,air,DP-S,APPLICABLE,tag_match:passenger_airline,capacity_units,fiscal_period,550,nonnegative,coverage_pending
transportation_dedicated_parser_support_scope_v1,transportation_parser_support_v1,transportation_operating_archetypes_v1,804eeba846c75abc321df0821fe82a05e7bee9719cecff45798be0c82176ab7c,ALGT,active,air_transport_and_aviation_services,Airlines,passenger_airline,passenger_airline,0,airline_fuel_expense,fuel_cost_per_capacity_unit,air,DP-S,APPLICABLE,tag_match:passenger_airline,currency,fiscal_period,550,nonnegative,coverage_pending
transportation_dedicated_parser_support_scope_v1,transportation_parser_support_v1,transportation_operating_archetypes_v1,804eeba846c75abc321df0821fe82a05e7bee9719cecff45798be0c82176ab7c,ALGT,active,air_transport_and_aviation_services,Airlines,passenger_airline,passenger_airline,0,airport_aeronautical_revenue,aeronautical_revenue_per_passenger,air,DP-S,NOT_APPLICABLE,no_applicable_archetype_tag,currency,fiscal_period,550,nonnegative,not_applicable
transportation_dedicated_parser_support_scope_v1,transportation_parser_support_v1,transportation_operating_archetypes_v1,804eeba846c75abc321df0821fe82a05e7bee9719cecff45798be0c82176ab7c,ALGT,active,air_transport_and_aviation_services,Airlines,passenger_airline,passenger_airline,0,airport_non_aeronautical_revenue,non_aeronautical_revenue_per_passenger,air,DP-S,NOT_APPLICABLE,no_applicable_archetype_tag,currency,fiscal_period,550,nonnegative,not_applicable
transportation_dedicated_parser_support_scope_v1,transportation_parser_support_v1,transportation_operating_archetypes_v1,804eeba846c75abc321df0821fe82a05e7bee9719cecff45798be0c82176ab7c,ALGT,active,air_transport_and_aviation_services,Airlines,passenger_airline,passenger_airline,0,airport_passenger_throughput,aeronautical_revenue_per_passenger|non_aeronautical_revenue_per_passenger,air,DP-S,NOT_APPLICABLE,no_applicable_archetype_tag,count,fiscal_period,550,nonnegative_integer,not_applicable
transportation_dedicated_parser_support_scope_v1,transportation_parser_support_v1,transportation_operating_archetypes_v1,804eeba846c75abc321df0821fe82a05e7bee9719cecff45798be0c82176ab7c,ALGT,active,air_transport_and_aviation_services,Airlines,passenger_airline,passenger_airline,0,milestone_target_date,milestone_slippage_days,development,DP-S,NOT_APPLICABLE,no_applicable_archetype_tag,iso_date,milestone,1100,date,not_applicable
transportation_dedicated_parser_support_scope_v1,transportation_parser_support_v1,transportation_operating_archetypes_v1,804eeba846c75abc321df0821fe82a05e7bee9719cecff45798be0c82176ab7c,ALK,active,air_transport_and_aviation_services,Airlines,passenger_airline,passenger_airline,0,airline_fuel_consumed,fuel_efficiency_per_capacity_unit,air,DP-S,APPLICABLE,tag_match:passenger_airline,fuel_volume,fiscal_period,550,nonnegative,coverage_pending
transportation_dedicated_parser_support_scope_v1,transportation_parser_support_v1,transportation_operating_archetypes_v1,804eeba846c75abc321df0821fe82a05e7bee9719cecff45798be0c82176ab7c,ALK,active,air_transport_and_aviation_services,Airlines,passenger_airline,passenger_airline,0,airline_capacity_units,fuel_efficiency_per_capacity_unit|fuel_cost_per_capacity_unit,air,DP-S,APPLICABLE,tag_match:passenger_airline,capacity_units,fiscal_period,550,nonnegative,coverage_pending
transportation_dedicated_parser_support_scope_v1,transportation_parser_support_v1,transportation_operating_archetypes_v1,804eeba846c75abc321df0821fe82a05e7bee9719cecff45798be0c82176ab7c,ALK,active,air_transport_and_aviation_services,Airlines,passenger_airline,passenger_airline,0,airline_fuel_expense,fuel_cost_per_capacity_unit,air,DP-S,APPLICABLE,tag_match:passenger_airline,currency,fiscal_period,550,nonnegative,coverage_pending
transportation_dedicated_parser_support_scope_v1,transportation_parser_support_v1,transportation_operating_archetypes_v1,804eeba846c75abc321df0821fe82a05e7bee9719cecff45798be0c82176ab7c,ALK,active,air_transport_and_aviation_services,Airlines,passenger_airline,passenger_airline,0,airport_aeronautical_revenue,aeronautical_revenue_per_passenger,air,DP-S,NOT_APPLICABLE,no_applicable_archetype_tag,currency,fiscal_period,550,nonnegative,not_applicable
transportation_dedicated_parser_support_scope_v1,transportation_parser_support_v1,transportation_operating_archetypes_v1,804eeba846c75abc321df0821fe82a05e7bee9719cecff45798be0c82176ab7c,ALK,active,air_transport_and_aviation_services,Airlines,passenger_airline,passenger_airline,0,airport_non_aeronautical_revenue,non_aeronautical_revenue_per_passenger,air,DP-S,NOT_APPLICABLE,no_applicable_archetype_tag,currency,fiscal_period,550,nonnegative,not_applicable
transportation_dedicated_parser_support_scope_v1,transportation_parser_support_v1,transportation_operating_archetypes_v1,804eeba846c75abc321df0821fe82a05e7bee9719cecff45798be0c82176ab7c,ALK,active,air_transport_and_aviation_services,Airlines,passenger_airline,passenger_airline,0,airport_passenger_throughput,aeronautical_revenue_per_passenger|non_aeronautical_revenue_per_passenger,air,DP-S,NOT_APPLICABLE,no_applicable_archetype_tag,count,fiscal_period,550,nonnegative_integer,not_applicable
transportation_dedicated_parser_support_scope_v1,transportation_parser_support_v1,transportation_operating_archetypes_v1,804eeba846c75abc321df0821fe82a05e7bee9719cecff45798be0c82176ab7c,ALK,active,air_transport_and_aviation_services,Airlines,passenger_airline,passenger_airline,0,milestone_target_date,milestone_slippage_days,development,DP-S,NOT_APPLICABLE,no_applicable_archetype_tag,iso_date,milestone,1100,date,not_applicable
transportation_dedicated_parser_support_scope_v1,transportation_parser_support_v1,transportation_operating_archetypes_v1,804eeba846c75abc321df0821fe82a05e7bee9719cecff45798be0c82176ab7c,ARCB,active,surface_freight_and_logistics,Trucking,surface_trucking,surface_trucking,0,airline_fuel_consumed,fuel_efficiency_per_capacity_unit,air,DP-S,NOT_APPLICABLE,no_applicable_archetype_tag,fuel_volume,fiscal_period,550,nonnegative,not_applicable
transportation_dedicated_parser_support_scope_v1,transportation_parser_support_v1,transportation_operating_archetypes_v1,804eeba846c75abc321df0821fe82a05e7bee9719cecff45798be0c82176ab7c,ARCB,active,surface_freight_and_logistics,Trucking,surface_trucking,surface_trucking,0,airline_capacity_units,fuel_efficiency_per_capacity_unit|fuel_cost_per_capacity_unit,air,DP-S,NOT_APPLICABLE,no_applicable_archetype_tag,capacity_units,fiscal_period,550,nonnegative,not_applicable
transportation_dedicated_parser_support_scope_v1,transportation_parser_support_v1,transportation_operating_archetypes_v1,804eeba846c75abc321df0821fe82a05e7bee9719cecff45798be0c82176ab7c,ARCB,active,surface_freight_and_logistics,Trucking,surface_trucking,surface_trucking,0,airline_fuel_expense,fuel_cost_per_capacity_unit,air,DP-S,NOT_APPLICABLE,no_applicable_archetype_tag,currency,fiscal_period,550,nonnegative,not_applicable
transportation_dedicated_parser_support_scope_v1,transportation_parser_support_v1,transportation_operating_archetypes_v1,804eeba846c75abc321df0821fe82a05e7bee9719cecff45798be0c82176ab7c,ARCB,active,surface_freight_and_logistics,Trucking,surface_trucking,surface_trucking,0,airport_aeronautical_revenue,aeronautical_revenue_per_passenger,air,DP-S,NOT_APPLICABLE,no_applicable_archetype_tag,currency,fiscal_period,550,nonnegative,not_applicable
transportation_dedicated_parser_support_scope_v1,transportation_parser_support_v1,transportation_operating_archetypes_v1,804eeba846c75abc321df0821fe82a05e7bee9719cecff45798be0c82176ab7c,ARCB,active,surface_freight_and_logistics,Trucking,surface_trucking,surface_trucking,0,airport_non_aeronautical_revenue,non_aeronautical_revenue_per_passenger,air,DP-S,NOT_APPLICABLE,no_applicable_archetype_tag,currency,fiscal_period,550,nonnegative,not_applicable
transportation_dedicated_parser_support_scope_v1,transportation_parser_support_v1,transportation_operating_archetypes_v1,804eeba846c75abc321df0821fe82a05e7bee9719cecff45798be0c82176ab7c,ARCB,active,surface_freight_and_logistics,Trucking,surface_trucking,surface_trucking,0,airport_passenger_throughput,aeronautical_revenue_per_passenger|non_aeronautical_revenue_per_passenger,air,DP-S,NOT_APPLICABLE,no_applicable_archetype_tag,count,fiscal_period,550,nonnegative_integer,not_applicable
transportation_dedicated_parser_support_scope_v1,transportation_parser_support_v1,transportation_operating_archetypes_v1,804eeba846c75abc321df0821fe82a05e7bee9719cecff45798be0c82176ab7c,ARCB,active,surface_freight_and_logistics,Trucking,surface_trucking,surface_trucking,0,milestone_target_date,milestone_slippage_days,development,DP-S,NOT_APPLICABLE,no_applicable_archetype_tag,iso_date,milestone,1100,date,not_applicable
transportation_dedicated_parser_support_scope_v1,transportation_parser_support_v1,transportation_operating_archetypes_v1,804eeba846c75abc321df0821fe82a05e7bee9719cecff45798be0c82176ab7c,ASC,active,marine_shipping_and_maritime,Marine Shipping,marine_operator,marine_operator,0,airline_fuel_consumed,fuel_efficiency_per_capacity_unit,air,DP-S,NOT_APPLICABLE,no_applicable_archetype_tag,fuel_volume,fiscal_period,550,nonnegative,not_applicable
transportation_dedicated_parser_support_scope_v1,transportation_parser_support_v1,transportation_operating_archetypes_v1,804eeba846c75abc321df0821fe82a05e7bee9719cecff45798be0c82176ab7c,ASC,active,marine_shipping_and_maritime,Marine Shipping,marine_operator,marine_operator,0,airline_capacity_units,fuel_efficiency_per_capacity_unit|fuel_cost_per_capacity_unit,air,DP-S,NOT_APPLICABLE,no_applicable_archetype_tag,capacity_units,fiscal_period,550,nonnegative,not_applicable
transportation_dedicated_parser_support_scope_v1,transportation_parser_support_v1,transportation_operating_archetypes_v1,804eeba846c75abc321df0821fe82a05e7bee9719cecff45798be0c82176ab7c,ASC,active,marine_shipping_and_maritime,Marine Shipping,marine_operator,marine_operator,0,airline_fuel_expense,fuel_cost_per_capacity_unit,air,DP-S,NOT_APPLICABLE,no_applicable_archetype_tag,currency,fiscal_period,550,nonnegative,not_applicable
transportation_dedicated_parser_support_scope_v1,transportation_parser_support_v1,transportation_operating_archetypes_v1,804eeba846c75abc321df0821fe82a05e7bee9719cecff45798be0c82176ab7c,ASC,active,marine_shipping_and_maritime,Marine Shipping,marine_operator,marine_operator,0,airport_aeronautical_revenue,aeronautical_revenue_per_passenger,air,DP-S,NOT_APPLICABLE,no_applicable_archetype_tag,currency,fiscal_period,550,nonnegative,not_applicable
transportation_dedicated_parser_support_scope_v1,transportation_parser_support_v1,transportation_operating_archetypes_v1,804eeba846c75abc321df0821fe82a05e7bee9719cecff45798be0c82176ab7c,ASC,active,marine_shipping_and_maritime,Marine Shipping,marine_operator,marine_operator,0,airport_non_aeronautical_revenue,non_aeronautical_revenue_per_passenger,air,DP-S,NOT_APPLICABLE,no_applicable_archetype_tag,currency,fiscal_period,550,nonnegative,not_applicable
transportation_dedicated_parser_support_scope_v1,transportation_parser_support_v1,transportation_operating_archetypes_v1,804eeba846c75abc321df0821fe82a05e7bee9719cecff45798be0c82176ab7c,ASC,active,marine_shipping_and_maritime,Marine Shipping,marine_operator,marine_operator,0,airport_passenger_throughput,aeronautical_revenue_per_passenger|non_aeronautical_revenue_per_passenger,air,DP-S,NOT_APPLICABLE,no_applicable_archetype_tag,count,fiscal_period,550,nonnegative_integer,not_applicable
transportation_dedicated_parser_support_scope_v1,transportation_parser_support_v1,transportation_operating_archetypes_v1,804eeba846c75abc321df0821fe82a05e7bee9719cecff45798be0c82176ab7c,ASC,active,marine_shipping_and_maritime,Marine Shipping,marine_operator,marine_operator,0,milestone_target_date,milestone_slippage_days,development,DP-S,NOT_APPLICABLE,no_applicable_archetype_tag,iso_date,milestone,1100,date,not_applicable
transportation_dedicated_parser_support_scope_v1,transportation_parser_support_v1,transportation_operating_archetypes_v1,804eeba846c75abc321df0821fe82a05e7bee9719cecff45798be0c82176ab7c,ASLE,active,air_transport_and_aviation_services,Airports & Air Services,aviation_services,aviation_services,0,airline_fuel_consumed,fuel_efficiency_per_capacity_unit,air,DP-S,NOT_APPLICABLE,no_applicable_archetype_tag,fuel_volume,fiscal_period,550,nonnegative,not_applicable
transportation_dedicated_parser_support_scope_v1,transportation_parser_support_v1,transportation_operating_archetypes_v1,804eeba846c75abc321df0821fe82a05e7bee9719cecff45798be0c82176ab7c,ASLE,active,air_transport_and_aviation_services,Airports & Air Services,aviation_services,aviation_services,0,airline_capacity_units,fuel_efficiency_per_capacity_unit|fuel_cost_per_capacity_unit,air,DP-S,NOT_APPLICABLE,no_applicable_archetype_tag,capacity_units,fiscal_period,550,nonnegative,not_applicable
transportation_dedicated_parser_support_scope_v1,transportation_parser_support_v1,transportation_operating_archetypes_v1,804eeba846c75abc321df0821fe82a05e7bee9719cecff45798be0c82176ab7c,ASLE,active,air_transport_and_aviation_services,Airports & Air Services,aviation_services,aviation_services,0,airline_fuel_expense,fuel_cost_per_capacity_unit,air,DP-S,NOT_APPLICABLE,no_applicable_archetype_tag,currency,fiscal_period,550,nonnegative,not_applicable
transportation_dedicated_parser_support_scope_v1,transportation_parser_support_v1,transportation_operating_archetypes_v1,804eeba846c75abc321df0821fe82a05e7bee9719cecff45798be0c82176ab7c,ASLE,active,air_transport_and_aviation_services,Airports & Air Services,aviation_services,aviation_services,0,airport_aeronautical_revenue,aeronautical_revenue_per_passenger,air,DP-S,NOT_APPLICABLE,no_applicable_archetype_tag,currency,fiscal_period,550,nonnegative,not_applicable
transportation_dedicated_parser_support_scope_v1,transportation_parser_support_v1,transportation_operating_archetypes_v1,804eeba846c75abc321df0821fe82a05e7bee9719cecff45798be0c82176ab7c,ASLE,active,air_transport_and_aviation_services,Airports & Air Services,aviation_services,aviation_services,0,airport_non_aeronautical_revenue,non_aeronautical_revenue_per_passenger,air,DP-S,NOT_APPLICABLE,no_applicable_archetype_tag,currency,fiscal_period,550,nonnegative,not_applicable
transportation_dedicated_parser_support_scope_v1,transportation_parser_support_v1,transportation_operating_archetypes_v1,804eeba846c75abc321df0821fe82a05e7bee9719cecff45798be0c82176ab7c,ASLE,active,air_transport_and_aviation_services,Airports & Air Services,aviation_services,aviation_services,0,airport_passenger_throughput,aeronautical_revenue_per_passenger|non_aeronautical_revenue_per_passenger,air,DP-S,NOT_APPLICABLE,no_applicable_archetype_tag,count,fiscal_period,550,nonnegative_integer,not_applicable
transportation_dedicated_parser_support_scope_v1,transportation_parser_support_v1,transportation_operating_archetypes_v1,804eeba846c75abc321df0821fe82a05e7bee9719cecff45798be0c82176ab7c,ASLE,active,air_transport_and_aviation_services,Airports & Air Services,aviation_services,aviation_services,0,milestone_target_date,milestone_slippage_days,development,DP-S,NOT_APPLICABLE,no_applicable_archetype_tag,iso_date,milestone,1100,date,not_applicable
transportation_dedicated_parser_support_scope_v1,transportation_parser_support_v1,transportation_operating_archetypes_v1,804eeba846c75abc321df0821fe82a05e7bee9719cecff45798be0c82176ab7c,ASR,active,air_transport_and_aviation_services,Airports & Air Services,airport_operator,airport_operator,0,airline_fuel_consumed,fuel_efficiency_per_capacity_unit,air,DP-S,NOT_APPLICABLE,no_applicable_archetype_tag,fuel_volume,fiscal_period,550,nonnegative,not_applicable
transportation_dedicated_parser_support_scope_v1,transportation_parser_support_v1,transportation_operating_archetypes_v1,804eeba846c75abc321df0821fe82a05e7bee9719cecff45798be0c82176ab7c,ASR,active,air_transport_and_aviation_services,Airports & Air Services,airport_operator,airport_operator,0,airline_capacity_units,fuel_efficiency_per_capacity_unit|fuel_cost_per_capacity_unit,air,DP-S,NOT_APPLICABLE,no_applicable_archetype_tag,capacity_units,fiscal_period,550,nonnegative,not_applicable
transportation_dedicated_parser_support_scope_v1,transportation_parser_support_v1,transportation_operating_archetypes_v1,804eeba846c75abc321df0821fe82a05e7bee9719cecff45798be0c82176ab7c,ASR,active,air_transport_and_aviation_services,Airports & Air Services,airport_operator,airport_operator,0,airline_fuel_expense,fuel_cost_per_capacity_unit,air,DP-S,NOT_APPLICABLE,no_applicable_archetype_tag,currency,fiscal_period,550,nonnegative,not_applicable
transportation_dedicated_parser_support_scope_v1,transportation_parser_support_v1,transportation_operating_archetypes_v1,804eeba846c75abc321df0821fe82a05e7bee9719cecff45798be0c82176ab7c,ASR,active,air_transport_and_aviation_services,Airports & Air Services,airport_operator,airport_operator,0,airport_aeronautical_revenue,aeronautical_revenue_per_passenger,air,DP-S,APPLICABLE,tag_match:airport_operator,currency,fiscal_period,550,nonnegative,coverage_pending
transportation_dedicated_parser_support_scope_v1,transportation_parser_support_v1,transportation_operating_archetypes_v1,804eeba846c75abc321df0821fe82a05e7bee9719cecff45798be0c82176ab7c,ASR,active,air_transport_and_aviation_services,Airports & Air Services,airport_operator,airport_operator,0,airport_non_aeronautical_revenue,non_aeronautical_revenue_per_passenger,air,DP-S,APPLICABLE,tag_match:airport_operator,currency,fiscal_period,550,nonnegative,coverage_pending
transportation_dedicated_parser_support_scope_v1,transportation_parser_support_v1,transportation_operating_archetypes_v1,804eeba846c75abc321df0821fe82a05e7bee9719cecff45798be0c82176ab7c,ASR,active,air_transport_and_aviation_services,Airports & Air Services,airport_operator,airport_operator,0,airport_passenger_throughput,aeronautical_revenue_per_passenger|non_aeronautical_revenue_per_passenger,air,DP-S,APPLICABLE,tag_match:airport_operator,count,fiscal_period,550,nonnegative_integer,coverage_pending
transportation_dedicated_parser_support_scope_v1,transportation_parser_support_v1,transportation_operating_archetypes_v1,804eeba846c75abc321df0821fe82a05e7bee9719cecff45798be0c82176ab7c,ASR,active,air_transport_and_aviation_services,Airports & Air Services,airport_operator,airport_operator,0,milestone_target_date,milestone_slippage_days,development,DP-S,NOT_APPLICABLE,no_applicable_archetype_tag,iso_date,milestone,1100,date,not_applicable
transportation_dedicated_parser_support_scope_v1,transportation_parser_support_v1,transportation_operating_archetypes_v1,804eeba846c75abc321df0821fe82a05e7bee9719cecff45798be0c82176ab7c,ATCO,delisted_usable,marine_shipping_and_maritime,Marine Shipping,marine_operator,marine_operator,0,airline_fuel_consumed,fuel_efficiency_per_capacity_unit,air,DP-S,NOT_APPLICABLE,no_applicable_archetype_tag,fuel_volume,fiscal_period,550,nonnegative,not_applicable
transportation_dedicated_parser_support_scope_v1,transportation_parser_support_v1,transportation_operating_archetypes_v1,804eeba846c75abc321df0821fe82a05e7bee9719cecff45798be0c82176ab7c,ATCO,delisted_usable,marine_shipping_and_maritime,Marine Shipping,marine_operator,marine_operator,0,airline_capacity_units,fuel_efficiency_per_capacity_unit|fuel_cost_per_capacity_unit,air,DP-S,NOT_APPLICABLE,no_applicable_archetype_tag,capacity_units,fiscal_period,550,nonnegative,not_applicable
transportation_dedicated_parser_support_scope_v1,transportation_parser_support_v1,transportation_operating_archetypes_v1,804eeba846c75abc321df0821fe82a05e7bee9719cecff45798be0c82176ab7c,ATCO,delisted_usable,marine_shipping_and_maritime,Marine Shipping,marine_operator,marine_operator,0,airline_fuel_expense,fuel_cost_per_capacity_unit,air,DP-S,NOT_APPLICABLE,no_applicable_archetype_tag,currency,fiscal_period,550,nonnegative,not_applicable
transportation_dedicated_parser_support_scope_v1,transportation_parser_support_v1,transportation_operating_archetypes_v1,804eeba846c75abc321df0821fe82a05e7bee9719cecff45798be0c82176ab7c,ATCO,delisted_usable,marine_shipping_and_maritime,Marine Shipping,marine_operator,marine_operator,0,airport_aeronautical_revenue,aeronautical_revenue_per_passenger,air,DP-S,NOT_APPLICABLE,no_applicable_archetype_tag,currency,fiscal_period,550,nonnegative,not_applicable
transportation_dedicated_parser_support_scope_v1,transportation_parser_support_v1,transportation_operating_archetypes_v1,804eeba846c75abc321df0821fe82a05e7bee9719cecff45798be0c82176ab7c,ATCO,delisted_usable,marine_shipping_and_maritime,Marine Shipping,marine_operator,marine_operator,0,airport_non_aeronautical_revenue,non_aeronautical_revenue_per_passenger,air,DP-S,NOT_APPLICABLE,no_applicable_archetype_tag,currency,fiscal_period,550,nonnegative,not_applicable
transportation_dedicated_parser_support_scope_v1,transportation_parser_support_v1,transportation_operating_archetypes_v1,804eeba846c75abc321df0821fe82a05e7bee9719cecff45798be0c82176ab7c,ATCO,delisted_usable,marine_shipping_and_maritime,Marine Shipping,marine_operator,marine_operator,0,airport_passenger_throughput,aeronautical_revenue_per_passenger|non_aeronautical_revenue_per_passenger,air,DP-S,NOT_APPLICABLE,no_applicable_archetype_tag,count,fiscal_period,550,nonnegative_integer,not_applicable
transportation_dedicated_parser_support_scope_v1,transportation_parser_support_v1,transportation_operating_archetypes_v1,804eeba846c75abc321df0821fe82a05e7bee9719cecff45798be0c82176ab7c,ATCO,delisted_usable,marine_shipping_and_maritime,Marine Shipping,marine_operator,marine_operator,0,milestone_target_date,milestone_slippage_days,development,DP-S,NOT_APPLICABLE,no_applicable_archetype_tag,iso_date,milestone,1100,date,not_applicable
transportation_dedicated_parser_support_scope_v1,transportation_parser_support_v1,transportation_operating_archetypes_v1,804eeba846c75abc321df0821fe82a05e7bee9719cecff45798be0c82176ab7c,ATSG,delisted_usable,air_transport_and_aviation_services,Airlines,cargo_airline,aviation_services|cargo_airline,0,airline_fuel_consumed,fuel_efficiency_per_capacity_unit,air,DP-S,NOT_APPLICABLE,no_applicable_archetype_tag,fuel_volume,fiscal_period,550,nonnegative,not_applicable
transportation_dedicated_parser_support_scope_v1,transportation_parser_support_v1,transportation_operating_archetypes_v1,804eeba846c75abc321df0821fe82a05e7bee9719cecff45798be0c82176ab7c,ATSG,delisted_usable,air_transport_and_aviation_services,Airlines,cargo_airline,aviation_services|cargo_airline,0,airline_capacity_units,fuel_efficiency_per_capacity_unit|fuel_cost_per_capacity_unit,air,DP-S,NOT_APPLICABLE,no_applicable_archetype_tag,capacity_units,fiscal_period,550,nonnegative,not_applicable
transportation_dedicated_parser_support_scope_v1,transportation_parser_support_v1,transportation_operating_archetypes_v1,804eeba846c75abc321df0821fe82a05e7bee9719cecff45798be0c82176ab7c,ATSG,delisted_usable,air_transport_and_aviation_services,Airlines,cargo_airline,aviation_services|cargo_airline,0,airline_fuel_expense,fuel_cost_per_capacity_unit,air,DP-S,NOT_APPLICABLE,no_applicable_archetype_tag,currency,fiscal_period,550,nonnegative,not_applicable
transportation_dedicated_parser_support_scope_v1,transportation_parser_support_v1,transportation_operating_archetypes_v1,804eeba846c75abc321df0821fe82a05e7bee9719cecff45798be0c82176ab7c,ATSG,delisted_usable,air_transport_and_aviation_services,Airlines,cargo_airline,aviation_services|cargo_airline,0,airport_aeronautical_revenue,aeronautical_revenue_per_passenger,air,DP-S,NOT_APPLICABLE,no_applicable_archetype_tag,currency,fiscal_period,550,nonnegative,not_applicable
transportation_dedicated_parser_support_scope_v1,transportation_parser_support_v1,transportation_operating_archetypes_v1,804eeba846c75abc321df0821fe82a05e7bee9719cecff45798be0c82176ab7c,ATSG,delisted_usable,air_transport_and_aviation_services,Airlines,cargo_airline,aviation_services|cargo_airline,0,airport_non_aeronautical_revenue,non_aeronautical_revenue_per_passenger,air,DP-S,NOT_APPLICABLE,no_applicable_archetype_tag,currency,fiscal_period,550,nonnegative,not_applicable
transportation_dedicated_parser_support_scope_v1,transportation_parser_support_v1,transportation_operating_archetypes_v1,804eeba846c75abc321df0821fe82a05e7bee9719cecff45798be0c82176ab7c,ATSG,delisted_usable,air_transport_and_aviation_services,Airlines,cargo_airline,aviation_services|cargo_airline,0,airport_passenger_throughput,aeronautical_revenue_per_passenger|non_aeronautical_revenue_per_passenger,air,DP-S,NOT_APPLICABLE,no_applicable_archetype_tag,count,fiscal_period,550,nonnegative_integer,not_applicable
transportation_dedicated_parser_support_scope_v1,transportation_parser_support_v1,transportation_operating_archetypes_v1,804eeba846c75abc321df0821fe82a05e7bee9719cecff45798be0c82176ab7c,ATSG,delisted_usable,air_transport_and_aviation_services,Airlines,cargo_airline,aviation_services|cargo_airline,0,milestone_target_date,milestone_slippage_days,development,DP-S,NOT_APPLICABLE,no_applicable_archetype_tag,iso_date,milestone,1100,date,not_applicable
transportation_dedicated_parser_support_scope_v1,transportation_parser_support_v1,transportation_operating_archetypes_v1,804eeba846c75abc321df0821fe82a05e7bee9719cecff45798be0c82176ab7c,ATXG,active,development_stage_and_speculative_transport,Integrated Freight & Logistics,surface_logistics,development_all|surface_logistics,1,airline_fuel_consumed,fuel_efficiency_per_capacity_unit,air,DP-S,NOT_APPLICABLE,no_applicable_archetype_tag,fuel_volume,fiscal_period,550,nonnegative,not_applicable
transportation_dedicated_parser_support_scope_v1,transportation_parser_support_v1,transportation_operating_archetypes_v1,804eeba846c75abc321df0821fe82a05e7bee9719cecff45798be0c82176ab7c,ATXG,active,development_stage_and_speculative_transport,Integrated Freight & Logistics,surface_logistics,development_all|surface_logistics,1,airline_capacity_units,fuel_efficiency_per_capacity_unit|fuel_cost_per_capacity_unit,air,DP-S,NOT_APPLICABLE,no_applicable_archetype_tag,capacity_units,fiscal_period,550,nonnegative,not_applicable
transportation_dedicated_parser_support_scope_v1,transportation_parser_support_v1,transportation_operating_archetypes_v1,804eeba846c75abc321df0821fe82a05e7bee9719cecff45798be0c82176ab7c,ATXG,active,development_stage_and_speculative_transport,Integrated Freight & Logistics,surface_logistics,development_all|surface_logistics,1,airline_fuel_expense,fuel_cost_per_capacity_unit,air,DP-S,NOT_APPLICABLE,no_applicable_archetype_tag,currency,fiscal_period,550,nonnegative,not_applicable
transportation_dedicated_parser_support_scope_v1,transportation_parser_support_v1,transportation_operating_archetypes_v1,804eeba846c75abc321df0821fe82a05e7bee9719cecff45798be0c82176ab7c,ATXG,active,development_stage_and_speculative_transport,Integrated Freight & Logistics,surface_logistics,development_all|surface_logistics,1,airport_aeronautical_revenue,aeronautical_revenue_per_passenger,air,DP-S,NOT_APPLICABLE,no_applicable_archetype_tag,currency,fiscal_period,550,nonnegative,not_applicable
transportation_dedicated_parser_support_scope_v1,transportation_parser_support_v1,transportation_operating_archetypes_v1,804eeba846c75abc321df0821fe82a05e7bee9719cecff45798be0c82176ab7c,ATXG,active,development_stage_and_speculative_transport,Integrated Freight & Logistics,surface_logistics,development_all|surface_logistics,1,airport_non_aeronautical_revenue,non_aeronautical_revenue_per_passenger,air,DP-S,NOT_APPLICABLE,no_applicable_archetype_tag,currency,fiscal_period,550,nonnegative,not_applicable
transportation_dedicated_parser_support_scope_v1,transportation_parser_support_v1,transportation_operating_archetypes_v1,804eeba846c75abc321df0821fe82a05e7bee9719cecff45798be0c82176ab7c,ATXG,active,development_stage_and_speculative_transport,Integrated Freight & Logistics,surface_logistics,development_all|surface_logistics,1,airport_passenger_throughput,aeronautical_revenue_per_passenger|non_aeronautical_revenue_per_passenger,air,DP-S,NOT_APPLICABLE,no_applicable_archetype_tag,count,fiscal_period,550,nonnegative_integer,not_applicable
transportation_dedicated_parser_support_scope_v1,transportation_parser_support_v1,transportation_operating_archetypes_v1,804eeba846c75abc321df0821fe82a05e7bee9719cecff45798be0c82176ab7c,ATXG,active,development_stage_and_speculative_transport,Integrated Freight & Logistics,surface_logistics,development_all|surface_logistics,1,milestone_target_date,milestone_slippage_days,development,DP-S,NOT_APPLICABLE,no_applicable_archetype_tag,iso_date,milestone,1100,date,not_applicable
transportation_dedicated_parser_support_scope_v1,transportation_parser_support_v1,transportation_operating_archetypes_v1,804eeba846c75abc321df0821fe82a05e7bee9719cecff45798be0c82176ab7c,AYR,delisted_usable,air_transport_and_aviation_services,Rental & Leasing Services,aircraft_lessor,aircraft_lessor,0,airline_fuel_consumed,fuel_efficiency_per_capacity_unit,air,DP-S,NOT_APPLICABLE,no_applicable_archetype_tag,fuel_volume,fiscal_period,550,nonnegative,not_applicable
transportation_dedicated_parser_support_scope_v1,transportation_parser_support_v1,transportation_operating_archetypes_v1,804eeba846c75abc321df0821fe82a05e7bee9719cecff45798be0c82176ab7c,AYR,delisted_usable,air_transport_and_aviation_services,Rental & Leasing Services,aircraft_lessor,aircraft_lessor,0,airline_capacity_units,fuel_efficiency_per_capacity_unit|fuel_cost_per_capacity_unit,air,DP-S,NOT_APPLICABLE,no_applicable_archetype_tag,capacity_units,fiscal_period,550,nonnegative,not_applicable
transportation_dedicated_parser_support_scope_v1,transportation_parser_support_v1,transportation_operating_archetypes_v1,804eeba846c75abc321df0821fe82a05e7bee9719cecff45798be0c82176ab7c,AYR,delisted_usable,air_transport_and_aviation_services,Rental & Leasing Services,aircraft_lessor,aircraft_lessor,0,airline_fuel_expense,fuel_cost_per_capacity_unit,air,DP-S,NOT_APPLICABLE,no_applicable_archetype_tag,currency,fiscal_period,550,nonnegative,not_applicable
transportation_dedicated_parser_support_scope_v1,transportation_parser_support_v1,transportation_operating_archetypes_v1,804eeba846c75abc321df0821fe82a05e7bee9719cecff45798be0c82176ab7c,AYR,delisted_usable,air_transport_and_aviation_services,Rental & Leasing Services,aircraft_lessor,aircraft_lessor,0,airport_aeronautical_revenue,aeronautical_revenue_per_passenger,air,DP-S,NOT_APPLICABLE,no_applicable_archetype_tag,currency,fiscal_period,550,nonnegative,not_applicable
transportation_dedicated_parser_support_scope_v1,transportation_parser_support_v1,transportation_operating_archetypes_v1,804eeba846c75abc321df0821fe82a05e7bee9719cecff45798be0c82176ab7c,AYR,delisted_usable,air_transport_and_aviation_services,Rental & Leasing Services,aircraft_lessor,aircraft_lessor,0,airport_non_aeronautical_revenue,non_aeronautical_revenue_per_passenger,air,DP-S,NOT_APPLICABLE,no_applicable_archetype_tag,currency,fiscal_period,550,nonnegative,not_applicable
transportation_dedicated_parser_support_scope_v1,transportation_parser_support_v1,transportation_operating_archetypes_v1,804eeba846c75abc321df0821fe82a05e7bee9719cecff45798be0c82176ab7c,AYR,delisted_usable,air_transport_and_aviation_services,Rental & Leasing Services,aircraft_lessor,aircraft_lessor,0,airport_passenger_throughput,aeronautical_revenue_per_passenger|non_aeronautical_revenue_per_passenger,air,DP-S,NOT_APPLICABLE,no_applicable_archetype_tag,count,fiscal_period,550,nonnegative_integer,not_applicable
transportation_dedicated_parser_support_scope_v1,transportation_parser_support_v1,transportation_operating_archetypes_v1,804eeba846c75abc321df0821fe82a05e7bee9719cecff45798be0c82176ab7c,AYR,delisted_usable,air_transport_and_aviation_services,Rental & Leasing Services,aircraft_lessor,aircraft_lessor,0,milestone_target_date,milestone_slippage_days,development,DP-S,NOT_APPLICABLE,no_applicable_archetype_tag,iso_date,milestone,1100,date,not_applicable
transportation_dedicated_parser_support_scope_v1,transportation_parser_support_v1,transportation_operating_archetypes_v1,804eeba846c75abc321df0821fe82a05e7bee9719cecff45798be0c82176ab7c,AZUL,active,air_transport_and_aviation_services,Airlines,passenger_airline,passenger_airline,0,airline_fuel_consumed,fuel_efficiency_per_capacity_unit,air,DP-S,APPLICABLE,tag_match:passenger_airline,fuel_volume,fiscal_period,550,nonnegative,coverage_pending
transportation_dedicated_parser_support_scope_v1,transportation_parser_support_v1,transportation_operating_archetypes_v1,804eeba846c75abc321df0821fe82a05e7bee9719cecff45798be0c82176ab7c,AZUL,active,air_transport_and_aviation_services,Airlines,passenger_airline,passenger_airline,0,airline_capacity_units,fuel_efficiency_per_capacity_unit|fuel_cost_per_capacity_unit,air,DP-S,APPLICABLE,tag_match:passenger_airline,capacity_units,fiscal_period,550,nonnegative,coverage_pending
transportation_dedicated_parser_support_scope_v1,transportation_parser_support_v1,transportation_operating_archetypes_v1,804eeba846c75abc321df0821fe82a05e7bee9719cecff45798be0c82176ab7c,AZUL,active,air_transport_and_aviation_services,Airlines,passenger_airline,passenger_airline,0,airline_fuel_expense,fuel_cost_per_capacity_unit,air,DP-S,APPLICABLE,tag_match:passenger_airline,currency,fiscal_period,550,nonnegative,coverage_pending
transportation_dedicated_parser_support_scope_v1,transportation_parser_support_v1,transportation_operating_archetypes_v1,804eeba846c75abc321df0821fe82a05e7bee9719cecff45798be0c82176ab7c,AZUL,active,air_transport_and_aviation_services,Airlines,passenger_airline,passenger_airline,0,airport_aeronautical_revenue,aeronautical_revenue_per_passenger,air,DP-S,NOT_APPLICABLE,no_applicable_archetype_tag,currency,fiscal_period,550,nonnegative,not_applicable
transportation_dedicated_parser_support_scope_v1,transportation_parser_support_v1,transportation_operating_archetypes_v1,804eeba846c75abc321df0821fe82a05e7bee9719cecff45798be0c82176ab7c,AZUL,active,air_transport_and_aviation_services,Airlines,passenger_airline,passenger_airline,0,airport_non_aeronautical_revenue,non_aeronautical_revenue_per_passenger,air,DP-S,NOT_APPLICABLE,no_applicable_archetype_tag,currency,fiscal_period,550,nonnegative,not_applicable
transportation_dedicated_parser_support_scope_v1,transportation_parser_support_v1,transportation_operating_archetypes_v1,804eeba846c75abc321df0821fe82a05e7bee9719cecff45798be0c82176ab7c,AZUL,active,air_transport_and_aviation_services,Airlines,passenger_airline,passenger_airline,0,airport_passenger_throughput,aeronautical_revenue_per_passenger|non_aeronautical_revenue_per_passenger,air,DP-S,NOT_APPLICABLE,no_applicable_archetype_tag,count,fiscal_period,550,nonnegative_integer,not_applicable
transportation_dedicated_parser_support_scope_v1,transportation_parser_support_v1,transportation_operating_archetypes_v1,804eeba846c75abc321df0821fe82a05e7bee9719cecff45798be0c82176ab7c,AZUL,active,air_transport_and_aviation_services,Airlines,passenger_airline,passenger_airline,0,milestone_target_date,milestone_slippage_days,development,DP-S,NOT_APPLICABLE,no_applicable_archetype_tag,iso_date,milestone,1100,date,not_applicable
transportation_dedicated_parser_support_scope_v1,transportation_parser_support_v1,transportation_operating_archetypes_v1,804eeba846c75abc321df0821fe82a05e7bee9719cecff45798be0c82176ab7c,BNI,delisted_usable,surface_freight_and_logistics,Railroads,surface_rail_operator,surface_rail_operator,0,airline_fuel_consumed,fuel_efficiency_per_capacity_unit,air,DP-S,NOT_APPLICABLE,no_applicable_archetype_tag,fuel_volume,fiscal_period,550,nonnegative,not_applicable
transportation_dedicated_parser_support_scope_v1,transportation_parser_support_v1,transportation_operating_archetypes_v1,804eeba846c75abc321df0821fe82a05e7bee9719cecff45798be0c82176ab7c,BNI,delisted_usable,surface_freight_and_logistics,Railroads,surface_rail_operator,surface_rail_operator,0,airline_capacity_units,fuel_efficiency_per_capacity_unit|fuel_cost_per_capacity_unit,air,DP-S,NOT_APPLICABLE,no_applicable_archetype_tag,capacity_units,fiscal_period,550,nonnegative,not_applicable
transportation_dedicated_parser_support_scope_v1,transportation_parser_support_v1,transportation_operating_archetypes_v1,804eeba846c75abc321df0821fe82a05e7bee9719cecff45798be0c82176ab7c,BNI,delisted_usable,surface_freight_and_logistics,Railroads,surface_rail_operator,surface_rail_operator,0,airline_fuel_expense,fuel_cost_per_capacity_unit,air,DP-S,NOT_APPLICABLE,no_applicable_archetype_tag,currency,fiscal_period,550,nonnegative,not_applicable
transportation_dedicated_parser_support_scope_v1,transportation_parser_support_v1,transportation_operating_archetypes_v1,804eeba846c75abc321df0821fe82a05e7bee9719cecff45798be0c82176ab7c,BNI,delisted_usable,surface_freight_and_logistics,Railroads,surface_rail_operator,surface_rail_operator,0,airport_aeronautical_revenue,aeronautical_revenue_per_passenger,air,DP-S,NOT_APPLICABLE,no_applicable_archetype_tag,currency,fiscal_period,550,nonnegative,not_applicable
transportation_dedicated_parser_support_scope_v1,transportation_parser_support_v1,transportation_operating_archetypes_v1,804eeba846c75abc321df0821fe82a05e7bee9719cecff45798be0c82176ab7c,BNI,delisted_usable,surface_freight_and_logistics,Railroads,surface_rail_operator,surface_rail_operator,0,airport_non_aeronautical_revenue,non_aeronautical_revenue_per_passenger,air,DP-S,NOT_APPLICABLE,no_applicable_archetype_tag,currency,fiscal_period,550,nonnegative,not_applicable
transportation_dedicated_parser_support_scope_v1,transportation_parser_support_v1,transportation_operating_archetypes_v1,804eeba846c75abc321df0821fe82a05e7bee9719cecff45798be0c82176ab7c,BNI,delisted_usable,surface_freight_and_logistics,Railroads,surface_rail_operator,surface_rail_operator,0,airport_passenger_throughput,aeronautical_revenue_per_passenger|non_aeronautical_revenue_per_passenger,air,DP-S,NOT_APPLICABLE,no_applicable_archetype_tag,count,fiscal_period,550,nonnegative_integer,not_applicable
transportation_dedicated_parser_support_scope_v1,transportation_parser_support_v1,transportation_operating_archetypes_v1,804eeba846c75abc321df0821fe82a05e7bee9719cecff45798be0c82176ab7c,BNI,delisted_usable,surface_freight_and_logistics,Railroads,surface_rail_operator,surface_rail_operator,0,milestone_target_date,milestone_slippage_days,development,DP-S,NOT_APPLICABLE,no_applicable_archetype_tag,iso_date,milestone,1100,date,not_applicable
transportation_dedicated_parser_support_scope_v1,transportation_parser_support_v1,transportation_operating_archetypes_v1,804eeba846c75abc321df0821fe82a05e7bee9719cecff45798be0c82176ab7c,CAAP,active,air_transport_and_aviation_services,Airports & Air Services,airport_operator,airport_operator,0,airline_fuel_consumed,fuel_efficiency_per_capacity_unit,air,DP-S,NOT_APPLICABLE,no_applicable_archetype_tag,fuel_volume,fiscal_period,550,nonnegative,not_applicable
transportation_dedicated_parser_support_scope_v1,transportation_parser_support_v1,transportation_operating_archetypes_v1,804eeba846c75abc321df0821fe82a05e7bee9719cecff45798be0c82176ab7c,CAAP,active,air_transport_and_aviation_services,Airports & Air Services,airport_operator,airport_operator,0,airline_capacity_units,fuel_efficiency_per_capacity_unit|fuel_cost_per_capacity_unit,air,DP-S,NOT_APPLICABLE,no_applicable_archetype_tag,capacity_units,fiscal_period,550,nonnegative,not_applicable
transportation_dedicated_parser_support_scope_v1,transportation_parser_support_v1,transportation_operating_archetypes_v1,804eeba846c75abc321df0821fe82a05e7bee9719cecff45798be0c82176ab7c,CAAP,active,air_transport_and_aviation_services,Airports & Air Services,airport_operator,airport_operator,0,airline_fuel_expense,fuel_cost_per_capacity_unit,air,DP-S,NOT_APPLICABLE,no_applicable_archetype_tag,currency,fiscal_period,550,nonnegative,not_applicable
transportation_dedicated_parser_support_scope_v1,transportation_parser_support_v1,transportation_operating_archetypes_v1,804eeba846c75abc321df0821fe82a05e7bee9719cecff45798be0c82176ab7c,CAAP,active,air_transport_and_aviation_services,Airports & Air Services,airport_operator,airport_operator,0,airport_aeronautical_revenue,aeronautical_revenue_per_passenger,air,DP-S,APPLICABLE,tag_match:airport_operator,currency,fiscal_period,550,nonnegative,coverage_pending
transportation_dedicated_parser_support_scope_v1,transportation_parser_support_v1,transportation_operating_archetypes_v1,804eeba846c75abc321df0821fe82a05e7bee9719cecff45798be0c82176ab7c,CAAP,active,air_transport_and_aviation_services,Airports & Air Services,airport_operator,airport_operator,0,airport_non_aeronautical_revenue,non_aeronautical_revenue_per_passenger,air,DP-S,APPLICABLE,tag_match:airport_operator,currency,fiscal_period,550,nonnegative,coverage_pending
transportation_dedicated_parser_support_scope_v1,transportation_parser_support_v1,transportation_operating_archetypes_v1,804eeba846c75abc321df0821fe82a05e7bee9719cecff45798be0c82176ab7c,CAAP,active,air_transport_and_aviation_services,Airports & Air Services,airport_operator,airport_operator,0,airport_passenger_throughput,aeronautical_revenue_per_passenger|non_aeronautical_revenue_per_passenger,air,DP-S,APPLICABLE,tag_match:airport_operator,count,fiscal_period,550,nonnegative_integer,coverage_pending
transportation_dedicated_parser_support_scope_v1,transportation_parser_support_v1,transportation_operating_archetypes_v1,804eeba846c75abc321df0821fe82a05e7bee9719cecff45798be0c82176ab7c,CAAP,active,air_transport_and_aviation_services,Airports & Air Services,airport_operator,airport_operator,0,milestone_target_date,milestone_slippage_days,development,DP-S,NOT_APPLICABLE,no_applicable_archetype_tag,iso_date,milestone,1100,date,not_applicable
transportation_dedicated_parser_support_scope_v1,transportation_parser_support_v1,transportation_operating_archetypes_v1,804eeba846c75abc321df0821fe82a05e7bee9719cecff45798be0c82176ab7c,CAL,delisted_usable,air_transport_and_aviation_services,Airlines,passenger_airline,passenger_airline,0,airline_fuel_consumed,fuel_efficiency_per_capacity_unit,air,DP-S,APPLICABLE,tag_match:passenger_airline,fuel_volume,fiscal_period,550,nonnegative,coverage_pending
transportation_dedicated_parser_support_scope_v1,transportation_parser_support_v1,transportation_operating_archetypes_v1,804eeba846c75abc321df0821fe82a05e7bee9719cecff45798be0c82176ab7c,CAL,delisted_usable,air_transport_and_aviation_services,Airlines,passenger_airline,passenger_airline,0,airline_capacity_units,fuel_efficiency_per_capacity_unit|fuel_cost_per_capacity_unit,air,DP-S,APPLICABLE,tag_match:passenger_airline,capacity_units,fiscal_period,550,nonnegative,coverage_pending
transportation_dedicated_parser_support_scope_v1,transportation_parser_support_v1,transportation_operating_archetypes_v1,804eeba846c75abc321df0821fe82a05e7bee9719cecff45798be0c82176ab7c,CAL,delisted_usable,air_transport_and_aviation_services,Airlines,passenger_airline,passenger_airline,0,airline_fuel_expense,fuel_cost_per_capacity_unit,air,DP-S,APPLICABLE,tag_match:passenger_airline,currency,fiscal_period,550,nonnegative,coverage_pending
transportation_dedicated_parser_support_scope_v1,transportation_parser_support_v1,transportation_operating_archetypes_v1,804eeba846c75abc321df0821fe82a05e7bee9719cecff45798be0c82176ab7c,CAL,delisted_usable,air_transport_and_aviation_services,Airlines,passenger_airline,passenger_airline,0,airport_aeronautical_revenue,aeronautical_revenue_per_passenger,air,DP-S,NOT_APPLICABLE,no_applicable_archetype_tag,currency,fiscal_period,550,nonnegative,not_applicable
transportation_dedicated_parser_support_scope_v1,transportation_parser_support_v1,transportation_operating_archetypes_v1,804eeba846c75abc321df0821fe82a05e7bee9719cecff45798be0c82176ab7c,CAL,delisted_usable,air_transport_and_aviation_services,Airlines,passenger_airline,passenger_airline,0,airport_non_aeronautical_revenue,non_aeronautical_revenue_per_passenger,air,DP-S,NOT_APPLICABLE,no_applicable_archetype_tag,currency,fiscal_period,550,nonnegative,not_applicable
transportation_dedicated_parser_support_scope_v1,transportation_parser_support_v1,transportation_operating_archetypes_v1,804eeba846c75abc321df0821fe82a05e7bee9719cecff45798be0c82176ab7c,CAL,delisted_usable,air_transport_and_aviation_services,Airlines,passenger_airline,passenger_airline,0,airport_passenger_throughput,aeronautical_revenue_per_passenger|non_aeronautical_revenue_per_passenger,air,DP-S,NOT_APPLICABLE,no_applicable_archetype_tag,count,fiscal_period,550,nonnegative_integer,not_applicable
transportation_dedicated_parser_support_scope_v1,transportation_parser_support_v1,transportation_operating_archetypes_v1,804eeba846c75abc321df0821fe82a05e7bee9719cecff45798be0c82176ab7c,CAL,delisted_usable,air_transport_and_aviation_services,Airlines,passenger_airline,passenger_airline,0,milestone_target_date,milestone_slippage_days,development,DP-S,NOT_APPLICABLE,no_applicable_archetype_tag,iso_date,milestone,1100,date,not_applicable
transportation_dedicated_parser_support_scope_v1,transportation_parser_support_v1,transportation_operating_archetypes_v1,804eeba846c75abc321df0821fe82a05e7bee9719cecff45798be0c82176ab7c,CCEC,active,marine_shipping_and_maritime,Marine Shipping,marine_operator,marine_operator,0,airline_fuel_consumed,fuel_efficiency_per_capacity_unit,air,DP-S,NOT_APPLICABLE,no_applicable_archetype_tag,fuel_volume,fiscal_period,550,nonnegative,not_applicable
transportation_dedicated_parser_support_scope_v1,transportation_parser_support_v1,transportation_operating_archetypes_v1,804eeba846c75abc321df0821fe82a05e7bee9719cecff45798be0c82176ab7c,CCEC,active,marine_shipping_and_maritime,Marine Shipping,marine_operator,marine_operator,0,airline_capacity_units,fuel_efficiency_per_capacity_unit|fuel_cost_per_capacity_unit,air,DP-S,NOT_APPLICABLE,no_applicable_archetype_tag,capacity_units,fiscal_period,550,nonnegative,not_applicable
transportation_dedicated_parser_support_scope_v1,transportation_parser_support_v1,transportation_operating_archetypes_v1,804eeba846c75abc321df0821fe82a05e7bee9719cecff45798be0c82176ab7c,CCEC,active,marine_shipping_and_maritime,Marine Shipping,marine_operator,marine_operator,0,airline_fuel_expense,fuel_cost_per_capacity_unit,air,DP-S,NOT_APPLICABLE,no_applicable_archetype_tag,currency,fiscal_period,550,nonnegative,not_applicable
transportation_dedicated_parser_support_scope_v1,transportation_parser_support_v1,transportation_operating_archetypes_v1,804eeba846c75abc321df0821fe82a05e7bee9719cecff45798be0c82176ab7c,CCEC,active,marine_shipping_and_maritime,Marine Shipping,marine_operator,marine_operator,0,airport_aeronautical_revenue,aeronautical_revenue_per_passenger,air,DP-S,NOT_APPLICABLE,no_applicable_archetype_tag,currency,fiscal_period,550,nonnegative,not_applicable
transportation_dedicated_parser_support_scope_v1,transportation_parser_support_v1,transportation_operating_archetypes_v1,804eeba846c75abc321df0821fe82a05e7bee9719cecff45798be0c82176ab7c,CCEC,active,marine_shipping_and_maritime,Marine Shipping,marine_operator,marine_operator,0,airport_non_aeronautical_revenue,non_aeronautical_revenue_per_passenger,air,DP-S,NOT_APPLICABLE,no_applicable_archetype_tag,currency,fiscal_period,550,nonnegative,not_applicable
transportation_dedicated_parser_support_scope_v1,transportation_parser_support_v1,transportation_operating_archetypes_v1,804eeba846c75abc321df0821fe82a05e7bee9719cecff45798be0c82176ab7c,CCEC,active,marine_shipping_and_maritime,Marine Shipping,marine_operator,marine_operator,0,airport_passenger_throughput,aeronautical_revenue_per_passenger|non_aeronautical_revenue_per_passenger,air,DP-S,NOT_APPLICABLE,no_applicable_archetype_tag,count,fiscal_period,550,nonnegative_integer,not_applicable
transportation_dedicated_parser_support_scope_v1,transportation_parser_support_v1,transportation_operating_archetypes_v1,804eeba846c75abc321df0821fe82a05e7bee9719cecff45798be0c82176ab7c,CCEC,active,marine_shipping_and_maritime,Marine Shipping,marine_operator,marine_operator,0,milestone_target_date,milestone_slippage_days,development,DP-S,NOT_APPLICABLE,no_applicable_archetype_tag,iso_date,milestone,1100,date,not_applicable
transportation_dedicated_parser_support_scope_v1,transportation_parser_support_v1,transportation_operating_archetypes_v1,804eeba846c75abc321df0821fe82a05e7bee9719cecff45798be0c82176ab7c,CGI,delisted_usable,surface_freight_and_logistics,Trucking,surface_trucking,surface_trucking,0,airline_fuel_consumed,fuel_efficiency_per_capacity_unit,air,DP-S,NOT_APPLICABLE,no_applicable_archetype_tag,fuel_volume,fiscal_period,550,nonnegative,not_applicable
transportation_dedicated_parser_support_scope_v1,transportation_parser_support_v1,transportation_operating_archetypes_v1,804eeba846c75abc321df0821fe82a05e7bee9719cecff45798be0c82176ab7c,CGI,delisted_usable,surface_freight_and_logistics,Trucking,surface_trucking,surface_trucking,0,airline_capacity_units,fuel_efficiency_per_capacity_unit|fuel_cost_per_capacity_unit,air,DP-S,NOT_APPLICABLE,no_applicable_archetype_tag,capacity_units,fiscal_period,550,nonnegative,not_applicable
transportation_dedicated_parser_support_scope_v1,transportation_parser_support_v1,transportation_operating_archetypes_v1,804eeba846c75abc321df0821fe82a05e7bee9719cecff45798be0c82176ab7c,CGI,delisted_usable,surface_freight_and_logistics,Trucking,surface_trucking,surface_trucking,0,airline_fuel_expense,fuel_cost_per_capacity_unit,air,DP-S,NOT_APPLICABLE,no_applicable_archetype_tag,currency,fiscal_period,550,nonnegative,not_applicable
transportation_dedicated_parser_support_scope_v1,transportation_parser_support_v1,transportation_operating_archetypes_v1,804eeba846c75abc321df0821fe82a05e7bee9719cecff45798be0c82176ab7c,CGI,delisted_usable,surface_freight_and_logistics,Trucking,surface_trucking,surface_trucking,0,airport_aeronautical_revenue,aeronautical_revenue_per_passenger,air,DP-S,NOT_APPLICABLE,no_applicable_archetype_tag,currency,fiscal_period,550,nonnegative,not_applicable
transportation_dedicated_parser_support_scope_v1,transportation_parser_support_v1,transportation_operating_archetypes_v1,804eeba846c75abc321df0821fe82a05e7bee9719cecff45798be0c82176ab7c,CGI,delisted_usable,surface_freight_and_logistics,Trucking,surface_trucking,surface_trucking,0,airport_non_aeronautical_revenue,non_aeronautical_revenue_per_passenger,air,DP-S,NOT_APPLICABLE,no_applicable_archetype_tag,currency,fiscal_period,550,nonnegative,not_applicable
transportation_dedicated_parser_support_scope_v1,transportation_parser_support_v1,transportation_operating_archetypes_v1,804eeba846c75abc321df0821fe82a05e7bee9719cecff45798be0c82176ab7c,CGI,delisted_usable,surface_freight_and_logistics,Trucking,surface_trucking,surface_trucking,0,airport_passenger_throughput,aeronautical_revenue_per_passenger|non_aeronautical_revenue_per_passenger,air,DP-S,NOT_APPLICABLE,no_applicable_archetype_tag,count,fiscal_period,550,nonnegative_integer,not_applicable
transportation_dedicated_parser_support_scope_v1,transportation_parser_support_v1,transportation_operating_archetypes_v1,804eeba846c75abc321df0821fe82a05e7bee9719cecff45798be0c82176ab7c,CGI,delisted_usable,surface_freight_and_logistics,Trucking,surface_trucking,surface_trucking,0,milestone_target_date,milestone_slippage_days,development,DP-S,NOT_APPLICABLE,no_applicable_archetype_tag,iso_date,milestone,1100,date,not_applicable
transportation_dedicated_parser_support_scope_v1,transportation_parser_support_v1,transportation_operating_archetypes_v1,804eeba846c75abc321df0821fe82a05e7bee9719cecff45798be0c82176ab7c,CHRW,active,surface_freight_and_logistics,Integrated Freight & Logistics,surface_logistics,surface_logistics,0,airline_fuel_consumed,fuel_efficiency_per_capacity_unit,air,DP-S,NOT_APPLICABLE,no_applicable_archetype_tag,fuel_volume,fiscal_period,550,nonnegative,not_applicable
transportation_dedicated_parser_support_scope_v1,transportation_parser_support_v1,transportation_operating_archetypes_v1,804eeba846c75abc321df0821fe82a05e7bee9719cecff45798be0c82176ab7c,CHRW,active,surface_freight_and_logistics,Integrated Freight & Logistics,surface_logistics,surface_logistics,0,airline_capacity_units,fuel_efficiency_per_capacity_unit|fuel_cost_per_capacity_unit,air,DP-S,NOT_APPLICABLE,no_applicable_archetype_tag,capacity_units,fiscal_period,550,nonnegative,not_applicable
transportation_dedicated_parser_support_scope_v1,transportation_parser_support_v1,transportation_operating_archetypes_v1,804eeba846c75abc321df0821fe82a05e7bee9719cecff45798be0c82176ab7c,CHRW,active,surface_freight_and_logistics,Integrated Freight & Logistics,surface_logistics,surface_logistics,0,airline_fuel_expense,fuel_cost_per_capacity_unit,air,DP-S,NOT_APPLICABLE,no_applicable_archetype_tag,currency,fiscal_period,550,nonnegative,not_applicable
transportation_dedicated_parser_support_scope_v1,transportation_parser_support_v1,transportation_operating_archetypes_v1,804eeba846c75abc321df0821fe82a05e7bee9719cecff45798be0c82176ab7c,CHRW,active,surface_freight_and_logistics,Integrated Freight & Logistics,surface_logistics,surface_logistics,0,airport_aeronautical_revenue,aeronautical_revenue_per_passenger,air,DP-S,NOT_APPLICABLE,no_applicable_archetype_tag,currency,fiscal_period,550,nonnegative,not_applicable
transportation_dedicated_parser_support_scope_v1,transportation_parser_support_v1,transportation_operating_archetypes_v1,804eeba846c75abc321df0821fe82a05e7bee9719cecff45798be0c82176ab7c,CHRW,active,surface_freight_and_logistics,Integrated Freight & Logistics,surface_logistics,surface_logistics,0,airport_non_aeronautical_revenue,non_aeronautical_revenue_per_passenger,air,DP-S,NOT_APPLICABLE,no_applicable_archetype_tag,currency,fiscal_period,550,nonnegative,not_applicable
transportation_dedicated_parser_support_scope_v1,transportation_parser_support_v1,transportation_operating_archetypes_v1,804eeba846c75abc321df0821fe82a05e7bee9719cecff45798be0c82176ab7c,CHRW,active,surface_freight_and_logistics,Integrated Freight & Logistics,surface_logistics,surface_logistics,0,airport_passenger_throughput,aeronautical_revenue_per_passenger|non_aeronautical_revenue_per_passenger,air,DP-S,NOT_APPLICABLE,no_applicable_archetype_tag,count,fiscal_period,550,nonnegative_integer,not_applicable
transportation_dedicated_parser_support_scope_v1,transportation_parser_support_v1,transportation_operating_archetypes_v1,804eeba846c75abc321df0821fe82a05e7bee9719cecff45798be0c82176ab7c,CHRW,active,surface_freight_and_logistics,Integrated Freight & Logistics,surface_logistics,surface_logistics,0,milestone_target_date,milestone_slippage_days,development,DP-S,NOT_APPLICABLE,no_applicable_archetype_tag,iso_date,milestone,1100,date,not_applicable
transportation_dedicated_parser_support_scope_v1,transportation_parser_support_v1,transportation_operating_archetypes_v1,804eeba846c75abc321df0821fe82a05e7bee9719cecff45798be0c82176ab7c,CIIT,active,development_stage_and_speculative_transport,Integrated Freight & Logistics,surface_logistics,development_all|surface_logistics,1,airline_fuel_consumed,fuel_efficiency_per_capacity_unit,air,DP-S,NOT_APPLICABLE,no_applicable_archetype_tag,fuel_volume,fiscal_period,550,nonnegative,not_applicable
transportation_dedicated_parser_support_scope_v1,transportation_parser_support_v1,transportation_operating_archetypes_v1,804eeba846c75abc321df0821fe82a05e7bee9719cecff45798be0c82176ab7c,CIIT,active,development_stage_and_speculative_transport,Integrated Freight & Logistics,surface_logistics,development_all|surface_logistics,1,airline_capacity_units,fuel_efficiency_per_capacity_unit|fuel_cost_per_capacity_unit,air,DP-S,NOT_APPLICABLE,no_applicable_archetype_tag,capacity_units,fiscal_period,550,nonnegative,not_applicable
transportation_dedicated_parser_support_scope_v1,transportation_parser_support_v1,transportation_operating_archetypes_v1,804eeba846c75abc321df0821fe82a05e7bee9719cecff45798be0c82176ab7c,CIIT,active,development_stage_and_speculative_transport,Integrated Freight & Logistics,surface_logistics,development_all|surface_logistics,1,airline_fuel_expense,fuel_cost_per_capacity_unit,air,DP-S,NOT_APPLICABLE,no_applicable_archetype_tag,currency,fiscal_period,550,nonnegative,not_applicable
transportation_dedicated_parser_support_scope_v1,transportation_parser_support_v1,transportation_operating_archetypes_v1,804eeba846c75abc321df0821fe82a05e7bee9719cecff45798be0c82176ab7c,CIIT,active,development_stage_and_speculative_transport,Integrated Freight & Logistics,surface_logistics,development_all|surface_logistics,1,airport_aeronautical_revenue,aeronautical_revenue_per_passenger,air,DP-S,NOT_APPLICABLE,no_applicable_archetype_tag,currency,fiscal_period,550,nonnegative,not_applicable
transportation_dedicated_parser_support_scope_v1,transportation_parser_support_v1,transportation_operating_archetypes_v1,804eeba846c75abc321df0821fe82a05e7bee9719cecff45798be0c82176ab7c,CIIT,active,development_stage_and_speculative_transport,Integrated Freight & Logistics,surface_logistics,development_all|surface_logistics,1,airport_non_aeronautical_revenue,non_aeronautical_revenue_per_passenger,air,DP-S,NOT_APPLICABLE,no_applicable_archetype_tag,currency,fiscal_period,550,nonnegative,not_applicable
transportation_dedicated_parser_support_scope_v1,transportation_parser_support_v1,transportation_operating_archetypes_v1,804eeba846c75abc321df0821fe82a05e7bee9719cecff45798be0c82176ab7c,CIIT,active,development_stage_and_speculative_transport,Integrated Freight & Logistics,surface_logistics,development_all|surface_logistics,1,airport_passenger_throughput,aeronautical_revenue_per_passenger|non_aeronautical_revenue_per_passenger,air,DP-S,NOT_APPLICABLE,no_applicable_archetype_tag,count,fiscal_period,550,nonnegative_integer,not_applicable
transportation_dedicated_parser_support_scope_v1,transportation_parser_support_v1,transportation_operating_archetypes_v1,804eeba846c75abc321df0821fe82a05e7bee9719cecff45798be0c82176ab7c,CIIT,active,development_stage_and_speculative_transport,Integrated Freight & Logistics,surface_logistics,development_all|surface_logistics,1,milestone_target_date,milestone_slippage_days,development,DP-S,NOT_APPLICABLE,no_applicable_archetype_tag,iso_date,milestone,1100,date,not_applicable
transportation_dedicated_parser_support_scope_v1,transportation_parser_support_v1,transportation_operating_archetypes_v1,804eeba846c75abc321df0821fe82a05e7bee9719cecff45798be0c82176ab7c,CISS,active,development_stage_and_speculative_transport,Marine Shipping,marine_operator,development_all|marine_operator,1,airline_fuel_consumed,fuel_efficiency_per_capacity_unit,air,DP-S,NOT_APPLICABLE,no_applicable_archetype_tag,fuel_volume,fiscal_period,550,nonnegative,not_applicable
transportation_dedicated_parser_support_scope_v1,transportation_parser_support_v1,transportation_operating_archetypes_v1,804eeba846c75abc321df0821fe82a05e7bee9719cecff45798be0c82176ab7c,CISS,active,development_stage_and_speculative_transport,Marine Shipping,marine_operator,development_all|marine_operator,1,airline_capacity_units,fuel_efficiency_per_capacity_unit|fuel_cost_per_capacity_unit,air,DP-S,NOT_APPLICABLE,no_applicable_archetype_tag,capacity_units,fiscal_period,550,nonnegative,not_applicable
transportation_dedicated_parser_support_scope_v1,transportation_parser_support_v1,transportation_operating_archetypes_v1,804eeba846c75abc321df0821fe82a05e7bee9719cecff45798be0c82176ab7c,CISS,active,development_stage_and_speculative_transport,Marine Shipping,marine_operator,development_all|marine_operator,1,airline_fuel_expense,fuel_cost_per_capacity_unit,air,DP-S,NOT_APPLICABLE,no_applicable_archetype_tag,currency,fiscal_period,550,nonnegative,not_applicable
transportation_dedicated_parser_support_scope_v1,transportation_parser_support_v1,transportation_operating_archetypes_v1,804eeba846c75abc321df0821fe82a05e7bee9719cecff45798be0c82176ab7c,CISS,active,development_stage_and_speculative_transport,Marine Shipping,marine_operator,development_all|marine_operator,1,airport_aeronautical_revenue,aeronautical_revenue_per_passenger,air,DP-S,NOT_APPLICABLE,no_applicable_archetype_tag,currency,fiscal_period,550,nonnegative,not_applicable
transportation_dedicated_parser_support_scope_v1,transportation_parser_support_v1,transportation_operating_archetypes_v1,804eeba846c75abc321df0821fe82a05e7bee9719cecff45798be0c82176ab7c,CISS,active,development_stage_and_speculative_transport,Marine Shipping,marine_operator,development_all|marine_operator,1,airport_non_aeronautical_revenue,non_aeronautical_revenue_per_passenger,air,DP-S,NOT_APPLICABLE,no_applicable_archetype_tag,currency,fiscal_period,550,nonnegative,not_applicable
transportation_dedicated_parser_support_scope_v1,transportation_parser_support_v1,transportation_operating_archetypes_v1,804eeba846c75abc321df0821fe82a05e7bee9719cecff45798be0c82176ab7c,CISS,active,development_stage_and_speculative_transport,Marine Shipping,marine_operator,development_all|marine_operator,1,airport_passenger_throughput,aeronautical_revenue_per_passenger|non_aeronautical_revenue_per_passenger,air,DP-S,NOT_APPLICABLE,no_applicable_archetype_tag,count,fiscal_period,550,nonnegative_integer,not_applicable
transportation_dedicated_parser_support_scope_v1,transportation_parser_support_v1,transportation_operating_archetypes_v1,804eeba846c75abc321df0821fe82a05e7bee9719cecff45798be0c82176ab7c,CISS,active,development_stage_and_speculative_transport,Marine Shipping,marine_operator,development_all|marine_operator,1,milestone_target_date,milestone_slippage_days,development,DP-S,NOT_APPLICABLE,no_applicable_archetype_tag,iso_date,milestone,1100,date,not_applicable
transportation_dedicated_parser_support_scope_v1,transportation_parser_support_v1,transportation_operating_archetypes_v1,804eeba846c75abc321df0821fe82a05e7bee9719cecff45798be0c82176ab7c,CMDB,active,marine_shipping_and_maritime,Marine Shipping,marine_operator,marine_operator,0,airline_fuel_consumed,fuel_efficiency_per_capacity_unit,air,DP-S,NOT_APPLICABLE,no_applicable_archetype_tag,fuel_volume,fiscal_period,550,nonnegative,not_applicable
transportation_dedicated_parser_support_scope_v1,transportation_parser_support_v1,transportation_operating_archetypes_v1,804eeba846c75abc321df0821fe82a05e7bee9719cecff45798be0c82176ab7c,CMDB,active,marine_shipping_and_maritime,Marine Shipping,marine_operator,marine_operator,0,airline_capacity_units,fuel_efficiency_per_capacity_unit|fuel_cost_per_capacity_unit,air,DP-S,NOT_APPLICABLE,no_applicable_archetype_tag,capacity_units,fiscal_period,550,nonnegative,not_applicable
transportation_dedicated_parser_support_scope_v1,transportation_parser_support_v1,transportation_operating_archetypes_v1,804eeba846c75abc321df0821fe82a05e7bee9719cecff45798be0c82176ab7c,CMDB,active,marine_shipping_and_maritime,Marine Shipping,marine_operator,marine_operator,0,airline_fuel_expense,fuel_cost_per_capacity_unit,air,DP-S,NOT_APPLICABLE,no_applicable_archetype_tag,currency,fiscal_period,550,nonnegative,not_applicable
transportation_dedicated_parser_support_scope_v1,transportation_parser_support_v1,transportation_operating_archetypes_v1,804eeba846c75abc321df0821fe82a05e7bee9719cecff45798be0c82176ab7c,CMDB,active,marine_shipping_and_maritime,Marine Shipping,marine_operator,marine_operator,0,airport_aeronautical_revenue,aeronautical_revenue_per_passenger,air,DP-S,NOT_APPLICABLE,no_applicable_archetype_tag,currency,fiscal_period,550,nonnegative,not_applicable
transportation_dedicated_parser_support_scope_v1,transportation_parser_support_v1,transportation_operating_archetypes_v1,804eeba846c75abc321df0821fe82a05e7bee9719cecff45798be0c82176ab7c,CMDB,active,marine_shipping_and_maritime,Marine Shipping,marine_operator,marine_operator,0,airport_non_aeronautical_revenue,non_aeronautical_revenue_per_passenger,air,DP-S,NOT_APPLICABLE,no_applicable_archetype_tag,currency,fiscal_period,550,nonnegative,not_applicable
transportation_dedicated_parser_support_scope_v1,transportation_parser_support_v1,transportation_operating_archetypes_v1,804eeba846c75abc321df0821fe82a05e7bee9719cecff45798be0c82176ab7c,CMDB,active,marine_shipping_and_maritime,Marine Shipping,marine_operator,marine_operator,0,airport_passenger_throughput,aeronautical_revenue_per_passenger|non_aeronautical_revenue_per_passenger,air,DP-S,NOT_APPLICABLE,no_applicable_archetype_tag,count,fiscal_period,550,nonnegative_integer,not_applicable
transportation_dedicated_parser_support_scope_v1,transportation_parser_support_v1,transportation_operating_archetypes_v1,804eeba846c75abc321df0821fe82a05e7bee9719cecff45798be0c82176ab7c,CMDB,active,marine_shipping_and_maritime,Marine Shipping,marine_operator,marine_operator,0,milestone_target_date,milestone_slippage_days,development,DP-S,NOT_APPLICABLE,no_applicable_archetype_tag,iso_date,milestone,1100,date,not_applicable
transportation_dedicated_parser_support_scope_v1,transportation_parser_support_v1,transportation_operating_archetypes_v1,804eeba846c75abc321df0821fe82a05e7bee9719cecff45798be0c82176ab7c,CMRE,active,marine_shipping_and_maritime,Marine Shipping,marine_operator,marine_operator,0,airline_fuel_consumed,fuel_efficiency_per_capacity_unit,air,DP-S,NOT_APPLICABLE,no_applicable_archetype_tag,fuel_volume,fiscal_period,550,nonnegative,not_applicable
transportation_dedicated_parser_support_scope_v1,transportation_parser_support_v1,transportation_operating_archetypes_v1,804eeba846c75abc321df0821fe82a05e7bee9719cecff45798be0c82176ab7c,CMRE,active,marine_shipping_and_maritime,Marine Shipping,marine_operator,marine_operator,0,airline_capacity_units,fuel_efficiency_per_capacity_unit|fuel_cost_per_capacity_unit,air,DP-S,NOT_APPLICABLE,no_applicable_archetype_tag,capacity_units,fiscal_period,550,nonnegative,not_applicable
transportation_dedicated_parser_support_scope_v1,transportation_parser_support_v1,transportation_operating_archetypes_v1,804eeba846c75abc321df0821fe82a05e7bee9719cecff45798be0c82176ab7c,CMRE,active,marine_shipping_and_maritime,Marine Shipping,marine_operator,marine_operator,0,airline_fuel_expense,fuel_cost_per_capacity_unit,air,DP-S,NOT_APPLICABLE,no_applicable_archetype_tag,currency,fiscal_period,550,nonnegative,not_applicable
transportation_dedicated_parser_support_scope_v1,transportation_parser_support_v1,transportation_operating_archetypes_v1,804eeba846c75abc321df0821fe82a05e7bee9719cecff45798be0c82176ab7c,CMRE,active,marine_shipping_and_maritime,Marine Shipping,marine_operator,marine_operator,0,airport_aeronautical_revenue,aeronautical_revenue_per_passenger,air,DP-S,NOT_APPLICABLE,no_applicable_archetype_tag,currency,fiscal_period,550,nonnegative,not_applicable
transportation_dedicated_parser_support_scope_v1,transportation_parser_support_v1,transportation_operating_archetypes_v1,804eeba846c75abc321df0821fe82a05e7bee9719cecff45798be0c82176ab7c,CMRE,active,marine_shipping_and_maritime,Marine Shipping,marine_operator,marine_operator,0,airport_non_aeronautical_revenue,non_aeronautical_revenue_per_passenger,air,DP-S,NOT_APPLICABLE,no_applicable_archetype_tag,currency,fiscal_period,550,nonnegative,not_applicable
transportation_dedicated_parser_support_scope_v1,transportation_parser_support_v1,transportation_operating_archetypes_v1,804eeba846c75abc321df0821fe82a05e7bee9719cecff45798be0c82176ab7c,CMRE,active,marine_shipping_and_maritime,Marine Shipping,marine_operator,marine_operator,0,airport_passenger_throughput,aeronautical_revenue_per_passenger|non_aeronautical_revenue_per_passenger,air,DP-S,NOT_APPLICABLE,no_applicable_archetype_tag,count,fiscal_period,550,nonnegative_integer,not_applicable
transportation_dedicated_parser_support_scope_v1,transportation_parser_support_v1,transportation_operating_archetypes_v1,804eeba846c75abc321df0821fe82a05e7bee9719cecff45798be0c82176ab7c,CMRE,active,marine_shipping_and_maritime,Marine Shipping,marine_operator,marine_operator,0,milestone_target_date,milestone_slippage_days,development,DP-S,NOT_APPLICABLE,no_applicable_archetype_tag,iso_date,milestone,1100,date,not_applicable
transportation_dedicated_parser_support_scope_v1,transportation_parser_support_v1,transportation_operating_archetypes_v1,804eeba846c75abc321df0821fe82a05e7bee9719cecff45798be0c82176ab7c,CNI,active,surface_freight_and_logistics,Railroads,surface_rail_operator,surface_rail_operator,0,airline_fuel_consumed,fuel_efficiency_per_capacity_unit,air,DP-S,NOT_APPLICABLE,no_applicable_archetype_tag,fuel_volume,fiscal_period,550,nonnegative,not_applicable
transportation_dedicated_parser_support_scope_v1,transportation_parser_support_v1,transportation_operating_archetypes_v1,804eeba846c75abc321df0821fe82a05e7bee9719cecff45798be0c82176ab7c,CNI,active,surface_freight_and_logistics,Railroads,surface_rail_operator,surface_rail_operator,0,airline_capacity_units,fuel_efficiency_per_capacity_unit|fuel_cost_per_capacity_unit,air,DP-S,NOT_APPLICABLE,no_applicable_archetype_tag,capacity_units,fiscal_period,550,nonnegative,not_applicable
transportation_dedicated_parser_support_scope_v1,transportation_parser_support_v1,transportation_operating_archetypes_v1,804eeba846c75abc321df0821fe82a05e7bee9719cecff45798be0c82176ab7c,CNI,active,surface_freight_and_logistics,Railroads,surface_rail_operator,surface_rail_operator,0,airline_fuel_expense,fuel_cost_per_capacity_unit,air,DP-S,NOT_APPLICABLE,no_applicable_archetype_tag,currency,fiscal_period,550,nonnegative,not_applicable
transportation_dedicated_parser_support_scope_v1,transportation_parser_support_v1,transportation_operating_archetypes_v1,804eeba846c75abc321df0821fe82a05e7bee9719cecff45798be0c82176ab7c,CNI,active,surface_freight_and_logistics,Railroads,surface_rail_operator,surface_rail_operator,0,airport_aeronautical_revenue,aeronautical_revenue_per_passenger,air,DP-S,NOT_APPLICABLE,no_applicable_archetype_tag,currency,fiscal_period,550,nonnegative,not_applicable
transportation_dedicated_parser_support_scope_v1,transportation_parser_support_v1,transportation_operating_archetypes_v1,804eeba846c75abc321df0821fe82a05e7bee9719cecff45798be0c82176ab7c,CNI,active,surface_freight_and_logistics,Railroads,surface_rail_operator,surface_rail_operator,0,airport_non_aeronautical_revenue,non_aeronautical_revenue_per_passenger,air,DP-S,NOT_APPLICABLE,no_applicable_archetype_tag,currency,fiscal_period,550,nonnegative,not_applicable
transportation_dedicated_parser_support_scope_v1,transportation_parser_support_v1,transportation_operating_archetypes_v1,804eeba846c75abc321df0821fe82a05e7bee9719cecff45798be0c82176ab7c,CNI,active,surface_freight_and_logistics,Railroads,surface_rail_operator,surface_rail_operator,0,airport_passenger_throughput,aeronautical_revenue_per_passenger|non_aeronautical_revenue_per_passenger,air,DP-S,NOT_APPLICABLE,no_applicable_archetype_tag,count,fiscal_period,550,nonnegative_integer,not_applicable
transportation_dedicated_parser_support_scope_v1,transportation_parser_support_v1,transportation_operating_archetypes_v1,804eeba846c75abc321df0821fe82a05e7bee9719cecff45798be0c82176ab7c,CNI,active,surface_freight_and_logistics,Railroads,surface_rail_operator,surface_rail_operator,0,milestone_target_date,milestone_slippage_days,development,DP-S,NOT_APPLICABLE,no_applicable_archetype_tag,iso_date,milestone,1100,date,not_applicable
transportation_dedicated_parser_support_scope_v1,transportation_parser_support_v1,transportation_operating_archetypes_v1,804eeba846c75abc321df0821fe82a05e7bee9719cecff45798be0c82176ab7c,CNW,delisted_usable,surface_freight_and_logistics,Trucking,surface_trucking,surface_trucking,0,airline_fuel_consumed,fuel_efficiency_per_capacity_unit,air,DP-S,NOT_APPLICABLE,no_applicable_archetype_tag,fuel_volume,fiscal_period,550,nonnegative,not_applicable
transportation_dedicated_parser_support_scope_v1,transportation_parser_support_v1,transportation_operating_archetypes_v1,804eeba846c75abc321df0821fe82a05e7bee9719cecff45798be0c82176ab7c,CNW,delisted_usable,surface_freight_and_logistics,Trucking,surface_trucking,surface_trucking,0,airline_capacity_units,fuel_efficiency_per_capacity_unit|fuel_cost_per_capacity_unit,air,DP-S,NOT_APPLICABLE,no_applicable_archetype_tag,capacity_units,fiscal_period,550,nonnegative,not_applicable
transportation_dedicated_parser_support_scope_v1,transportation_parser_support_v1,transportation_operating_archetypes_v1,804eeba846c75abc321df0821fe82a05e7bee9719cecff45798be0c82176ab7c,CNW,delisted_usable,surface_freight_and_logistics,Trucking,surface_trucking,surface_trucking,0,airline_fuel_expense,fuel_cost_per_capacity_unit,air,DP-S,NOT_APPLICABLE,no_applicable_archetype_tag,currency,fiscal_period,550,nonnegative,not_applicable
transportation_dedicated_parser_support_scope_v1,transportation_parser_support_v1,transportation_operating_archetypes_v1,804eeba846c75abc321df0821fe82a05e7bee9719cecff45798be0c82176ab7c,CNW,delisted_usable,surface_freight_and_logistics,Trucking,surface_trucking,surface_trucking,0,airport_aeronautical_revenue,aeronautical_revenue_per_passenger,air,DP-S,NOT_APPLICABLE,no_applicable_archetype_tag,currency,fiscal_period,550,nonnegative,not_applicable
transportation_dedicated_parser_support_scope_v1,transportation_parser_support_v1,transportation_operating_archetypes_v1,804eeba846c75abc321df0821fe82a05e7bee9719cecff45798be0c82176ab7c,CNW,delisted_usable,surface_freight_and_logistics,Trucking,surface_trucking,surface_trucking,0,airport_non_aeronautical_revenue,non_aeronautical_revenue_per_passenger,air,DP-S,NOT_APPLICABLE,no_applicable_archetype_tag,currency,fiscal_period,550,nonnegative,not_applicable
transportation_dedicated_parser_support_scope_v1,transportation_parser_support_v1,transportation_operating_archetypes_v1,804eeba846c75abc321df0821fe82a05e7bee9719cecff45798be0c82176ab7c,CNW,delisted_usable,surface_freight_and_logistics,Trucking,surface_trucking,surface_trucking,0,airport_passenger_throughput,aeronautical_revenue_per_passenger|non_aeronautical_revenue_per_passenger,air,DP-S,NOT_APPLICABLE,no_applicable_archetype_tag,count,fiscal_period,550,nonnegative_integer,not_applicable
transportation_dedicated_parser_support_scope_v1,transportation_parser_support_v1,transportation_operating_archetypes_v1,804eeba846c75abc321df0821fe82a05e7bee9719cecff45798be0c82176ab7c,CNW,delisted_usable,surface_freight_and_logistics,Trucking,surface_trucking,surface_trucking,0,milestone_target_date,milestone_slippage_days,development,DP-S,NOT_APPLICABLE,no_applicable_archetype_tag,iso_date,milestone,1100,date,not_applicable
transportation_dedicated_parser_support_scope_v1,transportation_parser_support_v1,transportation_operating_archetypes_v1,804eeba846c75abc321df0821fe82a05e7bee9719cecff45798be0c82176ab7c,CP,active,surface_freight_and_logistics,Railroads,surface_rail_operator,surface_rail_operator,0,airline_fuel_consumed,fuel_efficiency_per_capacity_unit,air,DP-S,NOT_APPLICABLE,no_applicable_archetype_tag,fuel_volume,fiscal_period,550,nonnegative,not_applicable
transportation_dedicated_parser_support_scope_v1,transportation_parser_support_v1,transportation_operating_archetypes_v1,804eeba846c75abc321df0821fe82a05e7bee9719cecff45798be0c82176ab7c,CP,active,surface_freight_and_logistics,Railroads,surface_rail_operator,surface_rail_operator,0,airline_capacity_units,fuel_efficiency_per_capacity_unit|fuel_cost_per_capacity_unit,air,DP-S,NOT_APPLICABLE,no_applicable_archetype_tag,capacity_units,fiscal_period,550,nonnegative,not_applicable
transportation_dedicated_parser_support_scope_v1,transportation_parser_support_v1,transportation_operating_archetypes_v1,804eeba846c75abc321df0821fe82a05e7bee9719cecff45798be0c82176ab7c,CP,active,surface_freight_and_logistics,Railroads,surface_rail_operator,surface_rail_operator,0,airline_fuel_expense,fuel_cost_per_capacity_unit,air,DP-S,NOT_APPLICABLE,no_applicable_archetype_tag,currency,fiscal_period,550,nonnegative,not_applicable
transportation_dedicated_parser_support_scope_v1,transportation_parser_support_v1,transportation_operating_archetypes_v1,804eeba846c75abc321df0821fe82a05e7bee9719cecff45798be0c82176ab7c,CP,active,surface_freight_and_logistics,Railroads,surface_rail_operator,surface_rail_operator,0,airport_aeronautical_revenue,aeronautical_revenue_per_passenger,air,DP-S,NOT_APPLICABLE,no_applicable_archetype_tag,currency,fiscal_period,550,nonnegative,not_applicable
transportation_dedicated_parser_support_scope_v1,transportation_parser_support_v1,transportation_operating_archetypes_v1,804eeba846c75abc321df0821fe82a05e7bee9719cecff45798be0c82176ab7c,CP,active,surface_freight_and_logistics,Railroads,surface_rail_operator,surface_rail_operator,0,airport_non_aeronautical_revenue,non_aeronautical_revenue_per_passenger,air,DP-S,NOT_APPLICABLE,no_applicable_archetype_tag,currency,fiscal_period,550,nonnegative,not_applicable
transportation_dedicated_parser_support_scope_v1,transportation_parser_support_v1,transportation_operating_archetypes_v1,804eeba846c75abc321df0821fe82a05e7bee9719cecff45798be0c82176ab7c,CP,active,surface_freight_and_logistics,Railroads,surface_rail_operator,surface_rail_operator,0,airport_passenger_throughput,aeronautical_revenue_per_passenger|non_aeronautical_revenue_per_passenger,air,DP-S,NOT_APPLICABLE,no_applicable_archetype_tag,count,fiscal_period,550,nonnegative_integer,not_applicable
transportation_dedicated_parser_support_scope_v1,transportation_parser_support_v1,transportation_operating_archetypes_v1,804eeba846c75abc321df0821fe82a05e7bee9719cecff45798be0c82176ab7c,CP,active,surface_freight_and_logistics,Railroads,surface_rail_operator,surface_rail_operator,0,milestone_target_date,milestone_slippage_days,development,DP-S,NOT_APPLICABLE,no_applicable_archetype_tag,iso_date,milestone,1100,date,not_applicable
transportation_dedicated_parser_support_scope_v1,transportation_parser_support_v1,transportation_operating_archetypes_v1,804eeba846c75abc321df0821fe82a05e7bee9719cecff45798be0c82176ab7c,CPA,active,air_transport_and_aviation_services,Airlines,passenger_airline,passenger_airline,0,airline_fuel_consumed,fuel_efficiency_per_capacity_unit,air,DP-S,APPLICABLE,tag_match:passenger_airline,fuel_volume,fiscal_period,550,nonnegative,coverage_pending
transportation_dedicated_parser_support_scope_v1,transportation_parser_support_v1,transportation_operating_archetypes_v1,804eeba846c75abc321df0821fe82a05e7bee9719cecff45798be0c82176ab7c,CPA,active,air_transport_and_aviation_services,Airlines,passenger_airline,passenger_airline,0,airline_capacity_units,fuel_efficiency_per_capacity_unit|fuel_cost_per_capacity_unit,air,DP-S,APPLICABLE,tag_match:passenger_airline,capacity_units,fiscal_period,550,nonnegative,coverage_pending
transportation_dedicated_parser_support_scope_v1,transportation_parser_support_v1,transportation_operating_archetypes_v1,804eeba846c75abc321df0821fe82a05e7bee9719cecff45798be0c82176ab7c,CPA,active,air_transport_and_aviation_services,Airlines,passenger_airline,passenger_airline,0,airline_fuel_expense,fuel_cost_per_capacity_unit,air,DP-S,APPLICABLE,tag_match:passenger_airline,currency,fiscal_period,550,nonnegative,coverage_pending
transportation_dedicated_parser_support_scope_v1,transportation_parser_support_v1,transportation_operating_archetypes_v1,804eeba846c75abc321df0821fe82a05e7bee9719cecff45798be0c82176ab7c,CPA,active,air_transport_and_aviation_services,Airlines,passenger_airline,passenger_airline,0,airport_aeronautical_revenue,aeronautical_revenue_per_passenger,air,DP-S,NOT_APPLICABLE,no_applicable_archetype_tag,currency,fiscal_period,550,nonnegative,not_applicable
transportation_dedicated_parser_support_scope_v1,transportation_parser_support_v1,transportation_operating_archetypes_v1,804eeba846c75abc321df0821fe82a05e7bee9719cecff45798be0c82176ab7c,CPA,active,air_transport_and_aviation_services,Airlines,passenger_airline,passenger_airline,0,airport_non_aeronautical_revenue,non_aeronautical_revenue_per_passenger,air,DP-S,NOT_APPLICABLE,no_applicable_archetype_tag,currency,fiscal_period,550,nonnegative,not_applicable
transportation_dedicated_parser_support_scope_v1,transportation_parser_support_v1,transportation_operating_archetypes_v1,804eeba846c75abc321df0821fe82a05e7bee9719cecff45798be0c82176ab7c,CPA,active,air_transport_and_aviation_services,Airlines,passenger_airline,passenger_airline,0,airport_passenger_throughput,aeronautical_revenue_per_passenger|non_aeronautical_revenue_per_passenger,air,DP-S,NOT_APPLICABLE,no_applicable_archetype_tag,count,fiscal_period,550,nonnegative_integer,not_applicable
transportation_dedicated_parser_support_scope_v1,transportation_parser_support_v1,transportation_operating_archetypes_v1,804eeba846c75abc321df0821fe82a05e7bee9719cecff45798be0c82176ab7c,CPA,active,air_transport_and_aviation_services,Airlines,passenger_airline,passenger_airline,0,milestone_target_date,milestone_slippage_days,development,DP-S,NOT_APPLICABLE,no_applicable_archetype_tag,iso_date,milestone,1100,date,not_applicable
transportation_dedicated_parser_support_scope_v1,transportation_parser_support_v1,transportation_operating_archetypes_v1,804eeba846c75abc321df0821fe82a05e7bee9719cecff45798be0c82176ab7c,CRGO,active,development_stage_and_speculative_transport,Integrated Freight & Logistics,surface_logistics,development_all|surface_logistics,1,airline_fuel_consumed,fuel_efficiency_per_capacity_unit,air,DP-S,NOT_APPLICABLE,no_applicable_archetype_tag,fuel_volume,fiscal_period,550,nonnegative,not_applicable
transportation_dedicated_parser_support_scope_v1,transportation_parser_support_v1,transportation_operating_archetypes_v1,804eeba846c75abc321df0821fe82a05e7bee9719cecff45798be0c82176ab7c,CRGO,active,development_stage_and_speculative_transport,Integrated Freight & Logistics,surface_logistics,development_all|surface_logistics,1,airline_capacity_units,fuel_efficiency_per_capacity_unit|fuel_cost_per_capacity_unit,air,DP-S,NOT_APPLICABLE,no_applicable_archetype_tag,capacity_units,fiscal_period,550,nonnegative,not_applicable
transportation_dedicated_parser_support_scope_v1,transportation_parser_support_v1,transportation_operating_archetypes_v1,804eeba846c75abc321df0821fe82a05e7bee9719cecff45798be0c82176ab7c,CRGO,active,development_stage_and_speculative_transport,Integrated Freight & Logistics,surface_logistics,development_all|surface_logistics,1,airline_fuel_expense,fuel_cost_per_capacity_unit,air,DP-S,NOT_APPLICABLE,no_applicable_archetype_tag,currency,fiscal_period,550,nonnegative,not_applicable
transportation_dedicated_parser_support_scope_v1,transportation_parser_support_v1,transportation_operating_archetypes_v1,804eeba846c75abc321df0821fe82a05e7bee9719cecff45798be0c82176ab7c,CRGO,active,development_stage_and_speculative_transport,Integrated Freight & Logistics,surface_logistics,development_all|surface_logistics,1,airport_aeronautical_revenue,aeronautical_revenue_per_passenger,air,DP-S,NOT_APPLICABLE,no_applicable_archetype_tag,currency,fiscal_period,550,nonnegative,not_applicable
transportation_dedicated_parser_support_scope_v1,transportation_parser_support_v1,transportation_operating_archetypes_v1,804eeba846c75abc321df0821fe82a05e7bee9719cecff45798be0c82176ab7c,CRGO,active,development_stage_and_speculative_transport,Integrated Freight & Logistics,surface_logistics,development_all|surface_logistics,1,airport_non_aeronautical_revenue,non_aeronautical_revenue_per_passenger,air,DP-S,NOT_APPLICABLE,no_applicable_archetype_tag,currency,fiscal_period,550,nonnegative,not_applicable
transportation_dedicated_parser_support_scope_v1,transportation_parser_support_v1,transportation_operating_archetypes_v1,804eeba846c75abc321df0821fe82a05e7bee9719cecff45798be0c82176ab7c,CRGO,active,development_stage_and_speculative_transport,Integrated Freight & Logistics,surface_logistics,development_all|surface_logistics,1,airport_passenger_throughput,aeronautical_revenue_per_passenger|non_aeronautical_revenue_per_passenger,air,DP-S,NOT_APPLICABLE,no_applicable_archetype_tag,count,fiscal_period,550,nonnegative_integer,not_applicable
transportation_dedicated_parser_support_scope_v1,transportation_parser_support_v1,transportation_operating_archetypes_v1,804eeba846c75abc321df0821fe82a05e7bee9719cecff45798be0c82176ab7c,CRGO,active,development_stage_and_speculative_transport,Integrated Freight & Logistics,surface_logistics,development_all|surface_logistics,1,milestone_target_date,milestone_slippage_days,development,DP-S,NOT_APPLICABLE,no_applicable_archetype_tag,iso_date,milestone,1100,date,not_applicable
transportation_dedicated_parser_support_scope_v1,transportation_parser_support_v1,transportation_operating_archetypes_v1,804eeba846c75abc321df0821fe82a05e7bee9719cecff45798be0c82176ab7c,CSX,active,surface_freight_and_logistics,Railroads,surface_rail_operator,surface_rail_operator,0,airline_fuel_consumed,fuel_efficiency_per_capacity_unit,air,DP-S,NOT_APPLICABLE,no_applicable_archetype_tag,fuel_volume,fiscal_period,550,nonnegative,not_applicable
transportation_dedicated_parser_support_scope_v1,transportation_parser_support_v1,transportation_operating_archetypes_v1,804eeba846c75abc321df0821fe82a05e7bee9719cecff45798be0c82176ab7c,CSX,active,surface_freight_and_logistics,Railroads,surface_rail_operator,surface_rail_operator,0,airline_capacity_units,fuel_efficiency_per_capacity_unit|fuel_cost_per_capacity_unit,air,DP-S,NOT_APPLICABLE,no_applicable_archetype_tag,capacity_units,fiscal_period,550,nonnegative,not_applicable
transportation_dedicated_parser_support_scope_v1,transportation_parser_support_v1,transportation_operating_archetypes_v1,804eeba846c75abc321df0821fe82a05e7bee9719cecff45798be0c82176ab7c,CSX,active,surface_freight_and_logistics,Railroads,surface_rail_operator,surface_rail_operator,0,airline_fuel_expense,fuel_cost_per_capacity_unit,air,DP-S,NOT_APPLICABLE,no_applicable_archetype_tag,currency,fiscal_period,550,nonnegative,not_applicable
transportation_dedicated_parser_support_scope_v1,transportation_parser_support_v1,transportation_operating_archetypes_v1,804eeba846c75abc321df0821fe82a05e7bee9719cecff45798be0c82176ab7c,CSX,active,surface_freight_and_logistics,Railroads,surface_rail_operator,surface_rail_operator,0,airport_aeronautical_revenue,aeronautical_revenue_per_passenger,air,DP-S,NOT_APPLICABLE,no_applicable_archetype_tag,currency,fiscal_period,550,nonnegative,not_applicable
transportation_dedicated_parser_support_scope_v1,transportation_parser_support_v1,transportation_operating_archetypes_v1,804eeba846c75abc321df0821fe82a05e7bee9719cecff45798be0c82176ab7c,CSX,active,surface_freight_and_logistics,Railroads,surface_rail_operator,surface_rail_operator,0,airport_non_aeronautical_revenue,non_aeronautical_revenue_per_passenger,air,DP-S,NOT_APPLICABLE,no_applicable_archetype_tag,currency,fiscal_period,550,nonnegative,not_applicable
transportation_dedicated_parser_support_scope_v1,transportation_parser_support_v1,transportation_operating_archetypes_v1,804eeba846c75abc321df0821fe82a05e7bee9719cecff45798be0c82176ab7c,CSX,active,surface_freight_and_logistics,Railroads,surface_rail_operator,surface_rail_operator,0,airport_passenger_throughput,aeronautical_revenue_per_passenger|non_aeronautical_revenue_per_passenger,air,DP-S,NOT_APPLICABLE,no_applicable_archetype_tag,count,fiscal_period,550,nonnegative_integer,not_applicable
transportation_dedicated_parser_support_scope_v1,transportation_parser_support_v1,transportation_operating_archetypes_v1,804eeba846c75abc321df0821fe82a05e7bee9719cecff45798be0c82176ab7c,CSX,active,surface_freight_and_logistics,Railroads,surface_rail_operator,surface_rail_operator,0,milestone_target_date,milestone_slippage_days,development,DP-S,NOT_APPLICABLE,no_applicable_archetype_tag,iso_date,milestone,1100,date,not_applicable
transportation_dedicated_parser_support_scope_v1,transportation_parser_support_v1,transportation_operating_archetypes_v1,804eeba846c75abc321df0821fe82a05e7bee9719cecff45798be0c82176ab7c,CTNT,active,development_stage_and_speculative_transport,Integrated Freight & Logistics,surface_logistics,development_all|surface_logistics,1,airline_fuel_consumed,fuel_efficiency_per_capacity_unit,air,DP-S,NOT_APPLICABLE,no_applicable_archetype_tag,fuel_volume,fiscal_period,550,nonnegative,not_applicable
transportation_dedicated_parser_support_scope_v1,transportation_parser_support_v1,transportation_operating_archetypes_v1,804eeba846c75abc321df0821fe82a05e7bee9719cecff45798be0c82176ab7c,CTNT,active,development_stage_and_speculative_transport,Integrated Freight & Logistics,surface_logistics,development_all|surface_logistics,1,airline_capacity_units,fuel_efficiency_per_capacity_unit|fuel_cost_per_capacity_unit,air,DP-S,NOT_APPLICABLE,no_applicable_archetype_tag,capacity_units,fiscal_period,550,nonnegative,not_applicable
transportation_dedicated_parser_support_scope_v1,transportation_parser_support_v1,transportation_operating_archetypes_v1,804eeba846c75abc321df0821fe82a05e7bee9719cecff45798be0c82176ab7c,CTNT,active,development_stage_and_speculative_transport,Integrated Freight & Logistics,surface_logistics,development_all|surface_logistics,1,airline_fuel_expense,fuel_cost_per_capacity_unit,air,DP-S,NOT_APPLICABLE,no_applicable_archetype_tag,currency,fiscal_period,550,nonnegative,not_applicable
transportation_dedicated_parser_support_scope_v1,transportation_parser_support_v1,transportation_operating_archetypes_v1,804eeba846c75abc321df0821fe82a05e7bee9719cecff45798be0c82176ab7c,CTNT,active,development_stage_and_speculative_transport,Integrated Freight & Logistics,surface_logistics,development_all|surface_logistics,1,airport_aeronautical_revenue,aeronautical_revenue_per_passenger,air,DP-S,NOT_APPLICABLE,no_applicable_archetype_tag,currency,fiscal_period,550,nonnegative,not_applicable
transportation_dedicated_parser_support_scope_v1,transportation_parser_support_v1,transportation_operating_archetypes_v1,804eeba846c75abc321df0821fe82a05e7bee9719cecff45798be0c82176ab7c,CTNT,active,development_stage_and_speculative_transport,Integrated Freight & Logistics,surface_logistics,development_all|surface_logistics,1,airport_non_aeronautical_revenue,non_aeronautical_revenue_per_passenger,air,DP-S,NOT_APPLICABLE,no_applicable_archetype_tag,currency,fiscal_period,550,nonnegative,not_applicable
transportation_dedicated_parser_support_scope_v1,transportation_parser_support_v1,transportation_operating_archetypes_v1,804eeba846c75abc321df0821fe82a05e7bee9719cecff45798be0c82176ab7c,CTNT,active,development_stage_and_speculative_transport,Integrated Freight & Logistics,surface_logistics,development_all|surface_logistics,1,airport_passenger_throughput,aeronautical_revenue_per_passenger|non_aeronautical_revenue_per_passenger,air,DP-S,NOT_APPLICABLE,no_applicable_archetype_tag,count,fiscal_period,550,nonnegative_integer,not_applicable
transportation_dedicated_parser_support_scope_v1,transportation_parser_support_v1,transportation_operating_archetypes_v1,804eeba846c75abc321df0821fe82a05e7bee9719cecff45798be0c82176ab7c,CTNT,active,development_stage_and_speculative_transport,Integrated Freight & Logistics,surface_logistics,development_all|surface_logistics,1,milestone_target_date,milestone_slippage_days,development,DP-S,NOT_APPLICABLE,no_applicable_archetype_tag,iso_date,milestone,1100,date,not_applicable
transportation_dedicated_parser_support_scope_v1,transportation_parser_support_v1,transportation_operating_archetypes_v1,804eeba846c75abc321df0821fe82a05e7bee9719cecff45798be0c82176ab7c,CTRM,active,development_stage_and_speculative_transport,Marine Shipping,marine_operator,development_all|marine_operator,1,airline_fuel_consumed,fuel_efficiency_per_capacity_unit,air,DP-S,NOT_APPLICABLE,no_applicable_archetype_tag,fuel_volume,fiscal_period,550,nonnegative,not_applicable
transportation_dedicated_parser_support_scope_v1,transportation_parser_support_v1,transportation_operating_archetypes_v1,804eeba846c75abc321df0821fe82a05e7bee9719cecff45798be0c82176ab7c,CTRM,active,development_stage_and_speculative_transport,Marine Shipping,marine_operator,development_all|marine_operator,1,airline_capacity_units,fuel_efficiency_per_capacity_unit|fuel_cost_per_capacity_unit,air,DP-S,NOT_APPLICABLE,no_applicable_archetype_tag,capacity_units,fiscal_period,550,nonnegative,not_applicable
transportation_dedicated_parser_support_scope_v1,transportation_parser_support_v1,transportation_operating_archetypes_v1,804eeba846c75abc321df0821fe82a05e7bee9719cecff45798be0c82176ab7c,CTRM,active,development_stage_and_speculative_transport,Marine Shipping,marine_operator,development_all|marine_operator,1,airline_fuel_expense,fuel_cost_per_capacity_unit,air,DP-S,NOT_APPLICABLE,no_applicable_archetype_tag,currency,fiscal_period,550,nonnegative,not_applicable
transportation_dedicated_parser_support_scope_v1,transportation_parser_support_v1,transportation_operating_archetypes_v1,804eeba846c75abc321df0821fe82a05e7bee9719cecff45798be0c82176ab7c,CTRM,active,development_stage_and_speculative_transport,Marine Shipping,marine_operator,development_all|marine_operator,1,airport_aeronautical_revenue,aeronautical_revenue_per_passenger,air,DP-S,NOT_APPLICABLE,no_applicable_archetype_tag,currency,fiscal_period,550,nonnegative,not_applicable
transportation_dedicated_parser_support_scope_v1,transportation_parser_support_v1,transportation_operating_archetypes_v1,804eeba846c75abc321df0821fe82a05e7bee9719cecff45798be0c82176ab7c,CTRM,active,development_stage_and_speculative_transport,Marine Shipping,marine_operator,development_all|marine_operator,1,airport_non_aeronautical_revenue,non_aeronautical_revenue_per_passenger,air,DP-S,NOT_APPLICABLE,no_applicable_archetype_tag,currency,fiscal_period,550,nonnegative,not_applicable
transportation_dedicated_parser_support_scope_v1,transportation_parser_support_v1,transportation_operating_archetypes_v1,804eeba846c75abc321df0821fe82a05e7bee9719cecff45798be0c82176ab7c,CTRM,active,development_stage_and_speculative_transport,Marine Shipping,marine_operator,development_all|marine_operator,1,airport_passenger_throughput,aeronautical_revenue_per_passenger|non_aeronautical_revenue_per_passenger,air,DP-S,NOT_APPLICABLE,no_applicable_archetype_tag,count,fiscal_period,550,nonnegative_integer,not_applicable
transportation_dedicated_parser_support_scope_v1,transportation_parser_support_v1,transportation_operating_archetypes_v1,804eeba846c75abc321df0821fe82a05e7bee9719cecff45798be0c82176ab7c,CTRM,active,development_stage_and_speculative_transport,Marine Shipping,marine_operator,development_all|marine_operator,1,milestone_target_date,milestone_slippage_days,development,DP-S,NOT_APPLICABLE,no_applicable_archetype_tag,iso_date,milestone,1100,date,not_applicable
transportation_dedicated_parser_support_scope_v1,transportation_parser_support_v1,transportation_operating_archetypes_v1,804eeba846c75abc321df0821fe82a05e7bee9719cecff45798be0c82176ab7c,CVLG,active,surface_freight_and_logistics,Trucking,surface_trucking,surface_trucking,0,airline_fuel_consumed,fuel_efficiency_per_capacity_unit,air,DP-S,NOT_APPLICABLE,no_applicable_archetype_tag,fuel_volume,fiscal_period,550,nonnegative,not_applicable
transportation_dedicated_parser_support_scope_v1,transportation_parser_support_v1,transportation_operating_archetypes_v1,804eeba846c75abc321df0821fe82a05e7bee9719cecff45798be0c82176ab7c,CVLG,active,surface_freight_and_logistics,Trucking,surface_trucking,surface_trucking,0,airline_capacity_units,fuel_efficiency_per_capacity_unit|fuel_cost_per_capacity_unit,air,DP-S,NOT_APPLICABLE,no_applicable_archetype_tag,capacity_units,fiscal_period,550,nonnegative,not_applicable
transportation_dedicated_parser_support_scope_v1,transportation_parser_support_v1,transportation_operating_archetypes_v1,804eeba846c75abc321df0821fe82a05e7bee9719cecff45798be0c82176ab7c,CVLG,active,surface_freight_and_logistics,Trucking,surface_trucking,surface_trucking,0,airline_fuel_expense,fuel_cost_per_capacity_unit,air,DP-S,NOT_APPLICABLE,no_applicable_archetype_tag,currency,fiscal_period,550,nonnegative,not_applicable
transportation_dedicated_parser_support_scope_v1,transportation_parser_support_v1,transportation_operating_archetypes_v1,804eeba846c75abc321df0821fe82a05e7bee9719cecff45798be0c82176ab7c,CVLG,active,surface_freight_and_logistics,Trucking,surface_trucking,surface_trucking,0,airport_aeronautical_revenue,aeronautical_revenue_per_passenger,air,DP-S,NOT_APPLICABLE,no_applicable_archetype_tag,currency,fiscal_period,550,nonnegative,not_applicable
transportation_dedicated_parser_support_scope_v1,transportation_parser_support_v1,transportation_operating_archetypes_v1,804eeba846c75abc321df0821fe82a05e7bee9719cecff45798be0c82176ab7c,CVLG,active,surface_freight_and_logistics,Trucking,surface_trucking,surface_trucking,0,airport_non_aeronautical_revenue,non_aeronautical_revenue_per_passenger,air,DP-S,NOT_APPLICABLE,no_applicable_archetype_tag,currency,fiscal_period,550,nonnegative,not_applicable
transportation_dedicated_parser_support_scope_v1,transportation_parser_support_v1,transportation_operating_archetypes_v1,804eeba846c75abc321df0821fe82a05e7bee9719cecff45798be0c82176ab7c,CVLG,active,surface_freight_and_logistics,Trucking,surface_trucking,surface_trucking,0,airport_passenger_throughput,aeronautical_revenue_per_passenger|non_aeronautical_revenue_per_passenger,air,DP-S,NOT_APPLICABLE,no_applicable_archetype_tag,count,fiscal_period,550,nonnegative_integer,not_applicable
transportation_dedicated_parser_support_scope_v1,transportation_parser_support_v1,transportation_operating_archetypes_v1,804eeba846c75abc321df0821fe82a05e7bee9719cecff45798be0c82176ab7c,CVLG,active,surface_freight_and_logistics,Trucking,surface_trucking,surface_trucking,0,milestone_target_date,milestone_slippage_days,development,DP-S,NOT_APPLICABLE,no_applicable_archetype_tag,iso_date,milestone,1100,date,not_applicable
transportation_dedicated_parser_support_scope_v1,transportation_parser_support_v1,transportation_operating_archetypes_v1,804eeba846c75abc321df0821fe82a05e7bee9719cecff45798be0c82176ab7c,CYRX,active,surface_freight_and_logistics,Integrated Freight & Logistics,surface_logistics,surface_logistics,0,airline_fuel_consumed,fuel_efficiency_per_capacity_unit,air,DP-S,NOT_APPLICABLE,no_applicable_archetype_tag,fuel_volume,fiscal_period,550,nonnegative,not_applicable
transportation_dedicated_parser_support_scope_v1,transportation_parser_support_v1,transportation_operating_archetypes_v1,804eeba846c75abc321df0821fe82a05e7bee9719cecff45798be0c82176ab7c,CYRX,active,surface_freight_and_logistics,Integrated Freight & Logistics,surface_logistics,surface_logistics,0,airline_capacity_units,fuel_efficiency_per_capacity_unit|fuel_cost_per_capacity_unit,air,DP-S,NOT_APPLICABLE,no_applicable_archetype_tag,capacity_units,fiscal_period,550,nonnegative,not_applicable
transportation_dedicated_parser_support_scope_v1,transportation_parser_support_v1,transportation_operating_archetypes_v1,804eeba846c75abc321df0821fe82a05e7bee9719cecff45798be0c82176ab7c,CYRX,active,surface_freight_and_logistics,Integrated Freight & Logistics,surface_logistics,surface_logistics,0,airline_fuel_expense,fuel_cost_per_capacity_unit,air,DP-S,NOT_APPLICABLE,no_applicable_archetype_tag,currency,fiscal_period,550,nonnegative,not_applicable
transportation_dedicated_parser_support_scope_v1,transportation_parser_support_v1,transportation_operating_archetypes_v1,804eeba846c75abc321df0821fe82a05e7bee9719cecff45798be0c82176ab7c,CYRX,active,surface_freight_and_logistics,Integrated Freight & Logistics,surface_logistics,surface_logistics,0,airport_aeronautical_revenue,aeronautical_revenue_per_passenger,air,DP-S,NOT_APPLICABLE,no_applicable_archetype_tag,currency,fiscal_period,550,nonnegative,not_applicable
transportation_dedicated_parser_support_scope_v1,transportation_parser_support_v1,transportation_operating_archetypes_v1,804eeba846c75abc321df0821fe82a05e7bee9719cecff45798be0c82176ab7c,CYRX,active,surface_freight_and_logistics,Integrated Freight & Logistics,surface_logistics,surface_logistics,0,airport_non_aeronautical_revenue,non_aeronautical_revenue_per_passenger,air,DP-S,NOT_APPLICABLE,no_applicable_archetype_tag,currency,fiscal_period,550,nonnegative,not_applicable
transportation_dedicated_parser_support_scope_v1,transportation_parser_support_v1,transportation_operating_archetypes_v1,804eeba846c75abc321df0821fe82a05e7bee9719cecff45798be0c82176ab7c,CYRX,active,surface_freight_and_logistics,Integrated Freight & Logistics,surface_logistics,surface_logistics,0,airport_passenger_throughput,aeronautical_revenue_per_passenger|non_aeronautical_revenue_per_passenger,air,DP-S,NOT_APPLICABLE,no_applicable_archetype_tag,count,fiscal_period,550,nonnegative_integer,not_applicable
transportation_dedicated_parser_support_scope_v1,transportation_parser_support_v1,transportation_operating_archetypes_v1,804eeba846c75abc321df0821fe82a05e7bee9719cecff45798be0c82176ab7c,CYRX,active,surface_freight_and_logistics,Integrated Freight & Logistics,surface_logistics,surface_logistics,0,milestone_target_date,milestone_slippage_days,development,DP-S,NOT_APPLICABLE,no_applicable_archetype_tag,iso_date,milestone,1100,date,not_applicable
transportation_dedicated_parser_support_scope_v1,transportation_parser_support_v1,transportation_operating_archetypes_v1,804eeba846c75abc321df0821fe82a05e7bee9719cecff45798be0c82176ab7c,DAC,active,marine_shipping_and_maritime,Marine Shipping,marine_operator,marine_operator,0,airline_fuel_consumed,fuel_efficiency_per_capacity_unit,air,DP-S,NOT_APPLICABLE,no_applicable_archetype_tag,fuel_volume,fiscal_period,550,nonnegative,not_applicable
transportation_dedicated_parser_support_scope_v1,transportation_parser_support_v1,transportation_operating_archetypes_v1,804eeba846c75abc321df0821fe82a05e7bee9719cecff45798be0c82176ab7c,DAC,active,marine_shipping_and_maritime,Marine Shipping,marine_operator,marine_operator,0,airline_capacity_units,fuel_efficiency_per_capacity_unit|fuel_cost_per_capacity_unit,air,DP-S,NOT_APPLICABLE,no_applicable_archetype_tag,capacity_units,fiscal_period,550,nonnegative,not_applicable
transportation_dedicated_parser_support_scope_v1,transportation_parser_support_v1,transportation_operating_archetypes_v1,804eeba846c75abc321df0821fe82a05e7bee9719cecff45798be0c82176ab7c,DAC,active,marine_shipping_and_maritime,Marine Shipping,marine_operator,marine_operator,0,airline_fuel_expense,fuel_cost_per_capacity_unit,air,DP-S,NOT_APPLICABLE,no_applicable_archetype_tag,currency,fiscal_period,550,nonnegative,not_applicable
transportation_dedicated_parser_support_scope_v1,transportation_parser_support_v1,transportation_operating_archetypes_v1,804eeba846c75abc321df0821fe82a05e7bee9719cecff45798be0c82176ab7c,DAC,active,marine_shipping_and_maritime,Marine Shipping,marine_operator,marine_operator,0,airport_aeronautical_revenue,aeronautical_revenue_per_passenger,air,DP-S,NOT_APPLICABLE,no_applicable_archetype_tag,currency,fiscal_period,550,nonnegative,not_applicable
transportation_dedicated_parser_support_scope_v1,transportation_parser_support_v1,transportation_operating_archetypes_v1,804eeba846c75abc321df0821fe82a05e7bee9719cecff45798be0c82176ab7c,DAC,active,marine_shipping_and_maritime,Marine Shipping,marine_operator,marine_operator,0,airport_non_aeronautical_revenue,non_aeronautical_revenue_per_passenger,air,DP-S,NOT_APPLICABLE,no_applicable_archetype_tag,currency,fiscal_period,550,nonnegative,not_applicable
transportation_dedicated_parser_support_scope_v1,transportation_parser_support_v1,transportation_operating_archetypes_v1,804eeba846c75abc321df0821fe82a05e7bee9719cecff45798be0c82176ab7c,DAC,active,marine_shipping_and_maritime,Marine Shipping,marine_operator,marine_operator,0,airport_passenger_throughput,aeronautical_revenue_per_passenger|non_aeronautical_revenue_per_passenger,air,DP-S,NOT_APPLICABLE,no_applicable_archetype_tag,count,fiscal_period,550,nonnegative_integer,not_applicable
transportation_dedicated_parser_support_scope_v1,transportation_parser_support_v1,transportation_operating_archetypes_v1,804eeba846c75abc321df0821fe82a05e7bee9719cecff45798be0c82176ab7c,DAC,active,marine_shipping_and_maritime,Marine Shipping,marine_operator,marine_operator,0,milestone_target_date,milestone_slippage_days,development,DP-S,NOT_APPLICABLE,no_applicable_archetype_tag,iso_date,milestone,1100,date,not_applicable
transportation_dedicated_parser_support_scope_v1,transportation_parser_support_v1,transportation_operating_archetypes_v1,804eeba846c75abc321df0821fe82a05e7bee9719cecff45798be0c82176ab7c,DAL,active,air_transport_and_aviation_services,Airlines,passenger_airline,passenger_airline,0,airline_fuel_consumed,fuel_efficiency_per_capacity_unit,air,DP-S,APPLICABLE,tag_match:passenger_airline,fuel_volume,fiscal_period,550,nonnegative,coverage_pending
transportation_dedicated_parser_support_scope_v1,transportation_parser_support_v1,transportation_operating_archetypes_v1,804eeba846c75abc321df0821fe82a05e7bee9719cecff45798be0c82176ab7c,DAL,active,air_transport_and_aviation_services,Airlines,passenger_airline,passenger_airline,0,airline_capacity_units,fuel_efficiency_per_capacity_unit|fuel_cost_per_capacity_unit,air,DP-S,APPLICABLE,tag_match:passenger_airline,capacity_units,fiscal_period,550,nonnegative,coverage_pending
transportation_dedicated_parser_support_scope_v1,transportation_parser_support_v1,transportation_operating_archetypes_v1,804eeba846c75abc321df0821fe82a05e7bee9719cecff45798be0c82176ab7c,DAL,active,air_transport_and_aviation_services,Airlines,passenger_airline,passenger_airline,0,airline_fuel_expense,fuel_cost_per_capacity_unit,air,DP-S,APPLICABLE,tag_match:passenger_airline,currency,fiscal_period,550,nonnegative,coverage_pending
transportation_dedicated_parser_support_scope_v1,transportation_parser_support_v1,transportation_operating_archetypes_v1,804eeba846c75abc321df0821fe82a05e7bee9719cecff45798be0c82176ab7c,DAL,active,air_transport_and_aviation_services,Airlines,passenger_airline,passenger_airline,0,airport_aeronautical_revenue,aeronautical_revenue_per_passenger,air,DP-S,NOT_APPLICABLE,no_applicable_archetype_tag,currency,fiscal_period,550,nonnegative,not_applicable
transportation_dedicated_parser_support_scope_v1,transportation_parser_support_v1,transportation_operating_archetypes_v1,804eeba846c75abc321df0821fe82a05e7bee9719cecff45798be0c82176ab7c,DAL,active,air_transport_and_aviation_services,Airlines,passenger_airline,passenger_airline,0,airport_non_aeronautical_revenue,non_aeronautical_revenue_per_passenger,air,DP-S,NOT_APPLICABLE,no_applicable_archetype_tag,currency,fiscal_period,550,nonnegative,not_applicable
transportation_dedicated_parser_support_scope_v1,transportation_parser_support_v1,transportation_operating_archetypes_v1,804eeba846c75abc321df0821fe82a05e7bee9719cecff45798be0c82176ab7c,DAL,active,air_transport_and_aviation_services,Airlines,passenger_airline,passenger_airline,0,airport_passenger_throughput,aeronautical_revenue_per_passenger|non_aeronautical_revenue_per_passenger,air,DP-S,NOT_APPLICABLE,no_applicable_archetype_tag,count,fiscal_period,550,nonnegative_integer,not_applicable
transportation_dedicated_parser_support_scope_v1,transportation_parser_support_v1,transportation_operating_archetypes_v1,804eeba846c75abc321df0821fe82a05e7bee9719cecff45798be0c82176ab7c,DAL,active,air_transport_and_aviation_services,Airlines,passenger_airline,passenger_airline,0,milestone_target_date,milestone_slippage_days,development,DP-S,NOT_APPLICABLE,no_applicable_archetype_tag,iso_date,milestone,1100,date,not_applicable
transportation_dedicated_parser_support_scope_v1,transportation_parser_support_v1,transportation_operating_archetypes_v1,804eeba846c75abc321df0821fe82a05e7bee9719cecff45798be0c82176ab7c,DDMX,delisted_usable,surface_freight_and_logistics,Integrated Freight & Logistics,surface_logistics,surface_logistics,0,airline_fuel_consumed,fuel_efficiency_per_capacity_unit,air,DP-S,NOT_APPLICABLE,no_applicable_archetype_tag,fuel_volume,fiscal_period,550,nonnegative,not_applicable
transportation_dedicated_parser_support_scope_v1,transportation_parser_support_v1,transportation_operating_archetypes_v1,804eeba846c75abc321df0821fe82a05e7bee9719cecff45798be0c82176ab7c,DDMX,delisted_usable,surface_freight_and_logistics,Integrated Freight & Logistics,surface_logistics,surface_logistics,0,airline_capacity_units,fuel_efficiency_per_capacity_unit|fuel_cost_per_capacity_unit,air,DP-S,NOT_APPLICABLE,no_applicable_archetype_tag,capacity_units,fiscal_period,550,nonnegative,not_applicable
transportation_dedicated_parser_support_scope_v1,transportation_parser_support_v1,transportation_operating_archetypes_v1,804eeba846c75abc321df0821fe82a05e7bee9719cecff45798be0c82176ab7c,DDMX,delisted_usable,surface_freight_and_logistics,Integrated Freight & Logistics,surface_logistics,surface_logistics,0,airline_fuel_expense,fuel_cost_per_capacity_unit,air,DP-S,NOT_APPLICABLE,no_applicable_archetype_tag,currency,fiscal_period,550,nonnegative,not_applicable
transportation_dedicated_parser_support_scope_v1,transportation_parser_support_v1,transportation_operating_archetypes_v1,804eeba846c75abc321df0821fe82a05e7bee9719cecff45798be0c82176ab7c,DDMX,delisted_usable,surface_freight_and_logistics,Integrated Freight & Logistics,surface_logistics,surface_logistics,0,airport_aeronautical_revenue,aeronautical_revenue_per_passenger,air,DP-S,NOT_APPLICABLE,no_applicable_archetype_tag,currency,fiscal_period,550,nonnegative,not_applicable
transportation_dedicated_parser_support_scope_v1,transportation_parser_support_v1,transportation_operating_archetypes_v1,804eeba846c75abc321df0821fe82a05e7bee9719cecff45798be0c82176ab7c,DDMX,delisted_usable,surface_freight_and_logistics,Integrated Freight & Logistics,surface_logistics,surface_logistics,0,airport_non_aeronautical_revenue,non_aeronautical_revenue_per_passenger,air,DP-S,NOT_APPLICABLE,no_applicable_archetype_tag,currency,fiscal_period,550,nonnegative,not_applicable
transportation_dedicated_parser_support_scope_v1,transportation_parser_support_v1,transportation_operating_archetypes_v1,804eeba846c75abc321df0821fe82a05e7bee9719cecff45798be0c82176ab7c,DDMX,delisted_usable,surface_freight_and_logistics,Integrated Freight & Logistics,surface_logistics,surface_logistics,0,airport_passenger_throughput,aeronautical_revenue_per_passenger|non_aeronautical_revenue_per_passenger,air,DP-S,NOT_APPLICABLE,no_applicable_archetype_tag,count,fiscal_period,550,nonnegative_integer,not_applicable
transportation_dedicated_parser_support_scope_v1,transportation_parser_support_v1,transportation_operating_archetypes_v1,804eeba846c75abc321df0821fe82a05e7bee9719cecff45798be0c82176ab7c,DDMX,delisted_usable,surface_freight_and_logistics,Integrated Freight & Logistics,surface_logistics,surface_logistics,0,milestone_target_date,milestone_slippage_days,development,DP-S,NOT_APPLICABLE,no_applicable_archetype_tag,iso_date,milestone,1100,date,not_applicable
transportation_dedicated_parser_support_scope_v1,transportation_parser_support_v1,transportation_operating_archetypes_v1,804eeba846c75abc321df0821fe82a05e7bee9719cecff45798be0c82176ab7c,DRYS,delisted_usable,marine_shipping_and_maritime,Marine Shipping,marine_operator,marine_operator,0,airline_fuel_consumed,fuel_efficiency_per_capacity_unit,air,DP-S,NOT_APPLICABLE,no_applicable_archetype_tag,fuel_volume,fiscal_period,550,nonnegative,not_applicable
transportation_dedicated_parser_support_scope_v1,transportation_parser_support_v1,transportation_operating_archetypes_v1,804eeba846c75abc321df0821fe82a05e7bee9719cecff45798be0c82176ab7c,DRYS,delisted_usable,marine_shipping_and_maritime,Marine Shipping,marine_operator,marine_operator,0,airline_capacity_units,fuel_efficiency_per_capacity_unit|fuel_cost_per_capacity_unit,air,DP-S,NOT_APPLICABLE,no_applicable_archetype_tag,capacity_units,fiscal_period,550,nonnegative,not_applicable
transportation_dedicated_parser_support_scope_v1,transportation_parser_support_v1,transportation_operating_archetypes_v1,804eeba846c75abc321df0821fe82a05e7bee9719cecff45798be0c82176ab7c,DRYS,delisted_usable,marine_shipping_and_maritime,Marine Shipping,marine_operator,marine_operator,0,airline_fuel_expense,fuel_cost_per_capacity_unit,air,DP-S,NOT_APPLICABLE,no_applicable_archetype_tag,currency,fiscal_period,550,nonnegative,not_applicable
transportation_dedicated_parser_support_scope_v1,transportation_parser_support_v1,transportation_operating_archetypes_v1,804eeba846c75abc321df0821fe82a05e7bee9719cecff45798be0c82176ab7c,DRYS,delisted_usable,marine_shipping_and_maritime,Marine Shipping,marine_operator,marine_operator,0,airport_aeronautical_revenue,aeronautical_revenue_per_passenger,air,DP-S,NOT_APPLICABLE,no_applicable_archetype_tag,currency,fiscal_period,550,nonnegative,not_applicable
transportation_dedicated_parser_support_scope_v1,transportation_parser_support_v1,transportation_operating_archetypes_v1,804eeba846c75abc321df0821fe82a05e7bee9719cecff45798be0c82176ab7c,DRYS,delisted_usable,marine_shipping_and_maritime,Marine Shipping,marine_operator,marine_operator,0,airport_non_aeronautical_revenue,non_aeronautical_revenue_per_passenger,air,DP-S,NOT_APPLICABLE,no_applicable_archetype_tag,currency,fiscal_period,550,nonnegative,not_applicable
transportation_dedicated_parser_support_scope_v1,transportation_parser_support_v1,transportation_operating_archetypes_v1,804eeba846c75abc321df0821fe82a05e7bee9719cecff45798be0c82176ab7c,DRYS,delisted_usable,marine_shipping_and_maritime,Marine Shipping,marine_operator,marine_operator,0,airport_passenger_throughput,aeronautical_revenue_per_passenger|non_aeronautical_revenue_per_passenger,air,DP-S,NOT_APPLICABLE,no_applicable_archetype_tag,count,fiscal_period,550,nonnegative_integer,not_applicable
transportation_dedicated_parser_support_scope_v1,transportation_parser_support_v1,transportation_operating_archetypes_v1,804eeba846c75abc321df0821fe82a05e7bee9719cecff45798be0c82176ab7c,DRYS,delisted_usable,marine_shipping_and_maritime,Marine Shipping,marine_operator,marine_operator,0,milestone_target_date,milestone_slippage_days,development,DP-S,NOT_APPLICABLE,no_applicable_archetype_tag,iso_date,milestone,1100,date,not_applicable
transportation_dedicated_parser_support_scope_v1,transportation_parser_support_v1,transportation_operating_archetypes_v1,804eeba846c75abc321df0821fe82a05e7bee9719cecff45798be0c82176ab7c,DSKE,delisted_usable,surface_freight_and_logistics,Trucking,surface_trucking,surface_trucking,0,airline_fuel_consumed,fuel_efficiency_per_capacity_unit,air,DP-S,NOT_APPLICABLE,no_applicable_archetype_tag,fuel_volume,fiscal_period,550,nonnegative,not_applicable
transportation_dedicated_parser_support_scope_v1,transportation_parser_support_v1,transportation_operating_archetypes_v1,804eeba846c75abc321df0821fe82a05e7bee9719cecff45798be0c82176ab7c,DSKE,delisted_usable,surface_freight_and_logistics,Trucking,surface_trucking,surface_trucking,0,airline_capacity_units,fuel_efficiency_per_capacity_unit|fuel_cost_per_capacity_unit,air,DP-S,NOT_APPLICABLE,no_applicable_archetype_tag,capacity_units,fiscal_period,550,nonnegative,not_applicable
transportation_dedicated_parser_support_scope_v1,transportation_parser_support_v1,transportation_operating_archetypes_v1,804eeba846c75abc321df0821fe82a05e7bee9719cecff45798be0c82176ab7c,DSKE,delisted_usable,surface_freight_and_logistics,Trucking,surface_trucking,surface_trucking,0,airline_fuel_expense,fuel_cost_per_capacity_unit,air,DP-S,NOT_APPLICABLE,no_applicable_archetype_tag,currency,fiscal_period,550,nonnegative,not_applicable
transportation_dedicated_parser_support_scope_v1,transportation_parser_support_v1,transportation_operating_archetypes_v1,804eeba846c75abc321df0821fe82a05e7bee9719cecff45798be0c82176ab7c,DSKE,delisted_usable,surface_freight_and_logistics,Trucking,surface_trucking,surface_trucking,0,airport_aeronautical_revenue,aeronautical_revenue_per_passenger,air,DP-S,NOT_APPLICABLE,no_applicable_archetype_tag,currency,fiscal_period,550,nonnegative,not_applicable
transportation_dedicated_parser_support_scope_v1,transportation_parser_support_v1,transportation_operating_archetypes_v1,804eeba846c75abc321df0821fe82a05e7bee9719cecff45798be0c82176ab7c,DSKE,delisted_usable,surface_freight_and_logistics,Trucking,surface_trucking,surface_trucking,0,airport_non_aeronautical_revenue,non_aeronautical_revenue_per_passenger,air,DP-S,NOT_APPLICABLE,no_applicable_archetype_tag,currency,fiscal_period,550,nonnegative,not_applicable
transportation_dedicated_parser_support_scope_v1,transportation_parser_support_v1,transportation_operating_archetypes_v1,804eeba846c75abc321df0821fe82a05e7bee9719cecff45798be0c82176ab7c,DSKE,delisted_usable,surface_freight_and_logistics,Trucking,surface_trucking,surface_trucking,0,airport_passenger_throughput,aeronautical_revenue_per_passenger|non_aeronautical_revenue_per_passenger,air,DP-S,NOT_APPLICABLE,no_applicable_archetype_tag,count,fiscal_period,550,nonnegative_integer,not_applicable
transportation_dedicated_parser_support_scope_v1,transportation_parser_support_v1,transportation_operating_archetypes_v1,804eeba846c75abc321df0821fe82a05e7bee9719cecff45798be0c82176ab7c,DSKE,delisted_usable,surface_freight_and_logistics,Trucking,surface_trucking,surface_trucking,0,milestone_target_date,milestone_slippage_days,development,DP-S,NOT_APPLICABLE,no_applicable_archetype_tag,iso_date,milestone,1100,date,not_applicable
transportation_dedicated_parser_support_scope_v1,transportation_parser_support_v1,transportation_operating_archetypes_v1,804eeba846c75abc321df0821fe82a05e7bee9719cecff45798be0c82176ab7c,DSX,active,marine_shipping_and_maritime,Marine Shipping,marine_operator,marine_operator,0,airline_fuel_consumed,fuel_efficiency_per_capacity_unit,air,DP-S,NOT_APPLICABLE,no_applicable_archetype_tag,fuel_volume,fiscal_period,550,nonnegative,not_applicable
transportation_dedicated_parser_support_scope_v1,transportation_parser_support_v1,transportation_operating_archetypes_v1,804eeba846c75abc321df0821fe82a05e7bee9719cecff45798be0c82176ab7c,DSX,active,marine_shipping_and_maritime,Marine Shipping,marine_operator,marine_operator,0,airline_capacity_units,fuel_efficiency_per_capacity_unit|fuel_cost_per_capacity_unit,air,DP-S,NOT_APPLICABLE,no_applicable_archetype_tag,capacity_units,fiscal_period,550,nonnegative,not_applicable
transportation_dedicated_parser_support_scope_v1,transportation_parser_support_v1,transportation_operating_archetypes_v1,804eeba846c75abc321df0821fe82a05e7bee9719cecff45798be0c82176ab7c,DSX,active,marine_shipping_and_maritime,Marine Shipping,marine_operator,marine_operator,0,airline_fuel_expense,fuel_cost_per_capacity_unit,air,DP-S,NOT_APPLICABLE,no_applicable_archetype_tag,currency,fiscal_period,550,nonnegative,not_applicable
transportation_dedicated_parser_support_scope_v1,transportation_parser_support_v1,transportation_operating_archetypes_v1,804eeba846c75abc321df0821fe82a05e7bee9719cecff45798be0c82176ab7c,DSX,active,marine_shipping_and_maritime,Marine Shipping,marine_operator,marine_operator,0,airport_aeronautical_revenue,aeronautical_revenue_per_passenger,air,DP-S,NOT_APPLICABLE,no_applicable_archetype_tag,currency,fiscal_period,550,nonnegative,not_applicable
transportation_dedicated_parser_support_scope_v1,transportation_parser_support_v1,transportation_operating_archetypes_v1,804eeba846c75abc321df0821fe82a05e7bee9719cecff45798be0c82176ab7c,DSX,active,marine_shipping_and_maritime,Marine Shipping,marine_operator,marine_operator,0,airport_non_aeronautical_revenue,non_aeronautical_revenue_per_passenger,air,DP-S,NOT_APPLICABLE,no_applicable_archetype_tag,currency,fiscal_period,550,nonnegative,not_applicable
transportation_dedicated_parser_support_scope_v1,transportation_parser_support_v1,transportation_operating_archetypes_v1,804eeba846c75abc321df0821fe82a05e7bee9719cecff45798be0c82176ab7c,DSX,active,marine_shipping_and_maritime,Marine Shipping,marine_operator,marine_operator,0,airport_passenger_throughput,aeronautical_revenue_per_passenger|non_aeronautical_revenue_per_passenger,air,DP-S,NOT_APPLICABLE,no_applicable_archetype_tag,count,fiscal_period,550,nonnegative_integer,not_applicable
transportation_dedicated_parser_support_scope_v1,transportation_parser_support_v1,transportation_operating_archetypes_v1,804eeba846c75abc321df0821fe82a05e7bee9719cecff45798be0c82176ab7c,DSX,active,marine_shipping_and_maritime,Marine Shipping,marine_operator,marine_operator,0,milestone_target_date,milestone_slippage_days,development,DP-S,NOT_APPLICABLE,no_applicable_archetype_tag,iso_date,milestone,1100,date,not_applicable
transportation_dedicated_parser_support_scope_v1,transportation_parser_support_v1,transportation_operating_archetypes_v1,804eeba846c75abc321df0821fe82a05e7bee9719cecff45798be0c82176ab7c,ECHO,delisted_usable,surface_freight_and_logistics,Integrated Freight & Logistics,surface_logistics,surface_logistics,0,airline_fuel_consumed,fuel_efficiency_per_capacity_unit,air,DP-S,NOT_APPLICABLE,no_applicable_archetype_tag,fuel_volume,fiscal_period,550,nonnegative,not_applicable
transportation_dedicated_parser_support_scope_v1,transportation_parser_support_v1,transportation_operating_archetypes_v1,804eeba846c75abc321df0821fe82a05e7bee9719cecff45798be0c82176ab7c,ECHO,delisted_usable,surface_freight_and_logistics,Integrated Freight & Logistics,surface_logistics,surface_logistics,0,airline_capacity_units,fuel_efficiency_per_capacity_unit|fuel_cost_per_capacity_unit,air,DP-S,NOT_APPLICABLE,no_applicable_archetype_tag,capacity_units,fiscal_period,550,nonnegative,not_applicable
transportation_dedicated_parser_support_scope_v1,transportation_parser_support_v1,transportation_operating_archetypes_v1,804eeba846c75abc321df0821fe82a05e7bee9719cecff45798be0c82176ab7c,ECHO,delisted_usable,surface_freight_and_logistics,Integrated Freight & Logistics,surface_logistics,surface_logistics,0,airline_fuel_expense,fuel_cost_per_capacity_unit,air,DP-S,NOT_APPLICABLE,no_applicable_archetype_tag,currency,fiscal_period,550,nonnegative,not_applicable
transportation_dedicated_parser_support_scope_v1,transportation_parser_support_v1,transportation_operating_archetypes_v1,804eeba846c75abc321df0821fe82a05e7bee9719cecff45798be0c82176ab7c,ECHO,delisted_usable,surface_freight_and_logistics,Integrated Freight & Logistics,surface_logistics,surface_logistics,0,airport_aeronautical_revenue,aeronautical_revenue_per_passenger,air,DP-S,NOT_APPLICABLE,no_applicable_archetype_tag,currency,fiscal_period,550,nonnegative,not_applicable
transportation_dedicated_parser_support_scope_v1,transportation_parser_support_v1,transportation_operating_archetypes_v1,804eeba846c75abc321df0821fe82a05e7bee9719cecff45798be0c82176ab7c,ECHO,delisted_usable,surface_freight_and_logistics,Integrated Freight & Logistics,surface_logistics,surface_logistics,0,airport_non_aeronautical_revenue,non_aeronautical_revenue_per_passenger,air,DP-S,NOT_APPLICABLE,no_applicable_archetype_tag,currency,fiscal_period,550,nonnegative,not_applicable
transportation_dedicated_parser_support_scope_v1,transportation_parser_support_v1,transportation_operating_archetypes_v1,804eeba846c75abc321df0821fe82a05e7bee9719cecff45798be0c82176ab7c,ECHO,delisted_usable,surface_freight_and_logistics,Integrated Freight & Logistics,surface_logistics,surface_logistics,0,airport_passenger_throughput,aeronautical_revenue_per_passenger|non_aeronautical_revenue_per_passenger,air,DP-S,NOT_APPLICABLE,no_applicable_archetype_tag,count,fiscal_period,550,nonnegative_integer,not_applicable
transportation_dedicated_parser_support_scope_v1,transportation_parser_support_v1,transportation_operating_archetypes_v1,804eeba846c75abc321df0821fe82a05e7bee9719cecff45798be0c82176ab7c,ECHO,delisted_usable,surface_freight_and_logistics,Integrated Freight & Logistics,surface_logistics,surface_logistics,0,milestone_target_date,milestone_slippage_days,development,DP-S,NOT_APPLICABLE,no_applicable_archetype_tag,iso_date,milestone,1100,date,not_applicable
transportation_dedicated_parser_support_scope_v1,transportation_parser_support_v1,transportation_operating_archetypes_v1,804eeba846c75abc321df0821fe82a05e7bee9719cecff45798be0c82176ab7c,ECO,active,marine_shipping_and_maritime,Marine Shipping,marine_operator,marine_operator,0,airline_fuel_consumed,fuel_efficiency_per_capacity_unit,air,DP-S,NOT_APPLICABLE,no_applicable_archetype_tag,fuel_volume,fiscal_period,550,nonnegative,not_applicable
transportation_dedicated_parser_support_scope_v1,transportation_parser_support_v1,transportation_operating_archetypes_v1,804eeba846c75abc321df0821fe82a05e7bee9719cecff45798be0c82176ab7c,ECO,active,marine_shipping_and_maritime,Marine Shipping,marine_operator,marine_operator,0,airline_capacity_units,fuel_efficiency_per_capacity_unit|fuel_cost_per_capacity_unit,air,DP-S,NOT_APPLICABLE,no_applicable_archetype_tag,capacity_units,fiscal_period,550,nonnegative,not_applicable
transportation_dedicated_parser_support_scope_v1,transportation_parser_support_v1,transportation_operating_archetypes_v1,804eeba846c75abc321df0821fe82a05e7bee9719cecff45798be0c82176ab7c,ECO,active,marine_shipping_and_maritime,Marine Shipping,marine_operator,marine_operator,0,airline_fuel_expense,fuel_cost_per_capacity_unit,air,DP-S,NOT_APPLICABLE,no_applicable_archetype_tag,currency,fiscal_period,550,nonnegative,not_applicable
transportation_dedicated_parser_support_scope_v1,transportation_parser_support_v1,transportation_operating_archetypes_v1,804eeba846c75abc321df0821fe82a05e7bee9719cecff45798be0c82176ab7c,ECO,active,marine_shipping_and_maritime,Marine Shipping,marine_operator,marine_operator,0,airport_aeronautical_revenue,aeronautical_revenue_per_passenger,air,DP-S,NOT_APPLICABLE,no_applicable_archetype_tag,currency,fiscal_period,550,nonnegative,not_applicable
transportation_dedicated_parser_support_scope_v1,transportation_parser_support_v1,transportation_operating_archetypes_v1,804eeba846c75abc321df0821fe82a05e7bee9719cecff45798be0c82176ab7c,ECO,active,marine_shipping_and_maritime,Marine Shipping,marine_operator,marine_operator,0,airport_non_aeronautical_revenue,non_aeronautical_revenue_per_passenger,air,DP-S,NOT_APPLICABLE,no_applicable_archetype_tag,currency,fiscal_period,550,nonnegative,not_applicable
transportation_dedicated_parser_support_scope_v1,transportation_parser_support_v1,transportation_operating_archetypes_v1,804eeba846c75abc321df0821fe82a05e7bee9719cecff45798be0c82176ab7c,ECO,active,marine_shipping_and_maritime,Marine Shipping,marine_operator,marine_operator,0,airport_passenger_throughput,aeronautical_revenue_per_passenger|non_aeronautical_revenue_per_passenger,air,DP-S,NOT_APPLICABLE,no_applicable_archetype_tag,count,fiscal_period,550,nonnegative_integer,not_applicable
transportation_dedicated_parser_support_scope_v1,transportation_parser_support_v1,transportation_operating_archetypes_v1,804eeba846c75abc321df0821fe82a05e7bee9719cecff45798be0c82176ab7c,ECO,active,marine_shipping_and_maritime,Marine Shipping,marine_operator,marine_operator,0,milestone_target_date,milestone_slippage_days,development,DP-S,NOT_APPLICABLE,no_applicable_archetype_tag,iso_date,milestone,1100,date,not_applicable
transportation_dedicated_parser_support_scope_v1,transportation_parser_support_v1,transportation_operating_archetypes_v1,804eeba846c75abc321df0821fe82a05e7bee9719cecff45798be0c82176ab7c,EDRY,active,development_stage_and_speculative_transport,Marine Shipping,marine_operator,development_all|marine_operator,1,airline_fuel_consumed,fuel_efficiency_per_capacity_unit,air,DP-S,NOT_APPLICABLE,no_applicable_archetype_tag,fuel_volume,fiscal_period,550,nonnegative,not_applicable
transportation_dedicated_parser_support_scope_v1,transportation_parser_support_v1,transportation_operating_archetypes_v1,804eeba846c75abc321df0821fe82a05e7bee9719cecff45798be0c82176ab7c,EDRY,active,development_stage_and_speculative_transport,Marine Shipping,marine_operator,development_all|marine_operator,1,airline_capacity_units,fuel_efficiency_per_capacity_unit|fuel_cost_per_capacity_unit,air,DP-S,NOT_APPLICABLE,no_applicable_archetype_tag,capacity_units,fiscal_period,550,nonnegative,not_applicable
transportation_dedicated_parser_support_scope_v1,transportation_parser_support_v1,transportation_operating_archetypes_v1,804eeba846c75abc321df0821fe82a05e7bee9719cecff45798be0c82176ab7c,EDRY,active,development_stage_and_speculative_transport,Marine Shipping,marine_operator,development_all|marine_operator,1,airline_fuel_expense,fuel_cost_per_capacity_unit,air,DP-S,NOT_APPLICABLE,no_applicable_archetype_tag,currency,fiscal_period,550,nonnegative,not_applicable
transportation_dedicated_parser_support_scope_v1,transportation_parser_support_v1,transportation_operating_archetypes_v1,804eeba846c75abc321df0821fe82a05e7bee9719cecff45798be0c82176ab7c,EDRY,active,development_stage_and_speculative_transport,Marine Shipping,marine_operator,development_all|marine_operator,1,airport_aeronautical_revenue,aeronautical_revenue_per_passenger,air,DP-S,NOT_APPLICABLE,no_applicable_archetype_tag,currency,fiscal_period,550,nonnegative,not_applicable
transportation_dedicated_parser_support_scope_v1,transportation_parser_support_v1,transportation_operating_archetypes_v1,804eeba846c75abc321df0821fe82a05e7bee9719cecff45798be0c82176ab7c,EDRY,active,development_stage_and_speculative_transport,Marine Shipping,marine_operator,development_all|marine_operator,1,airport_non_aeronautical_revenue,non_aeronautical_revenue_per_passenger,air,DP-S,NOT_APPLICABLE,no_applicable_archetype_tag,currency,fiscal_period,550,nonnegative,not_applicable
transportation_dedicated_parser_support_scope_v1,transportation_parser_support_v1,transportation_operating_archetypes_v1,804eeba846c75abc321df0821fe82a05e7bee9719cecff45798be0c82176ab7c,EDRY,active,development_stage_and_speculative_transport,Marine Shipping,marine_operator,development_all|marine_operator,1,airport_passenger_throughput,aeronautical_revenue_per_passenger|non_aeronautical_revenue_per_passenger,air,DP-S,NOT_APPLICABLE,no_applicable_archetype_tag,count,fiscal_period,550,nonnegative_integer,not_applicable
transportation_dedicated_parser_support_scope_v1,transportation_parser_support_v1,transportation_operating_archetypes_v1,804eeba846c75abc321df0821fe82a05e7bee9719cecff45798be0c82176ab7c,EDRY,active,development_stage_and_speculative_transport,Marine Shipping,marine_operator,development_all|marine_operator,1,milestone_target_date,milestone_slippage_days,development,DP-S,NOT_APPLICABLE,no_applicable_archetype_tag,iso_date,milestone,1100,date,not_applicable
transportation_dedicated_parser_support_scope_v1,transportation_parser_support_v1,transportation_operating_archetypes_v1,804eeba846c75abc321df0821fe82a05e7bee9719cecff45798be0c82176ab7c,EGL,delisted_usable,surface_freight_and_logistics,Integrated Freight & Logistics,surface_logistics,surface_logistics,0,airline_fuel_consumed,fuel_efficiency_per_capacity_unit,air,DP-S,NOT_APPLICABLE,no_applicable_archetype_tag,fuel_volume,fiscal_period,550,nonnegative,not_applicable
transportation_dedicated_parser_support_scope_v1,transportation_parser_support_v1,transportation_operating_archetypes_v1,804eeba846c75abc321df0821fe82a05e7bee9719cecff45798be0c82176ab7c,EGL,delisted_usable,surface_freight_and_logistics,Integrated Freight & Logistics,surface_logistics,surface_logistics,0,airline_capacity_units,fuel_efficiency_per_capacity_unit|fuel_cost_per_capacity_unit,air,DP-S,NOT_APPLICABLE,no_applicable_archetype_tag,capacity_units,fiscal_period,550,nonnegative,not_applicable
transportation_dedicated_parser_support_scope_v1,transportation_parser_support_v1,transportation_operating_archetypes_v1,804eeba846c75abc321df0821fe82a05e7bee9719cecff45798be0c82176ab7c,EGL,delisted_usable,surface_freight_and_logistics,Integrated Freight & Logistics,surface_logistics,surface_logistics,0,airline_fuel_expense,fuel_cost_per_capacity_unit,air,DP-S,NOT_APPLICABLE,no_applicable_archetype_tag,currency,fiscal_period,550,nonnegative,not_applicable
transportation_dedicated_parser_support_scope_v1,transportation_parser_support_v1,transportation_operating_archetypes_v1,804eeba846c75abc321df0821fe82a05e7bee9719cecff45798be0c82176ab7c,EGL,delisted_usable,surface_freight_and_logistics,Integrated Freight & Logistics,surface_logistics,surface_logistics,0,airport_aeronautical_revenue,aeronautical_revenue_per_passenger,air,DP-S,NOT_APPLICABLE,no_applicable_archetype_tag,currency,fiscal_period,550,nonnegative,not_applicable
transportation_dedicated_parser_support_scope_v1,transportation_parser_support_v1,transportation_operating_archetypes_v1,804eeba846c75abc321df0821fe82a05e7bee9719cecff45798be0c82176ab7c,EGL,delisted_usable,surface_freight_and_logistics,Integrated Freight & Logistics,surface_logistics,surface_logistics,0,airport_non_aeronautical_revenue,non_aeronautical_revenue_per_passenger,air,DP-S,NOT_APPLICABLE,no_applicable_archetype_tag,currency,fiscal_period,550,nonnegative,not_applicable
transportation_dedicated_parser_support_scope_v1,transportation_parser_support_v1,transportation_operating_archetypes_v1,804eeba846c75abc321df0821fe82a05e7bee9719cecff45798be0c82176ab7c,EGL,delisted_usable,surface_freight_and_logistics,Integrated Freight & Logistics,surface_logistics,surface_logistics,0,airport_passenger_throughput,aeronautical_revenue_per_passenger|non_aeronautical_revenue_per_passenger,air,DP-S,NOT_APPLICABLE,no_applicable_archetype_tag,count,fiscal_period,550,nonnegative_integer,not_applicable
transportation_dedicated_parser_support_scope_v1,transportation_parser_support_v1,transportation_operating_archetypes_v1,804eeba846c75abc321df0821fe82a05e7bee9719cecff45798be0c82176ab7c,EGL,delisted_usable,surface_freight_and_logistics,Integrated Freight & Logistics,surface_logistics,surface_logistics,0,milestone_target_date,milestone_slippage_days,development,DP-S,NOT_APPLICABLE,no_applicable_archetype_tag,iso_date,milestone,1100,date,not_applicable
transportation_dedicated_parser_support_scope_v1,transportation_parser_support_v1,transportation_operating_archetypes_v1,804eeba846c75abc321df0821fe82a05e7bee9719cecff45798be0c82176ab7c,EGLE,delisted_usable,marine_shipping_and_maritime,Marine Shipping,marine_operator,marine_operator,0,airline_fuel_consumed,fuel_efficiency_per_capacity_unit,air,DP-S,NOT_APPLICABLE,no_applicable_archetype_tag,fuel_volume,fiscal_period,550,nonnegative,not_applicable
transportation_dedicated_parser_support_scope_v1,transportation_parser_support_v1,transportation_operating_archetypes_v1,804eeba846c75abc321df0821fe82a05e7bee9719cecff45798be0c82176ab7c,EGLE,delisted_usable,marine_shipping_and_maritime,Marine Shipping,marine_operator,marine_operator,0,airline_capacity_units,fuel_efficiency_per_capacity_unit|fuel_cost_per_capacity_unit,air,DP-S,NOT_APPLICABLE,no_applicable_archetype_tag,capacity_units,fiscal_period,550,nonnegative,not_applicable
transportation_dedicated_parser_support_scope_v1,transportation_parser_support_v1,transportation_operating_archetypes_v1,804eeba846c75abc321df0821fe82a05e7bee9719cecff45798be0c82176ab7c,EGLE,delisted_usable,marine_shipping_and_maritime,Marine Shipping,marine_operator,marine_operator,0,airline_fuel_expense,fuel_cost_per_capacity_unit,air,DP-S,NOT_APPLICABLE,no_applicable_archetype_tag,currency,fiscal_period,550,nonnegative,not_applicable
transportation_dedicated_parser_support_scope_v1,transportation_parser_support_v1,transportation_operating_archetypes_v1,804eeba846c75abc321df0821fe82a05e7bee9719cecff45798be0c82176ab7c,EGLE,delisted_usable,marine_shipping_and_maritime,Marine Shipping,marine_operator,marine_operator,0,airport_aeronautical_revenue,aeronautical_revenue_per_passenger,air,DP-S,NOT_APPLICABLE,no_applicable_archetype_tag,currency,fiscal_period,550,nonnegative,not_applicable
transportation_dedicated_parser_support_scope_v1,transportation_parser_support_v1,transportation_operating_archetypes_v1,804eeba846c75abc321df0821fe82a05e7bee9719cecff45798be0c82176ab7c,EGLE,delisted_usable,marine_shipping_and_maritime,Marine Shipping,marine_operator,marine_operator,0,airport_non_aeronautical_revenue,non_aeronautical_revenue_per_passenger,air,DP-S,NOT_APPLICABLE,no_applicable_archetype_tag,currency,fiscal_period,550,nonnegative,not_applicable
transportation_dedicated_parser_support_scope_v1,transportation_parser_support_v1,transportation_operating_archetypes_v1,804eeba846c75abc321df0821fe82a05e7bee9719cecff45798be0c82176ab7c,EGLE,delisted_usable,marine_shipping_and_maritime,Marine Shipping,marine_operator,marine_operator,0,airport_passenger_throughput,aeronautical_revenue_per_passenger|non_aeronautical_revenue_per_passenger,air,DP-S,NOT_APPLICABLE,no_applicable_archetype_tag,count,fiscal_period,550,nonnegative_integer,not_applicable
transportation_dedicated_parser_support_scope_v1,transportation_parser_support_v1,transportation_operating_archetypes_v1,804eeba846c75abc321df0821fe82a05e7bee9719cecff45798be0c82176ab7c,EGLE,delisted_usable,marine_shipping_and_maritime,Marine Shipping,marine_operator,marine_operator,0,milestone_target_date,milestone_slippage_days,development,DP-S,NOT_APPLICABLE,no_applicable_archetype_tag,iso_date,milestone,1100,date,not_applicable
transportation_dedicated_parser_support_scope_v1,transportation_parser_support_v1,transportation_operating_archetypes_v1,804eeba846c75abc321df0821fe82a05e7bee9719cecff45798be0c82176ab7c,EHLD,active,development_stage_and_speculative_transport,Marine Shipping,marine_operator,development_all|marine_operator,1,airline_fuel_consumed,fuel_efficiency_per_capacity_unit,air,DP-S,NOT_APPLICABLE,no_applicable_archetype_tag,fuel_volume,fiscal_period,550,nonnegative,not_applicable
transportation_dedicated_parser_support_scope_v1,transportation_parser_support_v1,transportation_operating_archetypes_v1,804eeba846c75abc321df0821fe82a05e7bee9719cecff45798be0c82176ab7c,EHLD,active,development_stage_and_speculative_transport,Marine Shipping,marine_operator,development_all|marine_operator,1,airline_capacity_units,fuel_efficiency_per_capacity_unit|fuel_cost_per_capacity_unit,air,DP-S,NOT_APPLICABLE,no_applicable_archetype_tag,capacity_units,fiscal_period,550,nonnegative,not_applicable
transportation_dedicated_parser_support_scope_v1,transportation_parser_support_v1,transportation_operating_archetypes_v1,804eeba846c75abc321df0821fe82a05e7bee9719cecff45798be0c82176ab7c,EHLD,active,development_stage_and_speculative_transport,Marine Shipping,marine_operator,development_all|marine_operator,1,airline_fuel_expense,fuel_cost_per_capacity_unit,air,DP-S,NOT_APPLICABLE,no_applicable_archetype_tag,currency,fiscal_period,550,nonnegative,not_applicable
transportation_dedicated_parser_support_scope_v1,transportation_parser_support_v1,transportation_operating_archetypes_v1,804eeba846c75abc321df0821fe82a05e7bee9719cecff45798be0c82176ab7c,EHLD,active,development_stage_and_speculative_transport,Marine Shipping,marine_operator,development_all|marine_operator,1,airport_aeronautical_revenue,aeronautical_revenue_per_passenger,air,DP-S,NOT_APPLICABLE,no_applicable_archetype_tag,currency,fiscal_period,550,nonnegative,not_applicable
transportation_dedicated_parser_support_scope_v1,transportation_parser_support_v1,transportation_operating_archetypes_v1,804eeba846c75abc321df0821fe82a05e7bee9719cecff45798be0c82176ab7c,EHLD,active,development_stage_and_speculative_transport,Marine Shipping,marine_operator,development_all|marine_operator,1,airport_non_aeronautical_revenue,non_aeronautical_revenue_per_passenger,air,DP-S,NOT_APPLICABLE,no_applicable_archetype_tag,currency,fiscal_period,550,nonnegative,not_applicable
transportation_dedicated_parser_support_scope_v1,transportation_parser_support_v1,transportation_operating_archetypes_v1,804eeba846c75abc321df0821fe82a05e7bee9719cecff45798be0c82176ab7c,EHLD,active,development_stage_and_speculative_transport,Marine Shipping,marine_operator,development_all|marine_operator,1,airport_passenger_throughput,aeronautical_revenue_per_passenger|non_aeronautical_revenue_per_passenger,air,DP-S,NOT_APPLICABLE,no_applicable_archetype_tag,count,fiscal_period,550,nonnegative_integer,not_applicable
transportation_dedicated_parser_support_scope_v1,transportation_parser_support_v1,transportation_operating_archetypes_v1,804eeba846c75abc321df0821fe82a05e7bee9719cecff45798be0c82176ab7c,EHLD,active,development_stage_and_speculative_transport,Marine Shipping,marine_operator,development_all|marine_operator,1,milestone_target_date,milestone_slippage_days,development,DP-S,NOT_APPLICABLE,no_applicable_archetype_tag,iso_date,milestone,1100,date,not_applicable
transportation_dedicated_parser_support_scope_v1,transportation_parser_support_v1,transportation_operating_archetypes_v1,804eeba846c75abc321df0821fe82a05e7bee9719cecff45798be0c82176ab7c,ELOG,active,development_stage_and_speculative_transport,Integrated Freight & Logistics,surface_logistics,development_all|surface_logistics,1,airline_fuel_consumed,fuel_efficiency_per_capacity_unit,air,DP-S,NOT_APPLICABLE,no_applicable_archetype_tag,fuel_volume,fiscal_period,550,nonnegative,not_applicable
transportation_dedicated_parser_support_scope_v1,transportation_parser_support_v1,transportation_operating_archetypes_v1,804eeba846c75abc321df0821fe82a05e7bee9719cecff45798be0c82176ab7c,ELOG,active,development_stage_and_speculative_transport,Integrated Freight & Logistics,surface_logistics,development_all|surface_logistics,1,airline_capacity_units,fuel_efficiency_per_capacity_unit|fuel_cost_per_capacity_unit,air,DP-S,NOT_APPLICABLE,no_applicable_archetype_tag,capacity_units,fiscal_period,550,nonnegative,not_applicable
transportation_dedicated_parser_support_scope_v1,transportation_parser_support_v1,transportation_operating_archetypes_v1,804eeba846c75abc321df0821fe82a05e7bee9719cecff45798be0c82176ab7c,ELOG,active,development_stage_and_speculative_transport,Integrated Freight & Logistics,surface_logistics,development_all|surface_logistics,1,airline_fuel_expense,fuel_cost_per_capacity_unit,air,DP-S,NOT_APPLICABLE,no_applicable_archetype_tag,currency,fiscal_period,550,nonnegative,not_applicable
transportation_dedicated_parser_support_scope_v1,transportation_parser_support_v1,transportation_operating_archetypes_v1,804eeba846c75abc321df0821fe82a05e7bee9719cecff45798be0c82176ab7c,ELOG,active,development_stage_and_speculative_transport,Integrated Freight & Logistics,surface_logistics,development_all|surface_logistics,1,airport_aeronautical_revenue,aeronautical_revenue_per_passenger,air,DP-S,NOT_APPLICABLE,no_applicable_archetype_tag,currency,fiscal_period,550,nonnegative,not_applicable
transportation_dedicated_parser_support_scope_v1,transportation_parser_support_v1,transportation_operating_archetypes_v1,804eeba846c75abc321df0821fe82a05e7bee9719cecff45798be0c82176ab7c,ELOG,active,development_stage_and_speculative_transport,Integrated Freight & Logistics,surface_logistics,development_all|surface_logistics,1,airport_non_aeronautical_revenue,non_aeronautical_revenue_per_passenger,air,DP-S,NOT_APPLICABLE,no_applicable_archetype_tag,currency,fiscal_period,550,nonnegative,not_applicable
transportation_dedicated_parser_support_scope_v1,transportation_parser_support_v1,transportation_operating_archetypes_v1,804eeba846c75abc321df0821fe82a05e7bee9719cecff45798be0c82176ab7c,ELOG,active,development_stage_and_speculative_transport,Integrated Freight & Logistics,surface_logistics,development_all|surface_logistics,1,airport_passenger_throughput,aeronautical_revenue_per_passenger|non_aeronautical_revenue_per_passenger,air,DP-S,NOT_APPLICABLE,no_applicable_archetype_tag,count,fiscal_period,550,nonnegative_integer,not_applicable
transportation_dedicated_parser_support_scope_v1,transportation_parser_support_v1,transportation_operating_archetypes_v1,804eeba846c75abc321df0821fe82a05e7bee9719cecff45798be0c82176ab7c,ELOG,active,development_stage_and_speculative_transport,Integrated Freight & Logistics,surface_logistics,development_all|surface_logistics,1,milestone_target_date,milestone_slippage_days,development,DP-S,NOT_APPLICABLE,no_applicable_archetype_tag,iso_date,milestone,1100,date,not_applicable
transportation_dedicated_parser_support_scope_v1,transportation_parser_support_v1,transportation_operating_archetypes_v1,804eeba846c75abc321df0821fe82a05e7bee9719cecff45798be0c82176ab7c,ESEA,active,marine_shipping_and_maritime,Marine Shipping,marine_operator,marine_operator,0,airline_fuel_consumed,fuel_efficiency_per_capacity_unit,air,DP-S,NOT_APPLICABLE,no_applicable_archetype_tag,fuel_volume,fiscal_period,550,nonnegative,not_applicable
transportation_dedicated_parser_support_scope_v1,transportation_parser_support_v1,transportation_operating_archetypes_v1,804eeba846c75abc321df0821fe82a05e7bee9719cecff45798be0c82176ab7c,ESEA,active,marine_shipping_and_maritime,Marine Shipping,marine_operator,marine_operator,0,airline_capacity_units,fuel_efficiency_per_capacity_unit|fuel_cost_per_capacity_unit,air,DP-S,NOT_APPLICABLE,no_applicable_archetype_tag,capacity_units,fiscal_period,550,nonnegative,not_applicable
transportation_dedicated_parser_support_scope_v1,transportation_parser_support_v1,transportation_operating_archetypes_v1,804eeba846c75abc321df0821fe82a05e7bee9719cecff45798be0c82176ab7c,ESEA,active,marine_shipping_and_maritime,Marine Shipping,marine_operator,marine_operator,0,airline_fuel_expense,fuel_cost_per_capacity_unit,air,DP-S,NOT_APPLICABLE,no_applicable_archetype_tag,currency,fiscal_period,550,nonnegative,not_applicable
transportation_dedicated_parser_support_scope_v1,transportation_parser_support_v1,transportation_operating_archetypes_v1,804eeba846c75abc321df0821fe82a05e7bee9719cecff45798be0c82176ab7c,ESEA,active,marine_shipping_and_maritime,Marine Shipping,marine_operator,marine_operator,0,airport_aeronautical_revenue,aeronautical_revenue_per_passenger,air,DP-S,NOT_APPLICABLE,no_applicable_archetype_tag,currency,fiscal_period,550,nonnegative,not_applicable
transportation_dedicated_parser_support_scope_v1,transportation_parser_support_v1,transportation_operating_archetypes_v1,804eeba846c75abc321df0821fe82a05e7bee9719cecff45798be0c82176ab7c,ESEA,active,marine_shipping_and_maritime,Marine Shipping,marine_operator,marine_operator,0,airport_non_aeronautical_revenue,non_aeronautical_revenue_per_passenger,air,DP-S,NOT_APPLICABLE,no_applicable_archetype_tag,currency,fiscal_period,550,nonnegative,not_applicable
transportation_dedicated_parser_support_scope_v1,transportation_parser_support_v1,transportation_operating_archetypes_v1,804eeba846c75abc321df0821fe82a05e7bee9719cecff45798be0c82176ab7c,ESEA,active,marine_shipping_and_maritime,Marine Shipping,marine_operator,marine_operator,0,airport_passenger_throughput,aeronautical_revenue_per_passenger|non_aeronautical_revenue_per_passenger,air,DP-S,NOT_APPLICABLE,no_applicable_archetype_tag,count,fiscal_period,550,nonnegative_integer,not_applicable
transportation_dedicated_parser_support_scope_v1,transportation_parser_support_v1,transportation_operating_archetypes_v1,804eeba846c75abc321df0821fe82a05e7bee9719cecff45798be0c82176ab7c,ESEA,active,marine_shipping_and_maritime,Marine Shipping,marine_operator,marine_operator,0,milestone_target_date,milestone_slippage_days,development,DP-S,NOT_APPLICABLE,no_applicable_archetype_tag,iso_date,milestone,1100,date,not_applicable
transportation_dedicated_parser_support_scope_v1,transportation_parser_support_v1,transportation_operating_archetypes_v1,804eeba846c75abc321df0821fe82a05e7bee9719cecff45798be0c82176ab7c,EXM,delisted_usable,marine_shipping_and_maritime,Marine Shipping,marine_operator,marine_operator,0,airline_fuel_consumed,fuel_efficiency_per_capacity_unit,air,DP-S,NOT_APPLICABLE,no_applicable_archetype_tag,fuel_volume,fiscal_period,550,nonnegative,not_applicable
transportation_dedicated_parser_support_scope_v1,transportation_parser_support_v1,transportation_operating_archetypes_v1,804eeba846c75abc321df0821fe82a05e7bee9719cecff45798be0c82176ab7c,EXM,delisted_usable,marine_shipping_and_maritime,Marine Shipping,marine_operator,marine_operator,0,airline_capacity_units,fuel_efficiency_per_capacity_unit|fuel_cost_per_capacity_unit,air,DP-S,NOT_APPLICABLE,no_applicable_archetype_tag,capacity_units,fiscal_period,550,nonnegative,not_applicable
transportation_dedicated_parser_support_scope_v1,transportation_parser_support_v1,transportation_operating_archetypes_v1,804eeba846c75abc321df0821fe82a05e7bee9719cecff45798be0c82176ab7c,EXM,delisted_usable,marine_shipping_and_maritime,Marine Shipping,marine_operator,marine_operator,0,airline_fuel_expense,fuel_cost_per_capacity_unit,air,DP-S,NOT_APPLICABLE,no_applicable_archetype_tag,currency,fiscal_period,550,nonnegative,not_applicable
transportation_dedicated_parser_support_scope_v1,transportation_parser_support_v1,transportation_operating_archetypes_v1,804eeba846c75abc321df0821fe82a05e7bee9719cecff45798be0c82176ab7c,EXM,delisted_usable,marine_shipping_and_maritime,Marine Shipping,marine_operator,marine_operator,0,airport_aeronautical_revenue,aeronautical_revenue_per_passenger,air,DP-S,NOT_APPLICABLE,no_applicable_archetype_tag,currency,fiscal_period,550,nonnegative,not_applicable
transportation_dedicated_parser_support_scope_v1,transportation_parser_support_v1,transportation_operating_archetypes_v1,804eeba846c75abc321df0821fe82a05e7bee9719cecff45798be0c82176ab7c,EXM,delisted_usable,marine_shipping_and_maritime,Marine Shipping,marine_operator,marine_operator,0,airport_non_aeronautical_revenue,non_aeronautical_revenue_per_passenger,air,DP-S,NOT_APPLICABLE,no_applicable_archetype_tag,currency,fiscal_period,550,nonnegative,not_applicable
transportation_dedicated_parser_support_scope_v1,transportation_parser_support_v1,transportation_operating_archetypes_v1,804eeba846c75abc321df0821fe82a05e7bee9719cecff45798be0c82176ab7c,EXM,delisted_usable,marine_shipping_and_maritime,Marine Shipping,marine_operator,marine_operator,0,airport_passenger_throughput,aeronautical_revenue_per_passenger|non_aeronautical_revenue_per_passenger,air,DP-S,NOT_APPLICABLE,no_applicable_archetype_tag,count,fiscal_period,550,nonnegative_integer,not_applicable
transportation_dedicated_parser_support_scope_v1,transportation_parser_support_v1,transportation_operating_archetypes_v1,804eeba846c75abc321df0821fe82a05e7bee9719cecff45798be0c82176ab7c,EXM,delisted_usable,marine_shipping_and_maritime,Marine Shipping,marine_operator,marine_operator,0,milestone_target_date,milestone_slippage_days,development,DP-S,NOT_APPLICABLE,no_applicable_archetype_tag,iso_date,milestone,1100,date,not_applicable
transportation_dedicated_parser_support_scope_v1,transportation_parser_support_v1,transportation_operating_archetypes_v1,804eeba846c75abc321df0821fe82a05e7bee9719cecff45798be0c82176ab7c,EXPD,active,surface_freight_and_logistics,Integrated Freight & Logistics,surface_logistics,surface_logistics,0,airline_fuel_consumed,fuel_efficiency_per_capacity_unit,air,DP-S,NOT_APPLICABLE,no_applicable_archetype_tag,fuel_volume,fiscal_period,550,nonnegative,not_applicable
transportation_dedicated_parser_support_scope_v1,transportation_parser_support_v1,transportation_operating_archetypes_v1,804eeba846c75abc321df0821fe82a05e7bee9719cecff45798be0c82176ab7c,EXPD,active,surface_freight_and_logistics,Integrated Freight & Logistics,surface_logistics,surface_logistics,0,airline_capacity_units,fuel_efficiency_per_capacity_unit|fuel_cost_per_capacity_unit,air,DP-S,NOT_APPLICABLE,no_applicable_archetype_tag,capacity_units,fiscal_period,550,nonnegative,not_applicable
transportation_dedicated_parser_support_scope_v1,transportation_parser_support_v1,transportation_operating_archetypes_v1,804eeba846c75abc321df0821fe82a05e7bee9719cecff45798be0c82176ab7c,EXPD,active,surface_freight_and_logistics,Integrated Freight & Logistics,surface_logistics,surface_logistics,0,airline_fuel_expense,fuel_cost_per_capacity_unit,air,DP-S,NOT_APPLICABLE,no_applicable_archetype_tag,currency,fiscal_period,550,nonnegative,not_applicable
transportation_dedicated_parser_support_scope_v1,transportation_parser_support_v1,transportation_operating_archetypes_v1,804eeba846c75abc321df0821fe82a05e7bee9719cecff45798be0c82176ab7c,EXPD,active,surface_freight_and_logistics,Integrated Freight & Logistics,surface_logistics,surface_logistics,0,airport_aeronautical_revenue,aeronautical_revenue_per_passenger,air,DP-S,NOT_APPLICABLE,no_applicable_archetype_tag,currency,fiscal_period,550,nonnegative,not_applicable
transportation_dedicated_parser_support_scope_v1,transportation_parser_support_v1,transportation_operating_archetypes_v1,804eeba846c75abc321df0821fe82a05e7bee9719cecff45798be0c82176ab7c,EXPD,active,surface_freight_and_logistics,Integrated Freight & Logistics,surface_logistics,surface_logistics,0,airport_non_aeronautical_revenue,non_aeronautical_revenue_per_passenger,air,DP-S,NOT_APPLICABLE,no_applicable_archetype_tag,currency,fiscal_period,550,nonnegative,not_applicable
transportation_dedicated_parser_support_scope_v1,transportation_parser_support_v1,transportation_operating_archetypes_v1,804eeba846c75abc321df0821fe82a05e7bee9719cecff45798be0c82176ab7c,EXPD,active,surface_freight_and_logistics,Integrated Freight & Logistics,surface_logistics,surface_logistics,0,airport_passenger_throughput,aeronautical_revenue_per_passenger|non_aeronautical_revenue_per_passenger,air,DP-S,NOT_APPLICABLE,no_applicable_archetype_tag,count,fiscal_period,550,nonnegative_integer,not_applicable
transportation_dedicated_parser_support_scope_v1,transportation_parser_support_v1,transportation_operating_archetypes_v1,804eeba846c75abc321df0821fe82a05e7bee9719cecff45798be0c82176ab7c,EXPD,active,surface_freight_and_logistics,Integrated Freight & Logistics,surface_logistics,surface_logistics,0,milestone_target_date,milestone_slippage_days,development,DP-S,NOT_APPLICABLE,no_applicable_archetype_tag,iso_date,milestone,1100,date,not_applicable
transportation_dedicated_parser_support_scope_v1,transportation_parser_support_v1,transportation_operating_archetypes_v1,804eeba846c75abc321df0821fe82a05e7bee9719cecff45798be0c82176ab7c,FDX,active,surface_freight_and_logistics,Integrated Freight & Logistics,surface_logistics,surface_logistics,0,airline_fuel_consumed,fuel_efficiency_per_capacity_unit,air,DP-S,NOT_APPLICABLE,no_applicable_archetype_tag,fuel_volume,fiscal_period,550,nonnegative,not_applicable
transportation_dedicated_parser_support_scope_v1,transportation_parser_support_v1,transportation_operating_archetypes_v1,804eeba846c75abc321df0821fe82a05e7bee9719cecff45798be0c82176ab7c,FDX,active,surface_freight_and_logistics,Integrated Freight & Logistics,surface_logistics,surface_logistics,0,airline_capacity_units,fuel_efficiency_per_capacity_unit|fuel_cost_per_capacity_unit,air,DP-S,NOT_APPLICABLE,no_applicable_archetype_tag,capacity_units,fiscal_period,550,nonnegative,not_applicable
transportation_dedicated_parser_support_scope_v1,transportation_parser_support_v1,transportation_operating_archetypes_v1,804eeba846c75abc321df0821fe82a05e7bee9719cecff45798be0c82176ab7c,FDX,active,surface_freight_and_logistics,Integrated Freight & Logistics,surface_logistics,surface_logistics,0,airline_fuel_expense,fuel_cost_per_capacity_unit,air,DP-S,NOT_APPLICABLE,no_applicable_archetype_tag,currency,fiscal_period,550,nonnegative,not_applicable
transportation_dedicated_parser_support_scope_v1,transportation_parser_support_v1,transportation_operating_archetypes_v1,804eeba846c75abc321df0821fe82a05e7bee9719cecff45798be0c82176ab7c,FDX,active,surface_freight_and_logistics,Integrated Freight & Logistics,surface_logistics,surface_logistics,0,airport_aeronautical_revenue,aeronautical_revenue_per_passenger,air,DP-S,NOT_APPLICABLE,no_applicable_archetype_tag,currency,fiscal_period,550,nonnegative,not_applicable
transportation_dedicated_parser_support_scope_v1,transportation_parser_support_v1,transportation_operating_archetypes_v1,804eeba846c75abc321df0821fe82a05e7bee9719cecff45798be0c82176ab7c,FDX,active,surface_freight_and_logistics,Integrated Freight & Logistics,surface_logistics,surface_logistics,0,airport_non_aeronautical_revenue,non_aeronautical_revenue_per_passenger,air,DP-S,NOT_APPLICABLE,no_applicable_archetype_tag,currency,fiscal_period,550,nonnegative,not_applicable
transportation_dedicated_parser_support_scope_v1,transportation_parser_support_v1,transportation_operating_archetypes_v1,804eeba846c75abc321df0821fe82a05e7bee9719cecff45798be0c82176ab7c,FDX,active,surface_freight_and_logistics,Integrated Freight & Logistics,surface_logistics,surface_logistics,0,airport_passenger_throughput,aeronautical_revenue_per_passenger|non_aeronautical_revenue_per_passenger,air,DP-S,NOT_APPLICABLE,no_applicable_archetype_tag,count,fiscal_period,550,nonnegative_integer,not_applicable
transportation_dedicated_parser_support_scope_v1,transportation_parser_support_v1,transportation_operating_archetypes_v1,804eeba846c75abc321df0821fe82a05e7bee9719cecff45798be0c82176ab7c,FDX,active,surface_freight_and_logistics,Integrated Freight & Logistics,surface_logistics,surface_logistics,0,milestone_target_date,milestone_slippage_days,development,DP-S,NOT_APPLICABLE,no_applicable_archetype_tag,iso_date,milestone,1100,date,not_applicable
transportation_dedicated_parser_support_scope_v1,transportation_parser_support_v1,transportation_operating_archetypes_v1,804eeba846c75abc321df0821fe82a05e7bee9719cecff45798be0c82176ab7c,FDXF,active,surface_freight_and_logistics,Integrated Freight & Logistics,surface_logistics,surface_logistics,0,airline_fuel_consumed,fuel_efficiency_per_capacity_unit,air,DP-S,NOT_APPLICABLE,no_applicable_archetype_tag,fuel_volume,fiscal_period,550,nonnegative,not_applicable
transportation_dedicated_parser_support_scope_v1,transportation_parser_support_v1,transportation_operating_archetypes_v1,804eeba846c75abc321df0821fe82a05e7bee9719cecff45798be0c82176ab7c,FDXF,active,surface_freight_and_logistics,Integrated Freight & Logistics,surface_logistics,surface_logistics,0,airline_capacity_units,fuel_efficiency_per_capacity_unit|fuel_cost_per_capacity_unit,air,DP-S,NOT_APPLICABLE,no_applicable_archetype_tag,capacity_units,fiscal_period,550,nonnegative,not_applicable
transportation_dedicated_parser_support_scope_v1,transportation_parser_support_v1,transportation_operating_archetypes_v1,804eeba846c75abc321df0821fe82a05e7bee9719cecff45798be0c82176ab7c,FDXF,active,surface_freight_and_logistics,Integrated Freight & Logistics,surface_logistics,surface_logistics,0,airline_fuel_expense,fuel_cost_per_capacity_unit,air,DP-S,NOT_APPLICABLE,no_applicable_archetype_tag,currency,fiscal_period,550,nonnegative,not_applicable
transportation_dedicated_parser_support_scope_v1,transportation_parser_support_v1,transportation_operating_archetypes_v1,804eeba846c75abc321df0821fe82a05e7bee9719cecff45798be0c82176ab7c,FDXF,active,surface_freight_and_logistics,Integrated Freight & Logistics,surface_logistics,surface_logistics,0,airport_aeronautical_revenue,aeronautical_revenue_per_passenger,air,DP-S,NOT_APPLICABLE,no_applicable_archetype_tag,currency,fiscal_period,550,nonnegative,not_applicable
transportation_dedicated_parser_support_scope_v1,transportation_parser_support_v1,transportation_operating_archetypes_v1,804eeba846c75abc321df0821fe82a05e7bee9719cecff45798be0c82176ab7c,FDXF,active,surface_freight_and_logistics,Integrated Freight & Logistics,surface_logistics,surface_logistics,0,airport_non_aeronautical_revenue,non_aeronautical_revenue_per_passenger,air,DP-S,NOT_APPLICABLE,no_applicable_archetype_tag,currency,fiscal_period,550,nonnegative,not_applicable
transportation_dedicated_parser_support_scope_v1,transportation_parser_support_v1,transportation_operating_archetypes_v1,804eeba846c75abc321df0821fe82a05e7bee9719cecff45798be0c82176ab7c,FDXF,active,surface_freight_and_logistics,Integrated Freight & Logistics,surface_logistics,surface_logistics,0,airport_passenger_throughput,aeronautical_revenue_per_passenger|non_aeronautical_revenue_per_passenger,air,DP-S,NOT_APPLICABLE,no_applicable_archetype_tag,count,fiscal_period,550,nonnegative_integer,not_applicable
transportation_dedicated_parser_support_scope_v1,transportation_parser_support_v1,transportation_operating_archetypes_v1,804eeba846c75abc321df0821fe82a05e7bee9719cecff45798be0c82176ab7c,FDXF,active,surface_freight_and_logistics,Integrated Freight & Logistics,surface_logistics,surface_logistics,0,milestone_target_date,milestone_slippage_days,development,DP-S,NOT_APPLICABLE,no_applicable_archetype_tag,iso_date,milestone,1100,date,not_applicable
transportation_dedicated_parser_support_scope_v1,transportation_parser_support_v1,transportation_operating_archetypes_v1,804eeba846c75abc321df0821fe82a05e7bee9719cecff45798be0c82176ab7c,FLY,delisted_usable,air_transport_and_aviation_services,Rental & Leasing Services,aircraft_lessor,aircraft_lessor,0,airline_fuel_consumed,fuel_efficiency_per_capacity_unit,air,DP-S,NOT_APPLICABLE,no_applicable_archetype_tag,fuel_volume,fiscal_period,550,nonnegative,not_applicable
transportation_dedicated_parser_support_scope_v1,transportation_parser_support_v1,transportation_operating_archetypes_v1,804eeba846c75abc321df0821fe82a05e7bee9719cecff45798be0c82176ab7c,FLY,delisted_usable,air_transport_and_aviation_services,Rental & Leasing Services,aircraft_lessor,aircraft_lessor,0,airline_capacity_units,fuel_efficiency_per_capacity_unit|fuel_cost_per_capacity_unit,air,DP-S,NOT_APPLICABLE,no_applicable_archetype_tag,capacity_units,fiscal_period,550,nonnegative,not_applicable
transportation_dedicated_parser_support_scope_v1,transportation_parser_support_v1,transportation_operating_archetypes_v1,804eeba846c75abc321df0821fe82a05e7bee9719cecff45798be0c82176ab7c,FLY,delisted_usable,air_transport_and_aviation_services,Rental & Leasing Services,aircraft_lessor,aircraft_lessor,0,airline_fuel_expense,fuel_cost_per_capacity_unit,air,DP-S,NOT_APPLICABLE,no_applicable_archetype_tag,currency,fiscal_period,550,nonnegative,not_applicable
transportation_dedicated_parser_support_scope_v1,transportation_parser_support_v1,transportation_operating_archetypes_v1,804eeba846c75abc321df0821fe82a05e7bee9719cecff45798be0c82176ab7c,FLY,delisted_usable,air_transport_and_aviation_services,Rental & Leasing Services,aircraft_lessor,aircraft_lessor,0,airport_aeronautical_revenue,aeronautical_revenue_per_passenger,air,DP-S,NOT_APPLICABLE,no_applicable_archetype_tag,currency,fiscal_period,550,nonnegative,not_applicable
transportation_dedicated_parser_support_scope_v1,transportation_parser_support_v1,transportation_operating_archetypes_v1,804eeba846c75abc321df0821fe82a05e7bee9719cecff45798be0c82176ab7c,FLY,delisted_usable,air_transport_and_aviation_services,Rental & Leasing Services,aircraft_lessor,aircraft_lessor,0,airport_non_aeronautical_revenue,non_aeronautical_revenue_per_passenger,air,DP-S,NOT_APPLICABLE,no_applicable_archetype_tag,currency,fiscal_period,550,nonnegative,not_applicable
transportation_dedicated_parser_support_scope_v1,transportation_parser_support_v1,transportation_operating_archetypes_v1,804eeba846c75abc321df0821fe82a05e7bee9719cecff45798be0c82176ab7c,FLY,delisted_usable,air_transport_and_aviation_services,Rental & Leasing Services,aircraft_lessor,aircraft_lessor,0,airport_passenger_throughput,aeronautical_revenue_per_passenger|non_aeronautical_revenue_per_passenger,air,DP-S,NOT_APPLICABLE,no_applicable_archetype_tag,count,fiscal_period,550,nonnegative_integer,not_applicable
transportation_dedicated_parser_support_scope_v1,transportation_parser_support_v1,transportation_operating_archetypes_v1,804eeba846c75abc321df0821fe82a05e7bee9719cecff45798be0c82176ab7c,FLY,delisted_usable,air_transport_and_aviation_services,Rental & Leasing Services,aircraft_lessor,aircraft_lessor,0,milestone_target_date,milestone_slippage_days,development,DP-S,NOT_APPLICABLE,no_applicable_archetype_tag,iso_date,milestone,1100,date,not_applicable
transportation_dedicated_parser_support_scope_v1,transportation_parser_support_v1,transportation_operating_archetypes_v1,804eeba846c75abc321df0821fe82a05e7bee9719cecff45798be0c82176ab7c,FRTZ,delisted_usable,surface_freight_and_logistics,Integrated Freight & Logistics,surface_logistics,surface_logistics,0,airline_fuel_consumed,fuel_efficiency_per_capacity_unit,air,DP-S,NOT_APPLICABLE,no_applicable_archetype_tag,fuel_volume,fiscal_period,550,nonnegative,not_applicable
transportation_dedicated_parser_support_scope_v1,transportation_parser_support_v1,transportation_operating_archetypes_v1,804eeba846c75abc321df0821fe82a05e7bee9719cecff45798be0c82176ab7c,FRTZ,delisted_usable,surface_freight_and_logistics,Integrated Freight & Logistics,surface_logistics,surface_logistics,0,airline_capacity_units,fuel_efficiency_per_capacity_unit|fuel_cost_per_capacity_unit,air,DP-S,NOT_APPLICABLE,no_applicable_archetype_tag,capacity_units,fiscal_period,550,nonnegative,not_applicable
transportation_dedicated_parser_support_scope_v1,transportation_parser_support_v1,transportation_operating_archetypes_v1,804eeba846c75abc321df0821fe82a05e7bee9719cecff45798be0c82176ab7c,FRTZ,delisted_usable,surface_freight_and_logistics,Integrated Freight & Logistics,surface_logistics,surface_logistics,0,airline_fuel_expense,fuel_cost_per_capacity_unit,air,DP-S,NOT_APPLICABLE,no_applicable_archetype_tag,currency,fiscal_period,550,nonnegative,not_applicable
transportation_dedicated_parser_support_scope_v1,transportation_parser_support_v1,transportation_operating_archetypes_v1,804eeba846c75abc321df0821fe82a05e7bee9719cecff45798be0c82176ab7c,FRTZ,delisted_usable,surface_freight_and_logistics,Integrated Freight & Logistics,surface_logistics,surface_logistics,0,airport_aeronautical_revenue,aeronautical_revenue_per_passenger,air,DP-S,NOT_APPLICABLE,no_applicable_archetype_tag,currency,fiscal_period,550,nonnegative,not_applicable
transportation_dedicated_parser_support_scope_v1,transportation_parser_support_v1,transportation_operating_archetypes_v1,804eeba846c75abc321df0821fe82a05e7bee9719cecff45798be0c82176ab7c,FRTZ,delisted_usable,surface_freight_and_logistics,Integrated Freight & Logistics,surface_logistics,surface_logistics,0,airport_non_aeronautical_revenue,non_aeronautical_revenue_per_passenger,air,DP-S,NOT_APPLICABLE,no_applicable_archetype_tag,currency,fiscal_period,550,nonnegative,not_applicable
transportation_dedicated_parser_support_scope_v1,transportation_parser_support_v1,transportation_operating_archetypes_v1,804eeba846c75abc321df0821fe82a05e7bee9719cecff45798be0c82176ab7c,FRTZ,delisted_usable,surface_freight_and_logistics,Integrated Freight & Logistics,surface_logistics,surface_logistics,0,airport_passenger_throughput,aeronautical_revenue_per_passenger|non_aeronautical_revenue_per_passenger,air,DP-S,NOT_APPLICABLE,no_applicable_archetype_tag,count,fiscal_period,550,nonnegative_integer,not_applicable
transportation_dedicated_parser_support_scope_v1,transportation_parser_support_v1,transportation_operating_archetypes_v1,804eeba846c75abc321df0821fe82a05e7bee9719cecff45798be0c82176ab7c,FRTZ,delisted_usable,surface_freight_and_logistics,Integrated Freight & Logistics,surface_logistics,surface_logistics,0,milestone_target_date,milestone_slippage_days,development,DP-S,NOT_APPLICABLE,no_applicable_archetype_tag,iso_date,milestone,1100,date,not_applicable
transportation_dedicated_parser_support_scope_v1,transportation_parser_support_v1,transportation_operating_archetypes_v1,804eeba846c75abc321df0821fe82a05e7bee9719cecff45798be0c82176ab7c,FSTR,active,surface_freight_and_logistics,Railroads,surface_rail_equipment,surface_rail_equipment,0,airline_fuel_consumed,fuel_efficiency_per_capacity_unit,air,DP-S,NOT_APPLICABLE,no_applicable_archetype_tag,fuel_volume,fiscal_period,550,nonnegative,not_applicable
transportation_dedicated_parser_support_scope_v1,transportation_parser_support_v1,transportation_operating_archetypes_v1,804eeba846c75abc321df0821fe82a05e7bee9719cecff45798be0c82176ab7c,FSTR,active,surface_freight_and_logistics,Railroads,surface_rail_equipment,surface_rail_equipment,0,airline_capacity_units,fuel_efficiency_per_capacity_unit|fuel_cost_per_capacity_unit,air,DP-S,NOT_APPLICABLE,no_applicable_archetype_tag,capacity_units,fiscal_period,550,nonnegative,not_applicable
transportation_dedicated_parser_support_scope_v1,transportation_parser_support_v1,transportation_operating_archetypes_v1,804eeba846c75abc321df0821fe82a05e7bee9719cecff45798be0c82176ab7c,FSTR,active,surface_freight_and_logistics,Railroads,surface_rail_equipment,surface_rail_equipment,0,airline_fuel_expense,fuel_cost_per_capacity_unit,air,DP-S,NOT_APPLICABLE,no_applicable_archetype_tag,currency,fiscal_period,550,nonnegative,not_applicable
transportation_dedicated_parser_support_scope_v1,transportation_parser_support_v1,transportation_operating_archetypes_v1,804eeba846c75abc321df0821fe82a05e7bee9719cecff45798be0c82176ab7c,FSTR,active,surface_freight_and_logistics,Railroads,surface_rail_equipment,surface_rail_equipment,0,airport_aeronautical_revenue,aeronautical_revenue_per_passenger,air,DP-S,NOT_APPLICABLE,no_applicable_archetype_tag,currency,fiscal_period,550,nonnegative,not_applicable
transportation_dedicated_parser_support_scope_v1,transportation_parser_support_v1,transportation_operating_archetypes_v1,804eeba846c75abc321df0821fe82a05e7bee9719cecff45798be0c82176ab7c,FSTR,active,surface_freight_and_logistics,Railroads,surface_rail_equipment,surface_rail_equipment,0,airport_non_aeronautical_revenue,non_aeronautical_revenue_per_passenger,air,DP-S,NOT_APPLICABLE,no_applicable_archetype_tag,currency,fiscal_period,550,nonnegative,not_applicable
transportation_dedicated_parser_support_scope_v1,transportation_parser_support_v1,transportation_operating_archetypes_v1,804eeba846c75abc321df0821fe82a05e7bee9719cecff45798be0c82176ab7c,FSTR,active,surface_freight_and_logistics,Railroads,surface_rail_equipment,surface_rail_equipment,0,airport_passenger_throughput,aeronautical_revenue_per_passenger|non_aeronautical_revenue_per_passenger,air,DP-S,NOT_APPLICABLE,no_applicable_archetype_tag,count,fiscal_period,550,nonnegative_integer,not_applicable
transportation_dedicated_parser_support_scope_v1,transportation_parser_support_v1,transportation_operating_archetypes_v1,804eeba846c75abc321df0821fe82a05e7bee9719cecff45798be0c82176ab7c,FSTR,active,surface_freight_and_logistics,Railroads,surface_rail_equipment,surface_rail_equipment,0,milestone_target_date,milestone_slippage_days,development,DP-S,NOT_APPLICABLE,no_applicable_archetype_tag,iso_date,milestone,1100,date,not_applicable
transportation_dedicated_parser_support_scope_v1,transportation_parser_support_v1,transportation_operating_archetypes_v1,804eeba846c75abc321df0821fe82a05e7bee9719cecff45798be0c82176ab7c,FTAI,active,air_transport_and_aviation_services,Rental & Leasing Services,aircraft_lessor,aircraft_lessor|aviation_services,0,airline_fuel_consumed,fuel_efficiency_per_capacity_unit,air,DP-S,NOT_APPLICABLE,no_applicable_archetype_tag,fuel_volume,fiscal_period,550,nonnegative,not_applicable
transportation_dedicated_parser_support_scope_v1,transportation_parser_support_v1,transportation_operating_archetypes_v1,804eeba846c75abc321df0821fe82a05e7bee9719cecff45798be0c82176ab7c,FTAI,active,air_transport_and_aviation_services,Rental & Leasing Services,aircraft_lessor,aircraft_lessor|aviation_services,0,airline_capacity_units,fuel_efficiency_per_capacity_unit|fuel_cost_per_capacity_unit,air,DP-S,NOT_APPLICABLE,no_applicable_archetype_tag,capacity_units,fiscal_period,550,nonnegative,not_applicable
transportation_dedicated_parser_support_scope_v1,transportation_parser_support_v1,transportation_operating_archetypes_v1,804eeba846c75abc321df0821fe82a05e7bee9719cecff45798be0c82176ab7c,FTAI,active,air_transport_and_aviation_services,Rental & Leasing Services,aircraft_lessor,aircraft_lessor|aviation_services,0,airline_fuel_expense,fuel_cost_per_capacity_unit,air,DP-S,NOT_APPLICABLE,no_applicable_archetype_tag,currency,fiscal_period,550,nonnegative,not_applicable
transportation_dedicated_parser_support_scope_v1,transportation_parser_support_v1,transportation_operating_archetypes_v1,804eeba846c75abc321df0821fe82a05e7bee9719cecff45798be0c82176ab7c,FTAI,active,air_transport_and_aviation_services,Rental & Leasing Services,aircraft_lessor,aircraft_lessor|aviation_services,0,airport_aeronautical_revenue,aeronautical_revenue_per_passenger,air,DP-S,NOT_APPLICABLE,no_applicable_archetype_tag,currency,fiscal_period,550,nonnegative,not_applicable
transportation_dedicated_parser_support_scope_v1,transportation_parser_support_v1,transportation_operating_archetypes_v1,804eeba846c75abc321df0821fe82a05e7bee9719cecff45798be0c82176ab7c,FTAI,active,air_transport_and_aviation_services,Rental & Leasing Services,aircraft_lessor,aircraft_lessor|aviation_services,0,airport_non_aeronautical_revenue,non_aeronautical_revenue_per_passenger,air,DP-S,NOT_APPLICABLE,no_applicable_archetype_tag,currency,fiscal_period,550,nonnegative,not_applicable
transportation_dedicated_parser_support_scope_v1,transportation_parser_support_v1,transportation_operating_archetypes_v1,804eeba846c75abc321df0821fe82a05e7bee9719cecff45798be0c82176ab7c,FTAI,active,air_transport_and_aviation_services,Rental & Leasing Services,aircraft_lessor,aircraft_lessor|aviation_services,0,airport_passenger_throughput,aeronautical_revenue_per_passenger|non_aeronautical_revenue_per_passenger,air,DP-S,NOT_APPLICABLE,no_applicable_archetype_tag,count,fiscal_period,550,nonnegative_integer,not_applicable
transportation_dedicated_parser_support_scope_v1,transportation_parser_support_v1,transportation_operating_archetypes_v1,804eeba846c75abc321df0821fe82a05e7bee9719cecff45798be0c82176ab7c,FTAI,active,air_transport_and_aviation_services,Rental & Leasing Services,aircraft_lessor,aircraft_lessor|aviation_services,0,milestone_target_date,milestone_slippage_days,development,DP-S,NOT_APPLICABLE,no_applicable_archetype_tag,iso_date,milestone,1100,date,not_applicable
transportation_dedicated_parser_support_scope_v1,transportation_parser_support_v1,transportation_operating_archetypes_v1,804eeba846c75abc321df0821fe82a05e7bee9719cecff45798be0c82176ab7c,FWRD,active,surface_freight_and_logistics,Integrated Freight & Logistics,surface_logistics,surface_logistics,0,airline_fuel_consumed,fuel_efficiency_per_capacity_unit,air,DP-S,NOT_APPLICABLE,no_applicable_archetype_tag,fuel_volume,fiscal_period,550,nonnegative,not_applicable
transportation_dedicated_parser_support_scope_v1,transportation_parser_support_v1,transportation_operating_archetypes_v1,804eeba846c75abc321df0821fe82a05e7bee9719cecff45798be0c82176ab7c,FWRD,active,surface_freight_and_logistics,Integrated Freight & Logistics,surface_logistics,surface_logistics,0,airline_capacity_units,fuel_efficiency_per_capacity_unit|fuel_cost_per_capacity_unit,air,DP-S,NOT_APPLICABLE,no_applicable_archetype_tag,capacity_units,fiscal_period,550,nonnegative,not_applicable
transportation_dedicated_parser_support_scope_v1,transportation_parser_support_v1,transportation_operating_archetypes_v1,804eeba846c75abc321df0821fe82a05e7bee9719cecff45798be0c82176ab7c,FWRD,active,surface_freight_and_logistics,Integrated Freight & Logistics,surface_logistics,surface_logistics,0,airline_fuel_expense,fuel_cost_per_capacity_unit,air,DP-S,NOT_APPLICABLE,no_applicable_archetype_tag,currency,fiscal_period,550,nonnegative,not_applicable
transportation_dedicated_parser_support_scope_v1,transportation_parser_support_v1,transportation_operating_archetypes_v1,804eeba846c75abc321df0821fe82a05e7bee9719cecff45798be0c82176ab7c,FWRD,active,surface_freight_and_logistics,Integrated Freight & Logistics,surface_logistics,surface_logistics,0,airport_aeronautical_revenue,aeronautical_revenue_per_passenger,air,DP-S,NOT_APPLICABLE,no_applicable_archetype_tag,currency,fiscal_period,550,nonnegative,not_applicable
transportation_dedicated_parser_support_scope_v1,transportation_parser_support_v1,transportation_operating_archetypes_v1,804eeba846c75abc321df0821fe82a05e7bee9719cecff45798be0c82176ab7c,FWRD,active,surface_freight_and_logistics,Integrated Freight & Logistics,surface_logistics,surface_logistics,0,airport_non_aeronautical_revenue,non_aeronautical_revenue_per_passenger,air,DP-S,NOT_APPLICABLE,no_applicable_archetype_tag,currency,fiscal_period,550,nonnegative,not_applicable
transportation_dedicated_parser_support_scope_v1,transportation_parser_support_v1,transportation_operating_archetypes_v1,804eeba846c75abc321df0821fe82a05e7bee9719cecff45798be0c82176ab7c,FWRD,active,surface_freight_and_logistics,Integrated Freight & Logistics,surface_logistics,surface_logistics,0,airport_passenger_throughput,aeronautical_revenue_per_passenger|non_aeronautical_revenue_per_passenger,air,DP-S,NOT_APPLICABLE,no_applicable_archetype_tag,count,fiscal_period,550,nonnegative_integer,not_applicable
transportation_dedicated_parser_support_scope_v1,transportation_parser_support_v1,transportation_operating_archetypes_v1,804eeba846c75abc321df0821fe82a05e7bee9719cecff45798be0c82176ab7c,FWRD,active,surface_freight_and_logistics,Integrated Freight & Logistics,surface_logistics,surface_logistics,0,milestone_target_date,milestone_slippage_days,development,DP-S,NOT_APPLICABLE,no_applicable_archetype_tag,iso_date,milestone,1100,date,not_applicable
transportation_dedicated_parser_support_scope_v1,transportation_parser_support_v1,transportation_operating_archetypes_v1,804eeba846c75abc321df0821fe82a05e7bee9719cecff45798be0c82176ab7c,GASS,active,marine_shipping_and_maritime,Marine Shipping,marine_operator,marine_operator,0,airline_fuel_consumed,fuel_efficiency_per_capacity_unit,air,DP-S,NOT_APPLICABLE,no_applicable_archetype_tag,fuel_volume,fiscal_period,550,nonnegative,not_applicable
transportation_dedicated_parser_support_scope_v1,transportation_parser_support_v1,transportation_operating_archetypes_v1,804eeba846c75abc321df0821fe82a05e7bee9719cecff45798be0c82176ab7c,GASS,active,marine_shipping_and_maritime,Marine Shipping,marine_operator,marine_operator,0,airline_capacity_units,fuel_efficiency_per_capacity_unit|fuel_cost_per_capacity_unit,air,DP-S,NOT_APPLICABLE,no_applicable_archetype_tag,capacity_units,fiscal_period,550,nonnegative,not_applicable
transportation_dedicated_parser_support_scope_v1,transportation_parser_support_v1,transportation_operating_archetypes_v1,804eeba846c75abc321df0821fe82a05e7bee9719cecff45798be0c82176ab7c,GASS,active,marine_shipping_and_maritime,Marine Shipping,marine_operator,marine_operator,0,airline_fuel_expense,fuel_cost_per_capacity_unit,air,DP-S,NOT_APPLICABLE,no_applicable_archetype_tag,currency,fiscal_period,550,nonnegative,not_applicable
transportation_dedicated_parser_support_scope_v1,transportation_parser_support_v1,transportation_operating_archetypes_v1,804eeba846c75abc321df0821fe82a05e7bee9719cecff45798be0c82176ab7c,GASS,active,marine_shipping_and_maritime,Marine Shipping,marine_operator,marine_operator,0,airport_aeronautical_revenue,aeronautical_revenue_per_passenger,air,DP-S,NOT_APPLICABLE,no_applicable_archetype_tag,currency,fiscal_period,550,nonnegative,not_applicable
transportation_dedicated_parser_support_scope_v1,transportation_parser_support_v1,transportation_operating_archetypes_v1,804eeba846c75abc321df0821fe82a05e7bee9719cecff45798be0c82176ab7c,GASS,active,marine_shipping_and_maritime,Marine Shipping,marine_operator,marine_operator,0,airport_non_aeronautical_revenue,non_aeronautical_revenue_per_passenger,air,DP-S,NOT_APPLICABLE,no_applicable_archetype_tag,currency,fiscal_period,550,nonnegative,not_applicable
transportation_dedicated_parser_support_scope_v1,transportation_parser_support_v1,transportation_operating_archetypes_v1,804eeba846c75abc321df0821fe82a05e7bee9719cecff45798be0c82176ab7c,GASS,active,marine_shipping_and_maritime,Marine Shipping,marine_operator,marine_operator,0,airport_passenger_throughput,aeronautical_revenue_per_passenger|non_aeronautical_revenue_per_passenger,air,DP-S,NOT_APPLICABLE,no_applicable_archetype_tag,count,fiscal_period,550,nonnegative_integer,not_applicable
transportation_dedicated_parser_support_scope_v1,transportation_parser_support_v1,transportation_operating_archetypes_v1,804eeba846c75abc321df0821fe82a05e7bee9719cecff45798be0c82176ab7c,GASS,active,marine_shipping_and_maritime,Marine Shipping,marine_operator,marine_operator,0,milestone_target_date,milestone_slippage_days,development,DP-S,NOT_APPLICABLE,no_applicable_archetype_tag,iso_date,milestone,1100,date,not_applicable
transportation_dedicated_parser_support_scope_v1,transportation_parser_support_v1,transportation_operating_archetypes_v1,804eeba846c75abc321df0821fe82a05e7bee9719cecff45798be0c82176ab7c,GATX,active,surface_freight_and_logistics,Rental & Leasing Services,surface_asset_leasing,surface_asset_leasing|surface_rail_equipment,0,airline_fuel_consumed,fuel_efficiency_per_capacity_unit,air,DP-S,NOT_APPLICABLE,no_applicable_archetype_tag,fuel_volume,fiscal_period,550,nonnegative,not_applicable
transportation_dedicated_parser_support_scope_v1,transportation_parser_support_v1,transportation_operating_archetypes_v1,804eeba846c75abc321df0821fe82a05e7bee9719cecff45798be0c82176ab7c,GATX,active,surface_freight_and_logistics,Rental & Leasing Services,surface_asset_leasing,surface_asset_leasing|surface_rail_equipment,0,airline_capacity_units,fuel_efficiency_per_capacity_unit|fuel_cost_per_capacity_unit,air,DP-S,NOT_APPLICABLE,no_applicable_archetype_tag,capacity_units,fiscal_period,550,nonnegative,not_applicable
transportation_dedicated_parser_support_scope_v1,transportation_parser_support_v1,transportation_operating_archetypes_v1,804eeba846c75abc321df0821fe82a05e7bee9719cecff45798be0c82176ab7c,GATX,active,surface_freight_and_logistics,Rental & Leasing Services,surface_asset_leasing,surface_asset_leasing|surface_rail_equipment,0,airline_fuel_expense,fuel_cost_per_capacity_unit,air,DP-S,NOT_APPLICABLE,no_applicable_archetype_tag,currency,fiscal_period,550,nonnegative,not_applicable
transportation_dedicated_parser_support_scope_v1,transportation_parser_support_v1,transportation_operating_archetypes_v1,804eeba846c75abc321df0821fe82a05e7bee9719cecff45798be0c82176ab7c,GATX,active,surface_freight_and_logistics,Rental & Leasing Services,surface_asset_leasing,surface_asset_leasing|surface_rail_equipment,0,airport_aeronautical_revenue,aeronautical_revenue_per_passenger,air,DP-S,NOT_APPLICABLE,no_applicable_archetype_tag,currency,fiscal_period,550,nonnegative,not_applicable
transportation_dedicated_parser_support_scope_v1,transportation_parser_support_v1,transportation_operating_archetypes_v1,804eeba846c75abc321df0821fe82a05e7bee9719cecff45798be0c82176ab7c,GATX,active,surface_freight_and_logistics,Rental & Leasing Services,surface_asset_leasing,surface_asset_leasing|surface_rail_equipment,0,airport_non_aeronautical_revenue,non_aeronautical_revenue_per_passenger,air,DP-S,NOT_APPLICABLE,no_applicable_archetype_tag,currency,fiscal_period,550,nonnegative,not_applicable
transportation_dedicated_parser_support_scope_v1,transportation_parser_support_v1,transportation_operating_archetypes_v1,804eeba846c75abc321df0821fe82a05e7bee9719cecff45798be0c82176ab7c,GATX,active,surface_freight_and_logistics,Rental & Leasing Services,surface_asset_leasing,surface_asset_leasing|surface_rail_equipment,0,airport_passenger_throughput,aeronautical_revenue_per_passenger|non_aeronautical_revenue_per_passenger,air,DP-S,NOT_APPLICABLE,no_applicable_archetype_tag,count,fiscal_period,550,nonnegative_integer,not_applicable
transportation_dedicated_parser_support_scope_v1,transportation_parser_support_v1,transportation_operating_archetypes_v1,804eeba846c75abc321df0821fe82a05e7bee9719cecff45798be0c82176ab7c,GATX,active,surface_freight_and_logistics,Rental & Leasing Services,surface_asset_leasing,surface_asset_leasing|surface_rail_equipment,0,milestone_target_date,milestone_slippage_days,development,DP-S,NOT_APPLICABLE,no_applicable_archetype_tag,iso_date,milestone,1100,date,not_applicable
transportation_dedicated_parser_support_scope_v1,transportation_parser_support_v1,transportation_operating_archetypes_v1,804eeba846c75abc321df0821fe82a05e7bee9719cecff45798be0c82176ab7c,GBX,active,surface_freight_and_logistics,Railroads,surface_rail_equipment,surface_asset_leasing|surface_rail_equipment,0,airline_fuel_consumed,fuel_efficiency_per_capacity_unit,air,DP-S,NOT_APPLICABLE,no_applicable_archetype_tag,fuel_volume,fiscal_period,550,nonnegative,not_applicable
transportation_dedicated_parser_support_scope_v1,transportation_parser_support_v1,transportation_operating_archetypes_v1,804eeba846c75abc321df0821fe82a05e7bee9719cecff45798be0c82176ab7c,GBX,active,surface_freight_and_logistics,Railroads,surface_rail_equipment,surface_asset_leasing|surface_rail_equipment,0,airline_capacity_units,fuel_efficiency_per_capacity_unit|fuel_cost_per_capacity_unit,air,DP-S,NOT_APPLICABLE,no_applicable_archetype_tag,capacity_units,fiscal_period,550,nonnegative,not_applicable
transportation_dedicated_parser_support_scope_v1,transportation_parser_support_v1,transportation_operating_archetypes_v1,804eeba846c75abc321df0821fe82a05e7bee9719cecff45798be0c82176ab7c,GBX,active,surface_freight_and_logistics,Railroads,surface_rail_equipment,surface_asset_leasing|surface_rail_equipment,0,airline_fuel_expense,fuel_cost_per_capacity_unit,air,DP-S,NOT_APPLICABLE,no_applicable_archetype_tag,currency,fiscal_period,550,nonnegative,not_applicable
transportation_dedicated_parser_support_scope_v1,transportation_parser_support_v1,transportation_operating_archetypes_v1,804eeba846c75abc321df0821fe82a05e7bee9719cecff45798be0c82176ab7c,GBX,active,surface_freight_and_logistics,Railroads,surface_rail_equipment,surface_asset_leasing|surface_rail_equipment,0,airport_aeronautical_revenue,aeronautical_revenue_per_passenger,air,DP-S,NOT_APPLICABLE,no_applicable_archetype_tag,currency,fiscal_period,550,nonnegative,not_applicable
transportation_dedicated_parser_support_scope_v1,transportation_parser_support_v1,transportation_operating_archetypes_v1,804eeba846c75abc321df0821fe82a05e7bee9719cecff45798be0c82176ab7c,GBX,active,surface_freight_and_logistics,Railroads,surface_rail_equipment,surface_asset_leasing|surface_rail_equipment,0,airport_non_aeronautical_revenue,non_aeronautical_revenue_per_passenger,air,DP-S,NOT_APPLICABLE,no_applicable_archetype_tag,currency,fiscal_period,550,nonnegative,not_applicable
transportation_dedicated_parser_support_scope_v1,transportation_parser_support_v1,transportation_operating_archetypes_v1,804eeba846c75abc321df0821fe82a05e7bee9719cecff45798be0c82176ab7c,GBX,active,surface_freight_and_logistics,Railroads,surface_rail_equipment,surface_asset_leasing|surface_rail_equipment,0,airport_passenger_throughput,aeronautical_revenue_per_passenger|non_aeronautical_revenue_per_passenger,air,DP-S,NOT_APPLICABLE,no_applicable_archetype_tag,count,fiscal_period,550,nonnegative_integer,not_applicable
transportation_dedicated_parser_support_scope_v1,transportation_parser_support_v1,transportation_operating_archetypes_v1,804eeba846c75abc321df0821fe82a05e7bee9719cecff45798be0c82176ab7c,GBX,active,surface_freight_and_logistics,Railroads,surface_rail_equipment,surface_asset_leasing|surface_rail_equipment,0,milestone_target_date,milestone_slippage_days,development,DP-S,NOT_APPLICABLE,no_applicable_archetype_tag,iso_date,milestone,1100,date,not_applicable
transportation_dedicated_parser_support_scope_v1,transportation_parser_support_v1,transportation_operating_archetypes_v1,804eeba846c75abc321df0821fe82a05e7bee9719cecff45798be0c82176ab7c,GLBS,active,development_stage_and_speculative_transport,Marine Shipping,marine_operator,development_all|marine_operator,1,airline_fuel_consumed,fuel_efficiency_per_capacity_unit,air,DP-S,NOT_APPLICABLE,no_applicable_archetype_tag,fuel_volume,fiscal_period,550,nonnegative,not_applicable
transportation_dedicated_parser_support_scope_v1,transportation_parser_support_v1,transportation_operating_archetypes_v1,804eeba846c75abc321df0821fe82a05e7bee9719cecff45798be0c82176ab7c,GLBS,active,development_stage_and_speculative_transport,Marine Shipping,marine_operator,development_all|marine_operator,1,airline_capacity_units,fuel_efficiency_per_capacity_unit|fuel_cost_per_capacity_unit,air,DP-S,NOT_APPLICABLE,no_applicable_archetype_tag,capacity_units,fiscal_period,550,nonnegative,not_applicable
transportation_dedicated_parser_support_scope_v1,transportation_parser_support_v1,transportation_operating_archetypes_v1,804eeba846c75abc321df0821fe82a05e7bee9719cecff45798be0c82176ab7c,GLBS,active,development_stage_and_speculative_transport,Marine Shipping,marine_operator,development_all|marine_operator,1,airline_fuel_expense,fuel_cost_per_capacity_unit,air,DP-S,NOT_APPLICABLE,no_applicable_archetype_tag,currency,fiscal_period,550,nonnegative,not_applicable
transportation_dedicated_parser_support_scope_v1,transportation_parser_support_v1,transportation_operating_archetypes_v1,804eeba846c75abc321df0821fe82a05e7bee9719cecff45798be0c82176ab7c,GLBS,active,development_stage_and_speculative_transport,Marine Shipping,marine_operator,development_all|marine_operator,1,airport_aeronautical_revenue,aeronautical_revenue_per_passenger,air,DP-S,NOT_APPLICABLE,no_applicable_archetype_tag,currency,fiscal_period,550,nonnegative,not_applicable
transportation_dedicated_parser_support_scope_v1,transportation_parser_support_v1,transportation_operating_archetypes_v1,804eeba846c75abc321df0821fe82a05e7bee9719cecff45798be0c82176ab7c,GLBS,active,development_stage_and_speculative_transport,Marine Shipping,marine_operator,development_all|marine_operator,1,airport_non_aeronautical_revenue,non_aeronautical_revenue_per_passenger,air,DP-S,NOT_APPLICABLE,no_applicable_archetype_tag,currency,fiscal_period,550,nonnegative,not_applicable
transportation_dedicated_parser_support_scope_v1,transportation_parser_support_v1,transportation_operating_archetypes_v1,804eeba846c75abc321df0821fe82a05e7bee9719cecff45798be0c82176ab7c,GLBS,active,development_stage_and_speculative_transport,Marine Shipping,marine_operator,development_all|marine_operator,1,airport_passenger_throughput,aeronautical_revenue_per_passenger|non_aeronautical_revenue_per_passenger,air,DP-S,NOT_APPLICABLE,no_applicable_archetype_tag,count,fiscal_period,550,nonnegative_integer,not_applicable
transportation_dedicated_parser_support_scope_v1,transportation_parser_support_v1,transportation_operating_archetypes_v1,804eeba846c75abc321df0821fe82a05e7bee9719cecff45798be0c82176ab7c,GLBS,active,development_stage_and_speculative_transport,Marine Shipping,marine_operator,development_all|marine_operator,1,milestone_target_date,milestone_slippage_days,development,DP-S,NOT_APPLICABLE,no_applicable_archetype_tag,iso_date,milestone,1100,date,not_applicable
transportation_dedicated_parser_support_scope_v1,transportation_parser_support_v1,transportation_operating_archetypes_v1,804eeba846c75abc321df0821fe82a05e7bee9719cecff45798be0c82176ab7c,GLOG,delisted_usable,marine_shipping_and_maritime,Marine Shipping,marine_operator,marine_operator,0,airline_fuel_consumed,fuel_efficiency_per_capacity_unit,air,DP-S,NOT_APPLICABLE,no_applicable_archetype_tag,fuel_volume,fiscal_period,550,nonnegative,not_applicable
transportation_dedicated_parser_support_scope_v1,transportation_parser_support_v1,transportation_operating_archetypes_v1,804eeba846c75abc321df0821fe82a05e7bee9719cecff45798be0c82176ab7c,GLOG,delisted_usable,marine_shipping_and_maritime,Marine Shipping,marine_operator,marine_operator,0,airline_capacity_units,fuel_efficiency_per_capacity_unit|fuel_cost_per_capacity_unit,air,DP-S,NOT_APPLICABLE,no_applicable_archetype_tag,capacity_units,fiscal_period,550,nonnegative,not_applicable
transportation_dedicated_parser_support_scope_v1,transportation_parser_support_v1,transportation_operating_archetypes_v1,804eeba846c75abc321df0821fe82a05e7bee9719cecff45798be0c82176ab7c,GLOG,delisted_usable,marine_shipping_and_maritime,Marine Shipping,marine_operator,marine_operator,0,airline_fuel_expense,fuel_cost_per_capacity_unit,air,DP-S,NOT_APPLICABLE,no_applicable_archetype_tag,currency,fiscal_period,550,nonnegative,not_applicable
transportation_dedicated_parser_support_scope_v1,transportation_parser_support_v1,transportation_operating_archetypes_v1,804eeba846c75abc321df0821fe82a05e7bee9719cecff45798be0c82176ab7c,GLOG,delisted_usable,marine_shipping_and_maritime,Marine Shipping,marine_operator,marine_operator,0,airport_aeronautical_revenue,aeronautical_revenue_per_passenger,air,DP-S,NOT_APPLICABLE,no_applicable_archetype_tag,currency,fiscal_period,550,nonnegative,not_applicable
transportation_dedicated_parser_support_scope_v1,transportation_parser_support_v1,transportation_operating_archetypes_v1,804eeba846c75abc321df0821fe82a05e7bee9719cecff45798be0c82176ab7c,GLOG,delisted_usable,marine_shipping_and_maritime,Marine Shipping,marine_operator,marine_operator,0,airport_non_aeronautical_revenue,non_aeronautical_revenue_per_passenger,air,DP-S,NOT_APPLICABLE,no_applicable_archetype_tag,currency,fiscal_period,550,nonnegative,not_applicable
transportation_dedicated_parser_support_scope_v1,transportation_parser_support_v1,transportation_operating_archetypes_v1,804eeba846c75abc321df0821fe82a05e7bee9719cecff45798be0c82176ab7c,GLOG,delisted_usable,marine_shipping_and_maritime,Marine Shipping,marine_operator,marine_operator,0,airport_passenger_throughput,aeronautical_revenue_per_passenger|non_aeronautical_revenue_per_passenger,air,DP-S,NOT_APPLICABLE,no_applicable_archetype_tag,count,fiscal_period,550,nonnegative_integer,not_applicable
transportation_dedicated_parser_support_scope_v1,transportation_parser_support_v1,transportation_operating_archetypes_v1,804eeba846c75abc321df0821fe82a05e7bee9719cecff45798be0c82176ab7c,GLOG,delisted_usable,marine_shipping_and_maritime,Marine Shipping,marine_operator,marine_operator,0,milestone_target_date,milestone_slippage_days,development,DP-S,NOT_APPLICABLE,no_applicable_archetype_tag,iso_date,milestone,1100,date,not_applicable
transportation_dedicated_parser_support_scope_v1,transportation_parser_support_v1,transportation_operating_archetypes_v1,804eeba846c75abc321df0821fe82a05e7bee9719cecff45798be0c82176ab7c,GLOP,delisted_usable,marine_shipping_and_maritime,Marine Shipping,marine_operator,marine_operator,0,airline_fuel_consumed,fuel_efficiency_per_capacity_unit,air,DP-S,NOT_APPLICABLE,no_applicable_archetype_tag,fuel_volume,fiscal_period,550,nonnegative,not_applicable
transportation_dedicated_parser_support_scope_v1,transportation_parser_support_v1,transportation_operating_archetypes_v1,804eeba846c75abc321df0821fe82a05e7bee9719cecff45798be0c82176ab7c,GLOP,delisted_usable,marine_shipping_and_maritime,Marine Shipping,marine_operator,marine_operator,0,airline_capacity_units,fuel_efficiency_per_capacity_unit|fuel_cost_per_capacity_unit,air,DP-S,NOT_APPLICABLE,no_applicable_archetype_tag,capacity_units,fiscal_period,550,nonnegative,not_applicable
transportation_dedicated_parser_support_scope_v1,transportation_parser_support_v1,transportation_operating_archetypes_v1,804eeba846c75abc321df0821fe82a05e7bee9719cecff45798be0c82176ab7c,GLOP,delisted_usable,marine_shipping_and_maritime,Marine Shipping,marine_operator,marine_operator,0,airline_fuel_expense,fuel_cost_per_capacity_unit,air,DP-S,NOT_APPLICABLE,no_applicable_archetype_tag,currency,fiscal_period,550,nonnegative,not_applicable
transportation_dedicated_parser_support_scope_v1,transportation_parser_support_v1,transportation_operating_archetypes_v1,804eeba846c75abc321df0821fe82a05e7bee9719cecff45798be0c82176ab7c,GLOP,delisted_usable,marine_shipping_and_maritime,Marine Shipping,marine_operator,marine_operator,0,airport_aeronautical_revenue,aeronautical_revenue_per_passenger,air,DP-S,NOT_APPLICABLE,no_applicable_archetype_tag,currency,fiscal_period,550,nonnegative,not_applicable
transportation_dedicated_parser_support_scope_v1,transportation_parser_support_v1,transportation_operating_archetypes_v1,804eeba846c75abc321df0821fe82a05e7bee9719cecff45798be0c82176ab7c,GLOP,delisted_usable,marine_shipping_and_maritime,Marine Shipping,marine_operator,marine_operator,0,airport_non_aeronautical_revenue,non_aeronautical_revenue_per_passenger,air,DP-S,NOT_APPLICABLE,no_applicable_archetype_tag,currency,fiscal_period,550,nonnegative,not_applicable
transportation_dedicated_parser_support_scope_v1,transportation_parser_support_v1,transportation_operating_archetypes_v1,804eeba846c75abc321df0821fe82a05e7bee9719cecff45798be0c82176ab7c,GLOP,delisted_usable,marine_shipping_and_maritime,Marine Shipping,marine_operator,marine_operator,0,airport_passenger_throughput,aeronautical_revenue_per_passenger|non_aeronautical_revenue_per_passenger,air,DP-S,NOT_APPLICABLE,no_applicable_archetype_tag,count,fiscal_period,550,nonnegative_integer,not_applicable
transportation_dedicated_parser_support_scope_v1,transportation_parser_support_v1,transportation_operating_archetypes_v1,804eeba846c75abc321df0821fe82a05e7bee9719cecff45798be0c82176ab7c,GLOP,delisted_usable,marine_shipping_and_maritime,Marine Shipping,marine_operator,marine_operator,0,milestone_target_date,milestone_slippage_days,development,DP-S,NOT_APPLICABLE,no_applicable_archetype_tag,iso_date,milestone,1100,date,not_applicable
transportation_dedicated_parser_support_scope_v1,transportation_parser_support_v1,transportation_operating_archetypes_v1,804eeba846c75abc321df0821fe82a05e7bee9719cecff45798be0c82176ab7c,GMLP,delisted_usable,marine_shipping_and_maritime,Marine Shipping,marine_operator,marine_operator,0,airline_fuel_consumed,fuel_efficiency_per_capacity_unit,air,DP-S,NOT_APPLICABLE,no_applicable_archetype_tag,fuel_volume,fiscal_period,550,nonnegative,not_applicable
transportation_dedicated_parser_support_scope_v1,transportation_parser_support_v1,transportation_operating_archetypes_v1,804eeba846c75abc321df0821fe82a05e7bee9719cecff45798be0c82176ab7c,GMLP,delisted_usable,marine_shipping_and_maritime,Marine Shipping,marine_operator,marine_operator,0,airline_capacity_units,fuel_efficiency_per_capacity_unit|fuel_cost_per_capacity_unit,air,DP-S,NOT_APPLICABLE,no_applicable_archetype_tag,capacity_units,fiscal_period,550,nonnegative,not_applicable
transportation_dedicated_parser_support_scope_v1,transportation_parser_support_v1,transportation_operating_archetypes_v1,804eeba846c75abc321df0821fe82a05e7bee9719cecff45798be0c82176ab7c,GMLP,delisted_usable,marine_shipping_and_maritime,Marine Shipping,marine_operator,marine_operator,0,airline_fuel_expense,fuel_cost_per_capacity_unit,air,DP-S,NOT_APPLICABLE,no_applicable_archetype_tag,currency,fiscal_period,550,nonnegative,not_applicable
transportation_dedicated_parser_support_scope_v1,transportation_parser_support_v1,transportation_operating_archetypes_v1,804eeba846c75abc321df0821fe82a05e7bee9719cecff45798be0c82176ab7c,GMLP,delisted_usable,marine_shipping_and_maritime,Marine Shipping,marine_operator,marine_operator,0,airport_aeronautical_revenue,aeronautical_revenue_per_passenger,air,DP-S,NOT_APPLICABLE,no_applicable_archetype_tag,currency,fiscal_period,550,nonnegative,not_applicable
transportation_dedicated_parser_support_scope_v1,transportation_parser_support_v1,transportation_operating_archetypes_v1,804eeba846c75abc321df0821fe82a05e7bee9719cecff45798be0c82176ab7c,GMLP,delisted_usable,marine_shipping_and_maritime,Marine Shipping,marine_operator,marine_operator,0,airport_non_aeronautical_revenue,non_aeronautical_revenue_per_passenger,air,DP-S,NOT_APPLICABLE,no_applicable_archetype_tag,currency,fiscal_period,550,nonnegative,not_applicable
transportation_dedicated_parser_support_scope_v1,transportation_parser_support_v1,transportation_operating_archetypes_v1,804eeba846c75abc321df0821fe82a05e7bee9719cecff45798be0c82176ab7c,GMLP,delisted_usable,marine_shipping_and_maritime,Marine Shipping,marine_operator,marine_operator,0,airport_passenger_throughput,aeronautical_revenue_per_passenger|non_aeronautical_revenue_per_passenger,air,DP-S,NOT_APPLICABLE,no_applicable_archetype_tag,count,fiscal_period,550,nonnegative_integer,not_applicable
transportation_dedicated_parser_support_scope_v1,transportation_parser_support_v1,transportation_operating_archetypes_v1,804eeba846c75abc321df0821fe82a05e7bee9719cecff45798be0c82176ab7c,GMLP,delisted_usable,marine_shipping_and_maritime,Marine Shipping,marine_operator,marine_operator,0,milestone_target_date,milestone_slippage_days,development,DP-S,NOT_APPLICABLE,no_applicable_archetype_tag,iso_date,milestone,1100,date,not_applicable
transportation_dedicated_parser_support_scope_v1,transportation_parser_support_v1,transportation_operating_archetypes_v1,804eeba846c75abc321df0821fe82a05e7bee9719cecff45798be0c82176ab7c,GNK,active,marine_shipping_and_maritime,Marine Shipping,marine_operator,marine_operator,0,airline_fuel_consumed,fuel_efficiency_per_capacity_unit,air,DP-S,NOT_APPLICABLE,no_applicable_archetype_tag,fuel_volume,fiscal_period,550,nonnegative,not_applicable
transportation_dedicated_parser_support_scope_v1,transportation_parser_support_v1,transportation_operating_archetypes_v1,804eeba846c75abc321df0821fe82a05e7bee9719cecff45798be0c82176ab7c,GNK,active,marine_shipping_and_maritime,Marine Shipping,marine_operator,marine_operator,0,airline_capacity_units,fuel_efficiency_per_capacity_unit|fuel_cost_per_capacity_unit,air,DP-S,NOT_APPLICABLE,no_applicable_archetype_tag,capacity_units,fiscal_period,550,nonnegative,not_applicable
transportation_dedicated_parser_support_scope_v1,transportation_parser_support_v1,transportation_operating_archetypes_v1,804eeba846c75abc321df0821fe82a05e7bee9719cecff45798be0c82176ab7c,GNK,active,marine_shipping_and_maritime,Marine Shipping,marine_operator,marine_operator,0,airline_fuel_expense,fuel_cost_per_capacity_unit,air,DP-S,NOT_APPLICABLE,no_applicable_archetype_tag,currency,fiscal_period,550,nonnegative,not_applicable
transportation_dedicated_parser_support_scope_v1,transportation_parser_support_v1,transportation_operating_archetypes_v1,804eeba846c75abc321df0821fe82a05e7bee9719cecff45798be0c82176ab7c,GNK,active,marine_shipping_and_maritime,Marine Shipping,marine_operator,marine_operator,0,airport_aeronautical_revenue,aeronautical_revenue_per_passenger,air,DP-S,NOT_APPLICABLE,no_applicable_archetype_tag,currency,fiscal_period,550,nonnegative,not_applicable
transportation_dedicated_parser_support_scope_v1,transportation_parser_support_v1,transportation_operating_archetypes_v1,804eeba846c75abc321df0821fe82a05e7bee9719cecff45798be0c82176ab7c,GNK,active,marine_shipping_and_maritime,Marine Shipping,marine_operator,marine_operator,0,airport_non_aeronautical_revenue,non_aeronautical_revenue_per_passenger,air,DP-S,NOT_APPLICABLE,no_applicable_archetype_tag,currency,fiscal_period,550,nonnegative,not_applicable
transportation_dedicated_parser_support_scope_v1,transportation_parser_support_v1,transportation_operating_archetypes_v1,804eeba846c75abc321df0821fe82a05e7bee9719cecff45798be0c82176ab7c,GNK,active,marine_shipping_and_maritime,Marine Shipping,marine_operator,marine_operator,0,airport_passenger_throughput,aeronautical_revenue_per_passenger|non_aeronautical_revenue_per_passenger,air,DP-S,NOT_APPLICABLE,no_applicable_archetype_tag,count,fiscal_period,550,nonnegative_integer,not_applicable
transportation_dedicated_parser_support_scope_v1,transportation_parser_support_v1,transportation_operating_archetypes_v1,804eeba846c75abc321df0821fe82a05e7bee9719cecff45798be0c82176ab7c,GNK,active,marine_shipping_and_maritime,Marine Shipping,marine_operator,marine_operator,0,milestone_target_date,milestone_slippage_days,development,DP-S,NOT_APPLICABLE,no_applicable_archetype_tag,iso_date,milestone,1100,date,not_applicable
transportation_dedicated_parser_support_scope_v1,transportation_parser_support_v1,transportation_operating_archetypes_v1,804eeba846c75abc321df0821fe82a05e7bee9719cecff45798be0c82176ab7c,GNRT,delisted_usable,marine_shipping_and_maritime,Marine Shipping,marine_operator,marine_operator,0,airline_fuel_consumed,fuel_efficiency_per_capacity_unit,air,DP-S,NOT_APPLICABLE,no_applicable_archetype_tag,fuel_volume,fiscal_period,550,nonnegative,not_applicable
transportation_dedicated_parser_support_scope_v1,transportation_parser_support_v1,transportation_operating_archetypes_v1,804eeba846c75abc321df0821fe82a05e7bee9719cecff45798be0c82176ab7c,GNRT,delisted_usable,marine_shipping_and_maritime,Marine Shipping,marine_operator,marine_operator,0,airline_capacity_units,fuel_efficiency_per_capacity_unit|fuel_cost_per_capacity_unit,air,DP-S,NOT_APPLICABLE,no_applicable_archetype_tag,capacity_units,fiscal_period,550,nonnegative,not_applicable
transportation_dedicated_parser_support_scope_v1,transportation_parser_support_v1,transportation_operating_archetypes_v1,804eeba846c75abc321df0821fe82a05e7bee9719cecff45798be0c82176ab7c,GNRT,delisted_usable,marine_shipping_and_maritime,Marine Shipping,marine_operator,marine_operator,0,airline_fuel_expense,fuel_cost_per_capacity_unit,air,DP-S,NOT_APPLICABLE,no_applicable_archetype_tag,currency,fiscal_period,550,nonnegative,not_applicable
transportation_dedicated_parser_support_scope_v1,transportation_parser_support_v1,transportation_operating_archetypes_v1,804eeba846c75abc321df0821fe82a05e7bee9719cecff45798be0c82176ab7c,GNRT,delisted_usable,marine_shipping_and_maritime,Marine Shipping,marine_operator,marine_operator,0,airport_aeronautical_revenue,aeronautical_revenue_per_passenger,air,DP-S,NOT_APPLICABLE,no_applicable_archetype_tag,currency,fiscal_period,550,nonnegative,not_applicable
transportation_dedicated_parser_support_scope_v1,transportation_parser_support_v1,transportation_operating_archetypes_v1,804eeba846c75abc321df0821fe82a05e7bee9719cecff45798be0c82176ab7c,GNRT,delisted_usable,marine_shipping_and_maritime,Marine Shipping,marine_operator,marine_operator,0,airport_non_aeronautical_revenue,non_aeronautical_revenue_per_passenger,air,DP-S,NOT_APPLICABLE,no_applicable_archetype_tag,currency,fiscal_period,550,nonnegative,not_applicable
transportation_dedicated_parser_support_scope_v1,transportation_parser_support_v1,transportation_operating_archetypes_v1,804eeba846c75abc321df0821fe82a05e7bee9719cecff45798be0c82176ab7c,GNRT,delisted_usable,marine_shipping_and_maritime,Marine Shipping,marine_operator,marine_operator,0,airport_passenger_throughput,aeronautical_revenue_per_passenger|non_aeronautical_revenue_per_passenger,air,DP-S,NOT_APPLICABLE,no_applicable_archetype_tag,count,fiscal_period,550,nonnegative_integer,not_applicable
transportation_dedicated_parser_support_scope_v1,transportation_parser_support_v1,transportation_operating_archetypes_v1,804eeba846c75abc321df0821fe82a05e7bee9719cecff45798be0c82176ab7c,GNRT,delisted_usable,marine_shipping_and_maritime,Marine Shipping,marine_operator,marine_operator,0,milestone_target_date,milestone_slippage_days,development,DP-S,NOT_APPLICABLE,no_applicable_archetype_tag,iso_date,milestone,1100,date,not_applicable
transportation_dedicated_parser_support_scope_v1,transportation_parser_support_v1,transportation_operating_archetypes_v1,804eeba846c75abc321df0821fe82a05e7bee9719cecff45798be0c82176ab7c,GSL,active,marine_shipping_and_maritime,Marine Shipping,marine_operator,marine_operator,0,airline_fuel_consumed,fuel_efficiency_per_capacity_unit,air,DP-S,NOT_APPLICABLE,no_applicable_archetype_tag,fuel_volume,fiscal_period,550,nonnegative,not_applicable
transportation_dedicated_parser_support_scope_v1,transportation_parser_support_v1,transportation_operating_archetypes_v1,804eeba846c75abc321df0821fe82a05e7bee9719cecff45798be0c82176ab7c,GSL,active,marine_shipping_and_maritime,Marine Shipping,marine_operator,marine_operator,0,airline_capacity_units,fuel_efficiency_per_capacity_unit|fuel_cost_per_capacity_unit,air,DP-S,NOT_APPLICABLE,no_applicable_archetype_tag,capacity_units,fiscal_period,550,nonnegative,not_applicable
transportation_dedicated_parser_support_scope_v1,transportation_parser_support_v1,transportation_operating_archetypes_v1,804eeba846c75abc321df0821fe82a05e7bee9719cecff45798be0c82176ab7c,GSL,active,marine_shipping_and_maritime,Marine Shipping,marine_operator,marine_operator,0,airline_fuel_expense,fuel_cost_per_capacity_unit,air,DP-S,NOT_APPLICABLE,no_applicable_archetype_tag,currency,fiscal_period,550,nonnegative,not_applicable
transportation_dedicated_parser_support_scope_v1,transportation_parser_support_v1,transportation_operating_archetypes_v1,804eeba846c75abc321df0821fe82a05e7bee9719cecff45798be0c82176ab7c,GSL,active,marine_shipping_and_maritime,Marine Shipping,marine_operator,marine_operator,0,airport_aeronautical_revenue,aeronautical_revenue_per_passenger,air,DP-S,NOT_APPLICABLE,no_applicable_archetype_tag,currency,fiscal_period,550,nonnegative,not_applicable
transportation_dedicated_parser_support_scope_v1,transportation_parser_support_v1,transportation_operating_archetypes_v1,804eeba846c75abc321df0821fe82a05e7bee9719cecff45798be0c82176ab7c,GSL,active,marine_shipping_and_maritime,Marine Shipping,marine_operator,marine_operator,0,airport_non_aeronautical_revenue,non_aeronautical_revenue_per_passenger,air,DP-S,NOT_APPLICABLE,no_applicable_archetype_tag,currency,fiscal_period,550,nonnegative,not_applicable
transportation_dedicated_parser_support_scope_v1,transportation_parser_support_v1,transportation_operating_archetypes_v1,804eeba846c75abc321df0821fe82a05e7bee9719cecff45798be0c82176ab7c,GSL,active,marine_shipping_and_maritime,Marine Shipping,marine_operator,marine_operator,0,airport_passenger_throughput,aeronautical_revenue_per_passenger|non_aeronautical_revenue_per_passenger,air,DP-S,NOT_APPLICABLE,no_applicable_archetype_tag,count,fiscal_period,550,nonnegative_integer,not_applicable
transportation_dedicated_parser_support_scope_v1,transportation_parser_support_v1,transportation_operating_archetypes_v1,804eeba846c75abc321df0821fe82a05e7bee9719cecff45798be0c82176ab7c,GSL,active,marine_shipping_and_maritime,Marine Shipping,marine_operator,marine_operator,0,milestone_target_date,milestone_slippage_days,development,DP-S,NOT_APPLICABLE,no_applicable_archetype_tag,iso_date,milestone,1100,date,not_applicable
transportation_dedicated_parser_support_scope_v1,transportation_parser_support_v1,transportation_operating_archetypes_v1,804eeba846c75abc321df0821fe82a05e7bee9719cecff45798be0c82176ab7c,GWR,delisted_usable,surface_freight_and_logistics,Railroads,surface_rail_operator,surface_rail_operator,0,airline_fuel_consumed,fuel_efficiency_per_capacity_unit,air,DP-S,NOT_APPLICABLE,no_applicable_archetype_tag,fuel_volume,fiscal_period,550,nonnegative,not_applicable
transportation_dedicated_parser_support_scope_v1,transportation_parser_support_v1,transportation_operating_archetypes_v1,804eeba846c75abc321df0821fe82a05e7bee9719cecff45798be0c82176ab7c,GWR,delisted_usable,surface_freight_and_logistics,Railroads,surface_rail_operator,surface_rail_operator,0,airline_capacity_units,fuel_efficiency_per_capacity_unit|fuel_cost_per_capacity_unit,air,DP-S,NOT_APPLICABLE,no_applicable_archetype_tag,capacity_units,fiscal_period,550,nonnegative,not_applicable
transportation_dedicated_parser_support_scope_v1,transportation_parser_support_v1,transportation_operating_archetypes_v1,804eeba846c75abc321df0821fe82a05e7bee9719cecff45798be0c82176ab7c,GWR,delisted_usable,surface_freight_and_logistics,Railroads,surface_rail_operator,surface_rail_operator,0,airline_fuel_expense,fuel_cost_per_capacity_unit,air,DP-S,NOT_APPLICABLE,no_applicable_archetype_tag,currency,fiscal_period,550,nonnegative,not_applicable
transportation_dedicated_parser_support_scope_v1,transportation_parser_support_v1,transportation_operating_archetypes_v1,804eeba846c75abc321df0821fe82a05e7bee9719cecff45798be0c82176ab7c,GWR,delisted_usable,surface_freight_and_logistics,Railroads,surface_rail_operator,surface_rail_operator,0,airport_aeronautical_revenue,aeronautical_revenue_per_passenger,air,DP-S,NOT_APPLICABLE,no_applicable_archetype_tag,currency,fiscal_period,550,nonnegative,not_applicable
transportation_dedicated_parser_support_scope_v1,transportation_parser_support_v1,transportation_operating_archetypes_v1,804eeba846c75abc321df0821fe82a05e7bee9719cecff45798be0c82176ab7c,GWR,delisted_usable,surface_freight_and_logistics,Railroads,surface_rail_operator,surface_rail_operator,0,airport_non_aeronautical_revenue,non_aeronautical_revenue_per_passenger,air,DP-S,NOT_APPLICABLE,no_applicable_archetype_tag,currency,fiscal_period,550,nonnegative,not_applicable
transportation_dedicated_parser_support_scope_v1,transportation_parser_support_v1,transportation_operating_archetypes_v1,804eeba846c75abc321df0821fe82a05e7bee9719cecff45798be0c82176ab7c,GWR,delisted_usable,surface_freight_and_logistics,Railroads,surface_rail_operator,surface_rail_operator,0,airport_passenger_throughput,aeronautical_revenue_per_passenger|non_aeronautical_revenue_per_passenger,air,DP-S,NOT_APPLICABLE,no_applicable_archetype_tag,count,fiscal_period,550,nonnegative_integer,not_applicable
transportation_dedicated_parser_support_scope_v1,transportation_parser_support_v1,transportation_operating_archetypes_v1,804eeba846c75abc321df0821fe82a05e7bee9719cecff45798be0c82176ab7c,GWR,delisted_usable,surface_freight_and_logistics,Railroads,surface_rail_operator,surface_rail_operator,0,milestone_target_date,milestone_slippage_days,development,DP-S,NOT_APPLICABLE,no_applicable_archetype_tag,iso_date,milestone,1100,date,not_applicable
transportation_dedicated_parser_support_scope_v1,transportation_parser_support_v1,transportation_operating_archetypes_v1,804eeba846c75abc321df0821fe82a05e7bee9719cecff45798be0c82176ab7c,GXO,active,surface_freight_and_logistics,Integrated Freight & Logistics,surface_logistics,surface_logistics,0,airline_fuel_consumed,fuel_efficiency_per_capacity_unit,air,DP-S,NOT_APPLICABLE,no_applicable_archetype_tag,fuel_volume,fiscal_period,550,nonnegative,not_applicable
transportation_dedicated_parser_support_scope_v1,transportation_parser_support_v1,transportation_operating_archetypes_v1,804eeba846c75abc321df0821fe82a05e7bee9719cecff45798be0c82176ab7c,GXO,active,surface_freight_and_logistics,Integrated Freight & Logistics,surface_logistics,surface_logistics,0,airline_capacity_units,fuel_efficiency_per_capacity_unit|fuel_cost_per_capacity_unit,air,DP-S,NOT_APPLICABLE,no_applicable_archetype_tag,capacity_units,fiscal_period,550,nonnegative,not_applicable
transportation_dedicated_parser_support_scope_v1,transportation_parser_support_v1,transportation_operating_archetypes_v1,804eeba846c75abc321df0821fe82a05e7bee9719cecff45798be0c82176ab7c,GXO,active,surface_freight_and_logistics,Integrated Freight & Logistics,surface_logistics,surface_logistics,0,airline_fuel_expense,fuel_cost_per_capacity_unit,air,DP-S,NOT_APPLICABLE,no_applicable_archetype_tag,currency,fiscal_period,550,nonnegative,not_applicable
transportation_dedicated_parser_support_scope_v1,transportation_parser_support_v1,transportation_operating_archetypes_v1,804eeba846c75abc321df0821fe82a05e7bee9719cecff45798be0c82176ab7c,GXO,active,surface_freight_and_logistics,Integrated Freight & Logistics,surface_logistics,surface_logistics,0,airport_aeronautical_revenue,aeronautical_revenue_per_passenger,air,DP-S,NOT_APPLICABLE,no_applicable_archetype_tag,currency,fiscal_period,550,nonnegative,not_applicable
transportation_dedicated_parser_support_scope_v1,transportation_parser_support_v1,transportation_operating_archetypes_v1,804eeba846c75abc321df0821fe82a05e7bee9719cecff45798be0c82176ab7c,GXO,active,surface_freight_and_logistics,Integrated Freight & Logistics,surface_logistics,surface_logistics,0,airport_non_aeronautical_revenue,non_aeronautical_revenue_per_passenger,air,DP-S,NOT_APPLICABLE,no_applicable_archetype_tag,currency,fiscal_period,550,nonnegative,not_applicable
transportation_dedicated_parser_support_scope_v1,transportation_parser_support_v1,transportation_operating_archetypes_v1,804eeba846c75abc321df0821fe82a05e7bee9719cecff45798be0c82176ab7c,GXO,active,surface_freight_and_logistics,Integrated Freight & Logistics,surface_logistics,surface_logistics,0,airport_passenger_throughput,aeronautical_revenue_per_passenger|non_aeronautical_revenue_per_passenger,air,DP-S,NOT_APPLICABLE,no_applicable_archetype_tag,count,fiscal_period,550,nonnegative_integer,not_applicable
transportation_dedicated_parser_support_scope_v1,transportation_parser_support_v1,transportation_operating_archetypes_v1,804eeba846c75abc321df0821fe82a05e7bee9719cecff45798be0c82176ab7c,GXO,active,surface_freight_and_logistics,Integrated Freight & Logistics,surface_logistics,surface_logistics,0,milestone_target_date,milestone_slippage_days,development,DP-S,NOT_APPLICABLE,no_applicable_archetype_tag,iso_date,milestone,1100,date,not_applicable
transportation_dedicated_parser_support_scope_v1,transportation_parser_support_v1,transportation_operating_archetypes_v1,804eeba846c75abc321df0821fe82a05e7bee9719cecff45798be0c82176ab7c,HA,delisted_usable,air_transport_and_aviation_services,Airlines,passenger_airline,passenger_airline,0,airline_fuel_consumed,fuel_efficiency_per_capacity_unit,air,DP-S,APPLICABLE,tag_match:passenger_airline,fuel_volume,fiscal_period,550,nonnegative,coverage_pending
transportation_dedicated_parser_support_scope_v1,transportation_parser_support_v1,transportation_operating_archetypes_v1,804eeba846c75abc321df0821fe82a05e7bee9719cecff45798be0c82176ab7c,HA,delisted_usable,air_transport_and_aviation_services,Airlines,passenger_airline,passenger_airline,0,airline_capacity_units,fuel_efficiency_per_capacity_unit|fuel_cost_per_capacity_unit,air,DP-S,APPLICABLE,tag_match:passenger_airline,capacity_units,fiscal_period,550,nonnegative,coverage_pending
transportation_dedicated_parser_support_scope_v1,transportation_parser_support_v1,transportation_operating_archetypes_v1,804eeba846c75abc321df0821fe82a05e7bee9719cecff45798be0c82176ab7c,HA,delisted_usable,air_transport_and_aviation_services,Airlines,passenger_airline,passenger_airline,0,airline_fuel_expense,fuel_cost_per_capacity_unit,air,DP-S,APPLICABLE,tag_match:passenger_airline,currency,fiscal_period,550,nonnegative,coverage_pending
transportation_dedicated_parser_support_scope_v1,transportation_parser_support_v1,transportation_operating_archetypes_v1,804eeba846c75abc321df0821fe82a05e7bee9719cecff45798be0c82176ab7c,HA,delisted_usable,air_transport_and_aviation_services,Airlines,passenger_airline,passenger_airline,0,airport_aeronautical_revenue,aeronautical_revenue_per_passenger,air,DP-S,NOT_APPLICABLE,no_applicable_archetype_tag,currency,fiscal_period,550,nonnegative,not_applicable
transportation_dedicated_parser_support_scope_v1,transportation_parser_support_v1,transportation_operating_archetypes_v1,804eeba846c75abc321df0821fe82a05e7bee9719cecff45798be0c82176ab7c,HA,delisted_usable,air_transport_and_aviation_services,Airlines,passenger_airline,passenger_airline,0,airport_non_aeronautical_revenue,non_aeronautical_revenue_per_passenger,air,DP-S,NOT_APPLICABLE,no_applicable_archetype_tag,currency,fiscal_period,550,nonnegative,not_applicable
transportation_dedicated_parser_support_scope_v1,transportation_parser_support_v1,transportation_operating_archetypes_v1,804eeba846c75abc321df0821fe82a05e7bee9719cecff45798be0c82176ab7c,HA,delisted_usable,air_transport_and_aviation_services,Airlines,passenger_airline,passenger_airline,0,airport_passenger_throughput,aeronautical_revenue_per_passenger|non_aeronautical_revenue_per_passenger,air,DP-S,NOT_APPLICABLE,no_applicable_archetype_tag,count,fiscal_period,550,nonnegative_integer,not_applicable
transportation_dedicated_parser_support_scope_v1,transportation_parser_support_v1,transportation_operating_archetypes_v1,804eeba846c75abc321df0821fe82a05e7bee9719cecff45798be0c82176ab7c,HA,delisted_usable,air_transport_and_aviation_services,Airlines,passenger_airline,passenger_airline,0,milestone_target_date,milestone_slippage_days,development,DP-S,NOT_APPLICABLE,no_applicable_archetype_tag,iso_date,milestone,1100,date,not_applicable
transportation_dedicated_parser_support_scope_v1,transportation_parser_support_v1,transportation_operating_archetypes_v1,804eeba846c75abc321df0821fe82a05e7bee9719cecff45798be0c82176ab7c,HAFN,active,marine_shipping_and_maritime,Marine Shipping,marine_operator,marine_operator,0,airline_fuel_consumed,fuel_efficiency_per_capacity_unit,air,DP-S,NOT_APPLICABLE,no_applicable_archetype_tag,fuel_volume,fiscal_period,550,nonnegative,not_applicable
transportation_dedicated_parser_support_scope_v1,transportation_parser_support_v1,transportation_operating_archetypes_v1,804eeba846c75abc321df0821fe82a05e7bee9719cecff45798be0c82176ab7c,HAFN,active,marine_shipping_and_maritime,Marine Shipping,marine_operator,marine_operator,0,airline_capacity_units,fuel_efficiency_per_capacity_unit|fuel_cost_per_capacity_unit,air,DP-S,NOT_APPLICABLE,no_applicable_archetype_tag,capacity_units,fiscal_period,550,nonnegative,not_applicable
transportation_dedicated_parser_support_scope_v1,transportation_parser_support_v1,transportation_operating_archetypes_v1,804eeba846c75abc321df0821fe82a05e7bee9719cecff45798be0c82176ab7c,HAFN,active,marine_shipping_and_maritime,Marine Shipping,marine_operator,marine_operator,0,airline_fuel_expense,fuel_cost_per_capacity_unit,air,DP-S,NOT_APPLICABLE,no_applicable_archetype_tag,currency,fiscal_period,550,nonnegative,not_applicable
transportation_dedicated_parser_support_scope_v1,transportation_parser_support_v1,transportation_operating_archetypes_v1,804eeba846c75abc321df0821fe82a05e7bee9719cecff45798be0c82176ab7c,HAFN,active,marine_shipping_and_maritime,Marine Shipping,marine_operator,marine_operator,0,airport_aeronautical_revenue,aeronautical_revenue_per_passenger,air,DP-S,NOT_APPLICABLE,no_applicable_archetype_tag,currency,fiscal_period,550,nonnegative,not_applicable
transportation_dedicated_parser_support_scope_v1,transportation_parser_support_v1,transportation_operating_archetypes_v1,804eeba846c75abc321df0821fe82a05e7bee9719cecff45798be0c82176ab7c,HAFN,active,marine_shipping_and_maritime,Marine Shipping,marine_operator,marine_operator,0,airport_non_aeronautical_revenue,non_aeronautical_revenue_per_passenger,air,DP-S,NOT_APPLICABLE,no_applicable_archetype_tag,currency,fiscal_period,550,nonnegative,not_applicable
transportation_dedicated_parser_support_scope_v1,transportation_parser_support_v1,transportation_operating_archetypes_v1,804eeba846c75abc321df0821fe82a05e7bee9719cecff45798be0c82176ab7c,HAFN,active,marine_shipping_and_maritime,Marine Shipping,marine_operator,marine_operator,0,airport_passenger_throughput,aeronautical_revenue_per_passenger|non_aeronautical_revenue_per_passenger,air,DP-S,NOT_APPLICABLE,no_applicable_archetype_tag,count,fiscal_period,550,nonnegative_integer,not_applicable
transportation_dedicated_parser_support_scope_v1,transportation_parser_support_v1,transportation_operating_archetypes_v1,804eeba846c75abc321df0821fe82a05e7bee9719cecff45798be0c82176ab7c,HAFN,active,marine_shipping_and_maritime,Marine Shipping,marine_operator,marine_operator,0,milestone_target_date,milestone_slippage_days,development,DP-S,NOT_APPLICABLE,no_applicable_archetype_tag,iso_date,milestone,1100,date,not_applicable
transportation_dedicated_parser_support_scope_v1,transportation_parser_support_v1,transportation_operating_archetypes_v1,804eeba846c75abc321df0821fe82a05e7bee9719cecff45798be0c82176ab7c,HMR,active,development_stage_and_speculative_transport,Marine Shipping,marine_services,development_all|marine_operator|marine_services,1,airline_fuel_consumed,fuel_efficiency_per_capacity_unit,air,DP-S,NOT_APPLICABLE,no_applicable_archetype_tag,fuel_volume,fiscal_period,550,nonnegative,not_applicable
transportation_dedicated_parser_support_scope_v1,transportation_parser_support_v1,transportation_operating_archetypes_v1,804eeba846c75abc321df0821fe82a05e7bee9719cecff45798be0c82176ab7c,HMR,active,development_stage_and_speculative_transport,Marine Shipping,marine_services,development_all|marine_operator|marine_services,1,airline_capacity_units,fuel_efficiency_per_capacity_unit|fuel_cost_per_capacity_unit,air,DP-S,NOT_APPLICABLE,no_applicable_archetype_tag,capacity_units,fiscal_period,550,nonnegative,not_applicable
transportation_dedicated_parser_support_scope_v1,transportation_parser_support_v1,transportation_operating_archetypes_v1,804eeba846c75abc321df0821fe82a05e7bee9719cecff45798be0c82176ab7c,HMR,active,development_stage_and_speculative_transport,Marine Shipping,marine_services,development_all|marine_operator|marine_services,1,airline_fuel_expense,fuel_cost_per_capacity_unit,air,DP-S,NOT_APPLICABLE,no_applicable_archetype_tag,currency,fiscal_period,550,nonnegative,not_applicable
transportation_dedicated_parser_support_scope_v1,transportation_parser_support_v1,transportation_operating_archetypes_v1,804eeba846c75abc321df0821fe82a05e7bee9719cecff45798be0c82176ab7c,HMR,active,development_stage_and_speculative_transport,Marine Shipping,marine_services,development_all|marine_operator|marine_services,1,airport_aeronautical_revenue,aeronautical_revenue_per_passenger,air,DP-S,NOT_APPLICABLE,no_applicable_archetype_tag,currency,fiscal_period,550,nonnegative,not_applicable
transportation_dedicated_parser_support_scope_v1,transportation_parser_support_v1,transportation_operating_archetypes_v1,804eeba846c75abc321df0821fe82a05e7bee9719cecff45798be0c82176ab7c,HMR,active,development_stage_and_speculative_transport,Marine Shipping,marine_services,development_all|marine_operator|marine_services,1,airport_non_aeronautical_revenue,non_aeronautical_revenue_per_passenger,air,DP-S,NOT_APPLICABLE,no_applicable_archetype_tag,currency,fiscal_period,550,nonnegative,not_applicable
transportation_dedicated_parser_support_scope_v1,transportation_parser_support_v1,transportation_operating_archetypes_v1,804eeba846c75abc321df0821fe82a05e7bee9719cecff45798be0c82176ab7c,HMR,active,development_stage_and_speculative_transport,Marine Shipping,marine_services,development_all|marine_operator|marine_services,1,airport_passenger_throughput,aeronautical_revenue_per_passenger|non_aeronautical_revenue_per_passenger,air,DP-S,NOT_APPLICABLE,no_applicable_archetype_tag,count,fiscal_period,550,nonnegative_integer,not_applicable
transportation_dedicated_parser_support_scope_v1,transportation_parser_support_v1,transportation_operating_archetypes_v1,804eeba846c75abc321df0821fe82a05e7bee9719cecff45798be0c82176ab7c,HMR,active,development_stage_and_speculative_transport,Marine Shipping,marine_services,development_all|marine_operator|marine_services,1,milestone_target_date,milestone_slippage_days,development,DP-S,NOT_APPLICABLE,no_applicable_archetype_tag,iso_date,milestone,1100,date,not_applicable
transportation_dedicated_parser_support_scope_v1,transportation_parser_support_v1,transportation_operating_archetypes_v1,804eeba846c75abc321df0821fe82a05e7bee9719cecff45798be0c82176ab7c,HRZ,delisted_usable,marine_shipping_and_maritime,Marine Shipping,marine_operator,marine_operator,0,airline_fuel_consumed,fuel_efficiency_per_capacity_unit,air,DP-S,NOT_APPLICABLE,no_applicable_archetype_tag,fuel_volume,fiscal_period,550,nonnegative,not_applicable
transportation_dedicated_parser_support_scope_v1,transportation_parser_support_v1,transportation_operating_archetypes_v1,804eeba846c75abc321df0821fe82a05e7bee9719cecff45798be0c82176ab7c,HRZ,delisted_usable,marine_shipping_and_maritime,Marine Shipping,marine_operator,marine_operator,0,airline_capacity_units,fuel_efficiency_per_capacity_unit|fuel_cost_per_capacity_unit,air,DP-S,NOT_APPLICABLE,no_applicable_archetype_tag,capacity_units,fiscal_period,550,nonnegative,not_applicable
transportation_dedicated_parser_support_scope_v1,transportation_parser_support_v1,transportation_operating_archetypes_v1,804eeba846c75abc321df0821fe82a05e7bee9719cecff45798be0c82176ab7c,HRZ,delisted_usable,marine_shipping_and_maritime,Marine Shipping,marine_operator,marine_operator,0,airline_fuel_expense,fuel_cost_per_capacity_unit,air,DP-S,NOT_APPLICABLE,no_applicable_archetype_tag,currency,fiscal_period,550,nonnegative,not_applicable
transportation_dedicated_parser_support_scope_v1,transportation_parser_support_v1,transportation_operating_archetypes_v1,804eeba846c75abc321df0821fe82a05e7bee9719cecff45798be0c82176ab7c,HRZ,delisted_usable,marine_shipping_and_maritime,Marine Shipping,marine_operator,marine_operator,0,airport_aeronautical_revenue,aeronautical_revenue_per_passenger,air,DP-S,NOT_APPLICABLE,no_applicable_archetype_tag,currency,fiscal_period,550,nonnegative,not_applicable
transportation_dedicated_parser_support_scope_v1,transportation_parser_support_v1,transportation_operating_archetypes_v1,804eeba846c75abc321df0821fe82a05e7bee9719cecff45798be0c82176ab7c,HRZ,delisted_usable,marine_shipping_and_maritime,Marine Shipping,marine_operator,marine_operator,0,airport_non_aeronautical_revenue,non_aeronautical_revenue_per_passenger,air,DP-S,NOT_APPLICABLE,no_applicable_archetype_tag,currency,fiscal_period,550,nonnegative,not_applicable
transportation_dedicated_parser_support_scope_v1,transportation_parser_support_v1,transportation_operating_archetypes_v1,804eeba846c75abc321df0821fe82a05e7bee9719cecff45798be0c82176ab7c,HRZ,delisted_usable,marine_shipping_and_maritime,Marine Shipping,marine_operator,marine_operator,0,airport_passenger_throughput,aeronautical_revenue_per_passenger|non_aeronautical_revenue_per_passenger,air,DP-S,NOT_APPLICABLE,no_applicable_archetype_tag,count,fiscal_period,550,nonnegative_integer,not_applicable
transportation_dedicated_parser_support_scope_v1,transportation_parser_support_v1,transportation_operating_archetypes_v1,804eeba846c75abc321df0821fe82a05e7bee9719cecff45798be0c82176ab7c,HRZ,delisted_usable,marine_shipping_and_maritime,Marine Shipping,marine_operator,marine_operator,0,milestone_target_date,milestone_slippage_days,development,DP-S,NOT_APPLICABLE,no_applicable_archetype_tag,iso_date,milestone,1100,date,not_applicable
transportation_dedicated_parser_support_scope_v1,transportation_parser_support_v1,transportation_operating_archetypes_v1,804eeba846c75abc321df0821fe82a05e7bee9719cecff45798be0c82176ab7c,HSHP,active,marine_shipping_and_maritime,Marine Shipping,marine_operator,marine_operator,0,airline_fuel_consumed,fuel_efficiency_per_capacity_unit,air,DP-S,NOT_APPLICABLE,no_applicable_archetype_tag,fuel_volume,fiscal_period,550,nonnegative,not_applicable
transportation_dedicated_parser_support_scope_v1,transportation_parser_support_v1,transportation_operating_archetypes_v1,804eeba846c75abc321df0821fe82a05e7bee9719cecff45798be0c82176ab7c,HSHP,active,marine_shipping_and_maritime,Marine Shipping,marine_operator,marine_operator,0,airline_capacity_units,fuel_efficiency_per_capacity_unit|fuel_cost_per_capacity_unit,air,DP-S,NOT_APPLICABLE,no_applicable_archetype_tag,capacity_units,fiscal_period,550,nonnegative,not_applicable
transportation_dedicated_parser_support_scope_v1,transportation_parser_support_v1,transportation_operating_archetypes_v1,804eeba846c75abc321df0821fe82a05e7bee9719cecff45798be0c82176ab7c,HSHP,active,marine_shipping_and_maritime,Marine Shipping,marine_operator,marine_operator,0,airline_fuel_expense,fuel_cost_per_capacity_unit,air,DP-S,NOT_APPLICABLE,no_applicable_archetype_tag,currency,fiscal_period,550,nonnegative,not_applicable
transportation_dedicated_parser_support_scope_v1,transportation_parser_support_v1,transportation_operating_archetypes_v1,804eeba846c75abc321df0821fe82a05e7bee9719cecff45798be0c82176ab7c,HSHP,active,marine_shipping_and_maritime,Marine Shipping,marine_operator,marine_operator,0,airport_aeronautical_revenue,aeronautical_revenue_per_passenger,air,DP-S,NOT_APPLICABLE,no_applicable_archetype_tag,currency,fiscal_period,550,nonnegative,not_applicable
transportation_dedicated_parser_support_scope_v1,transportation_parser_support_v1,transportation_operating_archetypes_v1,804eeba846c75abc321df0821fe82a05e7bee9719cecff45798be0c82176ab7c,HSHP,active,marine_shipping_and_maritime,Marine Shipping,marine_operator,marine_operator,0,airport_non_aeronautical_revenue,non_aeronautical_revenue_per_passenger,air,DP-S,NOT_APPLICABLE,no_applicable_archetype_tag,currency,fiscal_period,550,nonnegative,not_applicable
transportation_dedicated_parser_support_scope_v1,transportation_parser_support_v1,transportation_operating_archetypes_v1,804eeba846c75abc321df0821fe82a05e7bee9719cecff45798be0c82176ab7c,HSHP,active,marine_shipping_and_maritime,Marine Shipping,marine_operator,marine_operator,0,airport_passenger_throughput,aeronautical_revenue_per_passenger|non_aeronautical_revenue_per_passenger,air,DP-S,NOT_APPLICABLE,no_applicable_archetype_tag,count,fiscal_period,550,nonnegative_integer,not_applicable
transportation_dedicated_parser_support_scope_v1,transportation_parser_support_v1,transportation_operating_archetypes_v1,804eeba846c75abc321df0821fe82a05e7bee9719cecff45798be0c82176ab7c,HSHP,active,marine_shipping_and_maritime,Marine Shipping,marine_operator,marine_operator,0,milestone_target_date,milestone_slippage_days,development,DP-S,NOT_APPLICABLE,no_applicable_archetype_tag,iso_date,milestone,1100,date,not_applicable
transportation_dedicated_parser_support_scope_v1,transportation_parser_support_v1,transportation_operating_archetypes_v1,804eeba846c75abc321df0821fe82a05e7bee9719cecff45798be0c82176ab7c,HTCO,active,development_stage_and_speculative_transport,Marine Shipping,marine_services,development_all|marine_services|surface_logistics,1,airline_fuel_consumed,fuel_efficiency_per_capacity_unit,air,DP-S,NOT_APPLICABLE,no_applicable_archetype_tag,fuel_volume,fiscal_period,550,nonnegative,not_applicable
transportation_dedicated_parser_support_scope_v1,transportation_parser_support_v1,transportation_operating_archetypes_v1,804eeba846c75abc321df0821fe82a05e7bee9719cecff45798be0c82176ab7c,HTCO,active,development_stage_and_speculative_transport,Marine Shipping,marine_services,development_all|marine_services|surface_logistics,1,airline_capacity_units,fuel_efficiency_per_capacity_unit|fuel_cost_per_capacity_unit,air,DP-S,NOT_APPLICABLE,no_applicable_archetype_tag,capacity_units,fiscal_period,550,nonnegative,not_applicable
transportation_dedicated_parser_support_scope_v1,transportation_parser_support_v1,transportation_operating_archetypes_v1,804eeba846c75abc321df0821fe82a05e7bee9719cecff45798be0c82176ab7c,HTCO,active,development_stage_and_speculative_transport,Marine Shipping,marine_services,development_all|marine_services|surface_logistics,1,airline_fuel_expense,fuel_cost_per_capacity_unit,air,DP-S,NOT_APPLICABLE,no_applicable_archetype_tag,currency,fiscal_period,550,nonnegative,not_applicable
transportation_dedicated_parser_support_scope_v1,transportation_parser_support_v1,transportation_operating_archetypes_v1,804eeba846c75abc321df0821fe82a05e7bee9719cecff45798be0c82176ab7c,HTCO,active,development_stage_and_speculative_transport,Marine Shipping,marine_services,development_all|marine_services|surface_logistics,1,airport_aeronautical_revenue,aeronautical_revenue_per_passenger,air,DP-S,NOT_APPLICABLE,no_applicable_archetype_tag,currency,fiscal_period,550,nonnegative,not_applicable
transportation_dedicated_parser_support_scope_v1,transportation_parser_support_v1,transportation_operating_archetypes_v1,804eeba846c75abc321df0821fe82a05e7bee9719cecff45798be0c82176ab7c,HTCO,active,development_stage_and_speculative_transport,Marine Shipping,marine_services,development_all|marine_services|surface_logistics,1,airport_non_aeronautical_revenue,non_aeronautical_revenue_per_passenger,air,DP-S,NOT_APPLICABLE,no_applicable_archetype_tag,currency,fiscal_period,550,nonnegative,not_applicable
transportation_dedicated_parser_support_scope_v1,transportation_parser_support_v1,transportation_operating_archetypes_v1,804eeba846c75abc321df0821fe82a05e7bee9719cecff45798be0c82176ab7c,HTCO,active,development_stage_and_speculative_transport,Marine Shipping,marine_services,development_all|marine_services|surface_logistics,1,airport_passenger_throughput,aeronautical_revenue_per_passenger|non_aeronautical_revenue_per_passenger,air,DP-S,NOT_APPLICABLE,no_applicable_archetype_tag,count,fiscal_period,550,nonnegative_integer,not_applicable
transportation_dedicated_parser_support_scope_v1,transportation_parser_support_v1,transportation_operating_archetypes_v1,804eeba846c75abc321df0821fe82a05e7bee9719cecff45798be0c82176ab7c,HTCO,active,development_stage_and_speculative_transport,Marine Shipping,marine_services,development_all|marine_services|surface_logistics,1,milestone_target_date,milestone_slippage_days,development,DP-S,NOT_APPLICABLE,no_applicable_archetype_tag,iso_date,milestone,1100,date,not_applicable
transportation_dedicated_parser_support_scope_v1,transportation_parser_support_v1,transportation_operating_archetypes_v1,804eeba846c75abc321df0821fe82a05e7bee9719cecff45798be0c82176ab7c,HTLD,active,surface_freight_and_logistics,Trucking,surface_trucking,surface_trucking,0,airline_fuel_consumed,fuel_efficiency_per_capacity_unit,air,DP-S,NOT_APPLICABLE,no_applicable_archetype_tag,fuel_volume,fiscal_period,550,nonnegative,not_applicable
transportation_dedicated_parser_support_scope_v1,transportation_parser_support_v1,transportation_operating_archetypes_v1,804eeba846c75abc321df0821fe82a05e7bee9719cecff45798be0c82176ab7c,HTLD,active,surface_freight_and_logistics,Trucking,surface_trucking,surface_trucking,0,airline_capacity_units,fuel_efficiency_per_capacity_unit|fuel_cost_per_capacity_unit,air,DP-S,NOT_APPLICABLE,no_applicable_archetype_tag,capacity_units,fiscal_period,550,nonnegative,not_applicable
transportation_dedicated_parser_support_scope_v1,transportation_parser_support_v1,transportation_operating_archetypes_v1,804eeba846c75abc321df0821fe82a05e7bee9719cecff45798be0c82176ab7c,HTLD,active,surface_freight_and_logistics,Trucking,surface_trucking,surface_trucking,0,airline_fuel_expense,fuel_cost_per_capacity_unit,air,DP-S,NOT_APPLICABLE,no_applicable_archetype_tag,currency,fiscal_period,550,nonnegative,not_applicable
transportation_dedicated_parser_support_scope_v1,transportation_parser_support_v1,transportation_operating_archetypes_v1,804eeba846c75abc321df0821fe82a05e7bee9719cecff45798be0c82176ab7c,HTLD,active,surface_freight_and_logistics,Trucking,surface_trucking,surface_trucking,0,airport_aeronautical_revenue,aeronautical_revenue_per_passenger,air,DP-S,NOT_APPLICABLE,no_applicable_archetype_tag,currency,fiscal_period,550,nonnegative,not_applicable
transportation_dedicated_parser_support_scope_v1,transportation_parser_support_v1,transportation_operating_archetypes_v1,804eeba846c75abc321df0821fe82a05e7bee9719cecff45798be0c82176ab7c,HTLD,active,surface_freight_and_logistics,Trucking,surface_trucking,surface_trucking,0,airport_non_aeronautical_revenue,non_aeronautical_revenue_per_passenger,air,DP-S,NOT_APPLICABLE,no_applicable_archetype_tag,currency,fiscal_period,550,nonnegative,not_applicable
transportation_dedicated_parser_support_scope_v1,transportation_parser_support_v1,transportation_operating_archetypes_v1,804eeba846c75abc321df0821fe82a05e7bee9719cecff45798be0c82176ab7c,HTLD,active,surface_freight_and_logistics,Trucking,surface_trucking,surface_trucking,0,airport_passenger_throughput,aeronautical_revenue_per_passenger|non_aeronautical_revenue_per_passenger,air,DP-S,NOT_APPLICABLE,no_applicable_archetype_tag,count,fiscal_period,550,nonnegative_integer,not_applicable
transportation_dedicated_parser_support_scope_v1,transportation_parser_support_v1,transportation_operating_archetypes_v1,804eeba846c75abc321df0821fe82a05e7bee9719cecff45798be0c82176ab7c,HTLD,active,surface_freight_and_logistics,Trucking,surface_trucking,surface_trucking,0,milestone_target_date,milestone_slippage_days,development,DP-S,NOT_APPLICABLE,no_applicable_archetype_tag,iso_date,milestone,1100,date,not_applicable
transportation_dedicated_parser_support_scope_v1,transportation_parser_support_v1,transportation_operating_archetypes_v1,804eeba846c75abc321df0821fe82a05e7bee9719cecff45798be0c82176ab7c,HUBG,active,surface_freight_and_logistics,Integrated Freight & Logistics,surface_logistics,surface_logistics,0,airline_fuel_consumed,fuel_efficiency_per_capacity_unit,air,DP-S,NOT_APPLICABLE,no_applicable_archetype_tag,fuel_volume,fiscal_period,550,nonnegative,not_applicable
transportation_dedicated_parser_support_scope_v1,transportation_parser_support_v1,transportation_operating_archetypes_v1,804eeba846c75abc321df0821fe82a05e7bee9719cecff45798be0c82176ab7c,HUBG,active,surface_freight_and_logistics,Integrated Freight & Logistics,surface_logistics,surface_logistics,0,airline_capacity_units,fuel_efficiency_per_capacity_unit|fuel_cost_per_capacity_unit,air,DP-S,NOT_APPLICABLE,no_applicable_archetype_tag,capacity_units,fiscal_period,550,nonnegative,not_applicable
transportation_dedicated_parser_support_scope_v1,transportation_parser_support_v1,transportation_operating_archetypes_v1,804eeba846c75abc321df0821fe82a05e7bee9719cecff45798be0c82176ab7c,HUBG,active,surface_freight_and_logistics,Integrated Freight & Logistics,surface_logistics,surface_logistics,0,airline_fuel_expense,fuel_cost_per_capacity_unit,air,DP-S,NOT_APPLICABLE,no_applicable_archetype_tag,currency,fiscal_period,550,nonnegative,not_applicable
transportation_dedicated_parser_support_scope_v1,transportation_parser_support_v1,transportation_operating_archetypes_v1,804eeba846c75abc321df0821fe82a05e7bee9719cecff45798be0c82176ab7c,HUBG,active,surface_freight_and_logistics,Integrated Freight & Logistics,surface_logistics,surface_logistics,0,airport_aeronautical_revenue,aeronautical_revenue_per_passenger,air,DP-S,NOT_APPLICABLE,no_applicable_archetype_tag,currency,fiscal_period,550,nonnegative,not_applicable
transportation_dedicated_parser_support_scope_v1,transportation_parser_support_v1,transportation_operating_archetypes_v1,804eeba846c75abc321df0821fe82a05e7bee9719cecff45798be0c82176ab7c,HUBG,active,surface_freight_and_logistics,Integrated Freight & Logistics,surface_logistics,surface_logistics,0,airport_non_aeronautical_revenue,non_aeronautical_revenue_per_passenger,air,DP-S,NOT_APPLICABLE,no_applicable_archetype_tag,currency,fiscal_period,550,nonnegative,not_applicable
transportation_dedicated_parser_support_scope_v1,transportation_parser_support_v1,transportation_operating_archetypes_v1,804eeba846c75abc321df0821fe82a05e7bee9719cecff45798be0c82176ab7c,HUBG,active,surface_freight_and_logistics,Integrated Freight & Logistics,surface_logistics,surface_logistics,0,airport_passenger_throughput,aeronautical_revenue_per_passenger|non_aeronautical_revenue_per_passenger,air,DP-S,NOT_APPLICABLE,no_applicable_archetype_tag,count,fiscal_period,550,nonnegative_integer,not_applicable
transportation_dedicated_parser_support_scope_v1,transportation_parser_support_v1,transportation_operating_archetypes_v1,804eeba846c75abc321df0821fe82a05e7bee9719cecff45798be0c82176ab7c,HUBG,active,surface_freight_and_logistics,Integrated Freight & Logistics,surface_logistics,surface_logistics,0,milestone_target_date,milestone_slippage_days,development,DP-S,NOT_APPLICABLE,no_applicable_archetype_tag,iso_date,milestone,1100,date,not_applicable
transportation_dedicated_parser_support_scope_v1,transportation_parser_support_v1,transportation_operating_archetypes_v1,804eeba846c75abc321df0821fe82a05e7bee9719cecff45798be0c82176ab7c,ICON,active,development_stage_and_speculative_transport,Marine Shipping,marine_operator,development_all|marine_operator,1,airline_fuel_consumed,fuel_efficiency_per_capacity_unit,air,DP-S,NOT_APPLICABLE,no_applicable_archetype_tag,fuel_volume,fiscal_period,550,nonnegative,not_applicable
transportation_dedicated_parser_support_scope_v1,transportation_parser_support_v1,transportation_operating_archetypes_v1,804eeba846c75abc321df0821fe82a05e7bee9719cecff45798be0c82176ab7c,ICON,active,development_stage_and_speculative_transport,Marine Shipping,marine_operator,development_all|marine_operator,1,airline_capacity_units,fuel_efficiency_per_capacity_unit|fuel_cost_per_capacity_unit,air,DP-S,NOT_APPLICABLE,no_applicable_archetype_tag,capacity_units,fiscal_period,550,nonnegative,not_applicable
transportation_dedicated_parser_support_scope_v1,transportation_parser_support_v1,transportation_operating_archetypes_v1,804eeba846c75abc321df0821fe82a05e7bee9719cecff45798be0c82176ab7c,ICON,active,development_stage_and_speculative_transport,Marine Shipping,marine_operator,development_all|marine_operator,1,airline_fuel_expense,fuel_cost_per_capacity_unit,air,DP-S,NOT_APPLICABLE,no_applicable_archetype_tag,currency,fiscal_period,550,nonnegative,not_applicable
transportation_dedicated_parser_support_scope_v1,transportation_parser_support_v1,transportation_operating_archetypes_v1,804eeba846c75abc321df0821fe82a05e7bee9719cecff45798be0c82176ab7c,ICON,active,development_stage_and_speculative_transport,Marine Shipping,marine_operator,development_all|marine_operator,1,airport_aeronautical_revenue,aeronautical_revenue_per_passenger,air,DP-S,NOT_APPLICABLE,no_applicable_archetype_tag,currency,fiscal_period,550,nonnegative,not_applicable
transportation_dedicated_parser_support_scope_v1,transportation_parser_support_v1,transportation_operating_archetypes_v1,804eeba846c75abc321df0821fe82a05e7bee9719cecff45798be0c82176ab7c,ICON,active,development_stage_and_speculative_transport,Marine Shipping,marine_operator,development_all|marine_operator,1,airport_non_aeronautical_revenue,non_aeronautical_revenue_per_passenger,air,DP-S,NOT_APPLICABLE,no_applicable_archetype_tag,currency,fiscal_period,550,nonnegative,not_applicable
transportation_dedicated_parser_support_scope_v1,transportation_parser_support_v1,transportation_operating_archetypes_v1,804eeba846c75abc321df0821fe82a05e7bee9719cecff45798be0c82176ab7c,ICON,active,development_stage_and_speculative_transport,Marine Shipping,marine_operator,development_all|marine_operator,1,airport_passenger_throughput,aeronautical_revenue_per_passenger|non_aeronautical_revenue_per_passenger,air,DP-S,NOT_APPLICABLE,no_applicable_archetype_tag,count,fiscal_period,550,nonnegative_integer,not_applicable
transportation_dedicated_parser_support_scope_v1,transportation_parser_support_v1,transportation_operating_archetypes_v1,804eeba846c75abc321df0821fe82a05e7bee9719cecff45798be0c82176ab7c,ICON,active,development_stage_and_speculative_transport,Marine Shipping,marine_operator,development_all|marine_operator,1,milestone_target_date,milestone_slippage_days,development,DP-S,NOT_APPLICABLE,no_applicable_archetype_tag,iso_date,milestone,1100,date,not_applicable
transportation_dedicated_parser_support_scope_v1,transportation_parser_support_v1,transportation_operating_archetypes_v1,804eeba846c75abc321df0821fe82a05e7bee9719cecff45798be0c82176ab7c,JBHT,active,surface_freight_and_logistics,Integrated Freight & Logistics,surface_logistics,surface_logistics|surface_trucking,0,airline_fuel_consumed,fuel_efficiency_per_capacity_unit,air,DP-S,NOT_APPLICABLE,no_applicable_archetype_tag,fuel_volume,fiscal_period,550,nonnegative,not_applicable
transportation_dedicated_parser_support_scope_v1,transportation_parser_support_v1,transportation_operating_archetypes_v1,804eeba846c75abc321df0821fe82a05e7bee9719cecff45798be0c82176ab7c,JBHT,active,surface_freight_and_logistics,Integrated Freight & Logistics,surface_logistics,surface_logistics|surface_trucking,0,airline_capacity_units,fuel_efficiency_per_capacity_unit|fuel_cost_per_capacity_unit,air,DP-S,NOT_APPLICABLE,no_applicable_archetype_tag,capacity_units,fiscal_period,550,nonnegative,not_applicable
transportation_dedicated_parser_support_scope_v1,transportation_parser_support_v1,transportation_operating_archetypes_v1,804eeba846c75abc321df0821fe82a05e7bee9719cecff45798be0c82176ab7c,JBHT,active,surface_freight_and_logistics,Integrated Freight & Logistics,surface_logistics,surface_logistics|surface_trucking,0,airline_fuel_expense,fuel_cost_per_capacity_unit,air,DP-S,NOT_APPLICABLE,no_applicable_archetype_tag,currency,fiscal_period,550,nonnegative,not_applicable
transportation_dedicated_parser_support_scope_v1,transportation_parser_support_v1,transportation_operating_archetypes_v1,804eeba846c75abc321df0821fe82a05e7bee9719cecff45798be0c82176ab7c,JBHT,active,surface_freight_and_logistics,Integrated Freight & Logistics,surface_logistics,surface_logistics|surface_trucking,0,airport_aeronautical_revenue,aeronautical_revenue_per_passenger,air,DP-S,NOT_APPLICABLE,no_applicable_archetype_tag,currency,fiscal_period,550,nonnegative,not_applicable
transportation_dedicated_parser_support_scope_v1,transportation_parser_support_v1,transportation_operating_archetypes_v1,804eeba846c75abc321df0821fe82a05e7bee9719cecff45798be0c82176ab7c,JBHT,active,surface_freight_and_logistics,Integrated Freight & Logistics,surface_logistics,surface_logistics|surface_trucking,0,airport_non_aeronautical_revenue,non_aeronautical_revenue_per_passenger,air,DP-S,NOT_APPLICABLE,no_applicable_archetype_tag,currency,fiscal_period,550,nonnegative,not_applicable
transportation_dedicated_parser_support_scope_v1,transportation_parser_support_v1,transportation_operating_archetypes_v1,804eeba846c75abc321df0821fe82a05e7bee9719cecff45798be0c82176ab7c,JBHT,active,surface_freight_and_logistics,Integrated Freight & Logistics,surface_logistics,surface_logistics|surface_trucking,0,airport_passenger_throughput,aeronautical_revenue_per_passenger|non_aeronautical_revenue_per_passenger,air,DP-S,NOT_APPLICABLE,no_applicable_archetype_tag,count,fiscal_period,550,nonnegative_integer,not_applicable
transportation_dedicated_parser_support_scope_v1,transportation_parser_support_v1,transportation_operating_archetypes_v1,804eeba846c75abc321df0821fe82a05e7bee9719cecff45798be0c82176ab7c,JBHT,active,surface_freight_and_logistics,Integrated Freight & Logistics,surface_logistics,surface_logistics|surface_trucking,0,milestone_target_date,milestone_slippage_days,development,DP-S,NOT_APPLICABLE,no_applicable_archetype_tag,iso_date,milestone,1100,date,not_applicable
transportation_dedicated_parser_support_scope_v1,transportation_parser_support_v1,transportation_operating_archetypes_v1,804eeba846c75abc321df0821fe82a05e7bee9719cecff45798be0c82176ab7c,JBLU,active,air_transport_and_aviation_services,Airlines,passenger_airline,passenger_airline,0,airline_fuel_consumed,fuel_efficiency_per_capacity_unit,air,DP-S,APPLICABLE,tag_match:passenger_airline,fuel_volume,fiscal_period,550,nonnegative,coverage_pending
transportation_dedicated_parser_support_scope_v1,transportation_parser_support_v1,transportation_operating_archetypes_v1,804eeba846c75abc321df0821fe82a05e7bee9719cecff45798be0c82176ab7c,JBLU,active,air_transport_and_aviation_services,Airlines,passenger_airline,passenger_airline,0,airline_capacity_units,fuel_efficiency_per_capacity_unit|fuel_cost_per_capacity_unit,air,DP-S,APPLICABLE,tag_match:passenger_airline,capacity_units,fiscal_period,550,nonnegative,coverage_pending
transportation_dedicated_parser_support_scope_v1,transportation_parser_support_v1,transportation_operating_archetypes_v1,804eeba846c75abc321df0821fe82a05e7bee9719cecff45798be0c82176ab7c,JBLU,active,air_transport_and_aviation_services,Airlines,passenger_airline,passenger_airline,0,airline_fuel_expense,fuel_cost_per_capacity_unit,air,DP-S,APPLICABLE,tag_match:passenger_airline,currency,fiscal_period,550,nonnegative,coverage_pending
transportation_dedicated_parser_support_scope_v1,transportation_parser_support_v1,transportation_operating_archetypes_v1,804eeba846c75abc321df0821fe82a05e7bee9719cecff45798be0c82176ab7c,JBLU,active,air_transport_and_aviation_services,Airlines,passenger_airline,passenger_airline,0,airport_aeronautical_revenue,aeronautical_revenue_per_passenger,air,DP-S,NOT_APPLICABLE,no_applicable_archetype_tag,currency,fiscal_period,550,nonnegative,not_applicable
transportation_dedicated_parser_support_scope_v1,transportation_parser_support_v1,transportation_operating_archetypes_v1,804eeba846c75abc321df0821fe82a05e7bee9719cecff45798be0c82176ab7c,JBLU,active,air_transport_and_aviation_services,Airlines,passenger_airline,passenger_airline,0,airport_non_aeronautical_revenue,non_aeronautical_revenue_per_passenger,air,DP-S,NOT_APPLICABLE,no_applicable_archetype_tag,currency,fiscal_period,550,nonnegative,not_applicable
transportation_dedicated_parser_support_scope_v1,transportation_parser_support_v1,transportation_operating_archetypes_v1,804eeba846c75abc321df0821fe82a05e7bee9719cecff45798be0c82176ab7c,JBLU,active,air_transport_and_aviation_services,Airlines,passenger_airline,passenger_airline,0,airport_passenger_throughput,aeronautical_revenue_per_passenger|non_aeronautical_revenue_per_passenger,air,DP-S,NOT_APPLICABLE,no_applicable_archetype_tag,count,fiscal_period,550,nonnegative_integer,not_applicable
transportation_dedicated_parser_support_scope_v1,transportation_parser_support_v1,transportation_operating_archetypes_v1,804eeba846c75abc321df0821fe82a05e7bee9719cecff45798be0c82176ab7c,JBLU,active,air_transport_and_aviation_services,Airlines,passenger_airline,passenger_airline,0,milestone_target_date,milestone_slippage_days,development,DP-S,NOT_APPLICABLE,no_applicable_archetype_tag,iso_date,milestone,1100,date,not_applicable
transportation_dedicated_parser_support_scope_v1,transportation_parser_support_v1,transportation_operating_archetypes_v1,804eeba846c75abc321df0821fe82a05e7bee9719cecff45798be0c82176ab7c,JOBY,active,development_stage_and_speculative_transport,Airports & Air Services,precommercial_transport,development_all|precommercial_transport|ramping|regulated_precommercial,1,airline_fuel_consumed,fuel_efficiency_per_capacity_unit,air,DP-S,NOT_APPLICABLE,no_applicable_archetype_tag,fuel_volume,fiscal_period,550,nonnegative,not_applicable
transportation_dedicated_parser_support_scope_v1,transportation_parser_support_v1,transportation_operating_archetypes_v1,804eeba846c75abc321df0821fe82a05e7bee9719cecff45798be0c82176ab7c,JOBY,active,development_stage_and_speculative_transport,Airports & Air Services,precommercial_transport,development_all|precommercial_transport|ramping|regulated_precommercial,1,airline_capacity_units,fuel_efficiency_per_capacity_unit|fuel_cost_per_capacity_unit,air,DP-S,NOT_APPLICABLE,no_applicable_archetype_tag,capacity_units,fiscal_period,550,nonnegative,not_applicable
transportation_dedicated_parser_support_scope_v1,transportation_parser_support_v1,transportation_operating_archetypes_v1,804eeba846c75abc321df0821fe82a05e7bee9719cecff45798be0c82176ab7c,JOBY,active,development_stage_and_speculative_transport,Airports & Air Services,precommercial_transport,development_all|precommercial_transport|ramping|regulated_precommercial,1,airline_fuel_expense,fuel_cost_per_capacity_unit,air,DP-S,NOT_APPLICABLE,no_applicable_archetype_tag,currency,fiscal_period,550,nonnegative,not_applicable
transportation_dedicated_parser_support_scope_v1,transportation_parser_support_v1,transportation_operating_archetypes_v1,804eeba846c75abc321df0821fe82a05e7bee9719cecff45798be0c82176ab7c,JOBY,active,development_stage_and_speculative_transport,Airports & Air Services,precommercial_transport,development_all|precommercial_transport|ramping|regulated_precommercial,1,airport_aeronautical_revenue,aeronautical_revenue_per_passenger,air,DP-S,NOT_APPLICABLE,no_applicable_archetype_tag,currency,fiscal_period,550,nonnegative,not_applicable
transportation_dedicated_parser_support_scope_v1,transportation_parser_support_v1,transportation_operating_archetypes_v1,804eeba846c75abc321df0821fe82a05e7bee9719cecff45798be0c82176ab7c,JOBY,active,development_stage_and_speculative_transport,Airports & Air Services,precommercial_transport,development_all|precommercial_transport|ramping|regulated_precommercial,1,airport_non_aeronautical_revenue,non_aeronautical_revenue_per_passenger,air,DP-S,NOT_APPLICABLE,no_applicable_archetype_tag,currency,fiscal_period,550,nonnegative,not_applicable
transportation_dedicated_parser_support_scope_v1,transportation_parser_support_v1,transportation_operating_archetypes_v1,804eeba846c75abc321df0821fe82a05e7bee9719cecff45798be0c82176ab7c,JOBY,active,development_stage_and_speculative_transport,Airports & Air Services,precommercial_transport,development_all|precommercial_transport|ramping|regulated_precommercial,1,airport_passenger_throughput,aeronautical_revenue_per_passenger|non_aeronautical_revenue_per_passenger,air,DP-S,NOT_APPLICABLE,no_applicable_archetype_tag,count,fiscal_period,550,nonnegative_integer,not_applicable
transportation_dedicated_parser_support_scope_v1,transportation_parser_support_v1,transportation_operating_archetypes_v1,804eeba846c75abc321df0821fe82a05e7bee9719cecff45798be0c82176ab7c,JOBY,active,development_stage_and_speculative_transport,Airports & Air Services,precommercial_transport,development_all|precommercial_transport|ramping|regulated_precommercial,1,milestone_target_date,milestone_slippage_days,development,DP-S,APPLICABLE,tag_match:precommercial_transport,iso_date,milestone,1100,date,coverage_pending
transportation_dedicated_parser_support_scope_v1,transportation_parser_support_v1,transportation_operating_archetypes_v1,804eeba846c75abc321df0821fe82a05e7bee9719cecff45798be0c82176ab7c,JYD,active,development_stage_and_speculative_transport,Integrated Freight & Logistics,surface_logistics,development_all|surface_logistics,1,airline_fuel_consumed,fuel_efficiency_per_capacity_unit,air,DP-S,NOT_APPLICABLE,no_applicable_archetype_tag,fuel_volume,fiscal_period,550,nonnegative,not_applicable
transportation_dedicated_parser_support_scope_v1,transportation_parser_support_v1,transportation_operating_archetypes_v1,804eeba846c75abc321df0821fe82a05e7bee9719cecff45798be0c82176ab7c,JYD,active,development_stage_and_speculative_transport,Integrated Freight & Logistics,surface_logistics,development_all|surface_logistics,1,airline_capacity_units,fuel_efficiency_per_capacity_unit|fuel_cost_per_capacity_unit,air,DP-S,NOT_APPLICABLE,no_applicable_archetype_tag,capacity_units,fiscal_period,550,nonnegative,not_applicable
transportation_dedicated_parser_support_scope_v1,transportation_parser_support_v1,transportation_operating_archetypes_v1,804eeba846c75abc321df0821fe82a05e7bee9719cecff45798be0c82176ab7c,JYD,active,development_stage_and_speculative_transport,Integrated Freight & Logistics,surface_logistics,development_all|surface_logistics,1,airline_fuel_expense,fuel_cost_per_capacity_unit,air,DP-S,NOT_APPLICABLE,no_applicable_archetype_tag,currency,fiscal_period,550,nonnegative,not_applicable
transportation_dedicated_parser_support_scope_v1,transportation_parser_support_v1,transportation_operating_archetypes_v1,804eeba846c75abc321df0821fe82a05e7bee9719cecff45798be0c82176ab7c,JYD,active,development_stage_and_speculative_transport,Integrated Freight & Logistics,surface_logistics,development_all|surface_logistics,1,airport_aeronautical_revenue,aeronautical_revenue_per_passenger,air,DP-S,NOT_APPLICABLE,no_applicable_archetype_tag,currency,fiscal_period,550,nonnegative,not_applicable
transportation_dedicated_parser_support_scope_v1,transportation_parser_support_v1,transportation_operating_archetypes_v1,804eeba846c75abc321df0821fe82a05e7bee9719cecff45798be0c82176ab7c,JYD,active,development_stage_and_speculative_transport,Integrated Freight & Logistics,surface_logistics,development_all|surface_logistics,1,airport_non_aeronautical_revenue,non_aeronautical_revenue_per_passenger,air,DP-S,NOT_APPLICABLE,no_applicable_archetype_tag,currency,fiscal_period,550,nonnegative,not_applicable
transportation_dedicated_parser_support_scope_v1,transportation_parser_support_v1,transportation_operating_archetypes_v1,804eeba846c75abc321df0821fe82a05e7bee9719cecff45798be0c82176ab7c,JYD,active,development_stage_and_speculative_transport,Integrated Freight & Logistics,surface_logistics,development_all|surface_logistics,1,airport_passenger_throughput,aeronautical_revenue_per_passenger|non_aeronautical_revenue_per_passenger,air,DP-S,NOT_APPLICABLE,no_applicable_archetype_tag,count,fiscal_period,550,nonnegative_integer,not_applicable
transportation_dedicated_parser_support_scope_v1,transportation_parser_support_v1,transportation_operating_archetypes_v1,804eeba846c75abc321df0821fe82a05e7bee9719cecff45798be0c82176ab7c,JYD,active,development_stage_and_speculative_transport,Integrated Freight & Logistics,surface_logistics,development_all|surface_logistics,1,milestone_target_date,milestone_slippage_days,development,DP-S,NOT_APPLICABLE,no_applicable_archetype_tag,iso_date,milestone,1100,date,not_applicable
transportation_dedicated_parser_support_scope_v1,transportation_parser_support_v1,transportation_operating_archetypes_v1,804eeba846c75abc321df0821fe82a05e7bee9719cecff45798be0c82176ab7c,KEX,active,marine_shipping_and_maritime,Marine Shipping,marine_operator,marine_operator,0,airline_fuel_consumed,fuel_efficiency_per_capacity_unit,air,DP-S,NOT_APPLICABLE,no_applicable_archetype_tag,fuel_volume,fiscal_period,550,nonnegative,not_applicable
transportation_dedicated_parser_support_scope_v1,transportation_parser_support_v1,transportation_operating_archetypes_v1,804eeba846c75abc321df0821fe82a05e7bee9719cecff45798be0c82176ab7c,KEX,active,marine_shipping_and_maritime,Marine Shipping,marine_operator,marine_operator,0,airline_capacity_units,fuel_efficiency_per_capacity_unit|fuel_cost_per_capacity_unit,air,DP-S,NOT_APPLICABLE,no_applicable_archetype_tag,capacity_units,fiscal_period,550,nonnegative,not_applicable
transportation_dedicated_parser_support_scope_v1,transportation_parser_support_v1,transportation_operating_archetypes_v1,804eeba846c75abc321df0821fe82a05e7bee9719cecff45798be0c82176ab7c,KEX,active,marine_shipping_and_maritime,Marine Shipping,marine_operator,marine_operator,0,airline_fuel_expense,fuel_cost_per_capacity_unit,air,DP-S,NOT_APPLICABLE,no_applicable_archetype_tag,currency,fiscal_period,550,nonnegative,not_applicable
transportation_dedicated_parser_support_scope_v1,transportation_parser_support_v1,transportation_operating_archetypes_v1,804eeba846c75abc321df0821fe82a05e7bee9719cecff45798be0c82176ab7c,KEX,active,marine_shipping_and_maritime,Marine Shipping,marine_operator,marine_operator,0,airport_aeronautical_revenue,aeronautical_revenue_per_passenger,air,DP-S,NOT_APPLICABLE,no_applicable_archetype_tag,currency,fiscal_period,550,nonnegative,not_applicable
transportation_dedicated_parser_support_scope_v1,transportation_parser_support_v1,transportation_operating_archetypes_v1,804eeba846c75abc321df0821fe82a05e7bee9719cecff45798be0c82176ab7c,KEX,active,marine_shipping_and_maritime,Marine Shipping,marine_operator,marine_operator,0,airport_non_aeronautical_revenue,non_aeronautical_revenue_per_passenger,air,DP-S,NOT_APPLICABLE,no_applicable_archetype_tag,currency,fiscal_period,550,nonnegative,not_applicable
transportation_dedicated_parser_support_scope_v1,transportation_parser_support_v1,transportation_operating_archetypes_v1,804eeba846c75abc321df0821fe82a05e7bee9719cecff45798be0c82176ab7c,KEX,active,marine_shipping_and_maritime,Marine Shipping,marine_operator,marine_operator,0,airport_passenger_throughput,aeronautical_revenue_per_passenger|non_aeronautical_revenue_per_passenger,air,DP-S,NOT_APPLICABLE,no_applicable_archetype_tag,count,fiscal_period,550,nonnegative_integer,not_applicable
transportation_dedicated_parser_support_scope_v1,transportation_parser_support_v1,transportation_operating_archetypes_v1,804eeba846c75abc321df0821fe82a05e7bee9719cecff45798be0c82176ab7c,KEX,active,marine_shipping_and_maritime,Marine Shipping,marine_operator,marine_operator,0,milestone_target_date,milestone_slippage_days,development,DP-S,NOT_APPLICABLE,no_applicable_archetype_tag,iso_date,milestone,1100,date,not_applicable
transportation_dedicated_parser_support_scope_v1,transportation_parser_support_v1,transportation_operating_archetypes_v1,804eeba846c75abc321df0821fe82a05e7bee9719cecff45798be0c82176ab7c,KNX,active,surface_freight_and_logistics,Trucking,surface_trucking,surface_trucking,0,airline_fuel_consumed,fuel_efficiency_per_capacity_unit,air,DP-S,NOT_APPLICABLE,no_applicable_archetype_tag,fuel_volume,fiscal_period,550,nonnegative,not_applicable
transportation_dedicated_parser_support_scope_v1,transportation_parser_support_v1,transportation_operating_archetypes_v1,804eeba846c75abc321df0821fe82a05e7bee9719cecff45798be0c82176ab7c,KNX,active,surface_freight_and_logistics,Trucking,surface_trucking,surface_trucking,0,airline_capacity_units,fuel_efficiency_per_capacity_unit|fuel_cost_per_capacity_unit,air,DP-S,NOT_APPLICABLE,no_applicable_archetype_tag,capacity_units,fiscal_period,550,nonnegative,not_applicable
transportation_dedicated_parser_support_scope_v1,transportation_parser_support_v1,transportation_operating_archetypes_v1,804eeba846c75abc321df0821fe82a05e7bee9719cecff45798be0c82176ab7c,KNX,active,surface_freight_and_logistics,Trucking,surface_trucking,surface_trucking,0,airline_fuel_expense,fuel_cost_per_capacity_unit,air,DP-S,NOT_APPLICABLE,no_applicable_archetype_tag,currency,fiscal_period,550,nonnegative,not_applicable
transportation_dedicated_parser_support_scope_v1,transportation_parser_support_v1,transportation_operating_archetypes_v1,804eeba846c75abc321df0821fe82a05e7bee9719cecff45798be0c82176ab7c,KNX,active,surface_freight_and_logistics,Trucking,surface_trucking,surface_trucking,0,airport_aeronautical_revenue,aeronautical_revenue_per_passenger,air,DP-S,NOT_APPLICABLE,no_applicable_archetype_tag,currency,fiscal_period,550,nonnegative,not_applicable
transportation_dedicated_parser_support_scope_v1,transportation_parser_support_v1,transportation_operating_archetypes_v1,804eeba846c75abc321df0821fe82a05e7bee9719cecff45798be0c82176ab7c,KNX,active,surface_freight_and_logistics,Trucking,surface_trucking,surface_trucking,0,airport_non_aeronautical_revenue,non_aeronautical_revenue_per_passenger,air,DP-S,NOT_APPLICABLE,no_applicable_archetype_tag,currency,fiscal_period,550,nonnegative,not_applicable
transportation_dedicated_parser_support_scope_v1,transportation_parser_support_v1,transportation_operating_archetypes_v1,804eeba846c75abc321df0821fe82a05e7bee9719cecff45798be0c82176ab7c,KNX,active,surface_freight_and_logistics,Trucking,surface_trucking,surface_trucking,0,airport_passenger_throughput,aeronautical_revenue_per_passenger|non_aeronautical_revenue_per_passenger,air,DP-S,NOT_APPLICABLE,no_applicable_archetype_tag,count,fiscal_period,550,nonnegative_integer,not_applicable
transportation_dedicated_parser_support_scope_v1,transportation_parser_support_v1,transportation_operating_archetypes_v1,804eeba846c75abc321df0821fe82a05e7bee9719cecff45798be0c82176ab7c,KNX,active,surface_freight_and_logistics,Trucking,surface_trucking,surface_trucking,0,milestone_target_date,milestone_slippage_days,development,DP-S,NOT_APPLICABLE,no_applicable_archetype_tag,iso_date,milestone,1100,date,not_applicable
transportation_dedicated_parser_support_scope_v1,transportation_parser_support_v1,transportation_operating_archetypes_v1,804eeba846c75abc321df0821fe82a05e7bee9719cecff45798be0c82176ab7c,KSU,delisted_usable,surface_freight_and_logistics,Railroads,surface_rail_operator,surface_rail_operator,0,airline_fuel_consumed,fuel_efficiency_per_capacity_unit,air,DP-S,NOT_APPLICABLE,no_applicable_archetype_tag,fuel_volume,fiscal_period,550,nonnegative,not_applicable
transportation_dedicated_parser_support_scope_v1,transportation_parser_support_v1,transportation_operating_archetypes_v1,804eeba846c75abc321df0821fe82a05e7bee9719cecff45798be0c82176ab7c,KSU,delisted_usable,surface_freight_and_logistics,Railroads,surface_rail_operator,surface_rail_operator,0,airline_capacity_units,fuel_efficiency_per_capacity_unit|fuel_cost_per_capacity_unit,air,DP-S,NOT_APPLICABLE,no_applicable_archetype_tag,capacity_units,fiscal_period,550,nonnegative,not_applicable
transportation_dedicated_parser_support_scope_v1,transportation_parser_support_v1,transportation_operating_archetypes_v1,804eeba846c75abc321df0821fe82a05e7bee9719cecff45798be0c82176ab7c,KSU,delisted_usable,surface_freight_and_logistics,Railroads,surface_rail_operator,surface_rail_operator,0,airline_fuel_expense,fuel_cost_per_capacity_unit,air,DP-S,NOT_APPLICABLE,no_applicable_archetype_tag,currency,fiscal_period,550,nonnegative,not_applicable
transportation_dedicated_parser_support_scope_v1,transportation_parser_support_v1,transportation_operating_archetypes_v1,804eeba846c75abc321df0821fe82a05e7bee9719cecff45798be0c82176ab7c,KSU,delisted_usable,surface_freight_and_logistics,Railroads,surface_rail_operator,surface_rail_operator,0,airport_aeronautical_revenue,aeronautical_revenue_per_passenger,air,DP-S,NOT_APPLICABLE,no_applicable_archetype_tag,currency,fiscal_period,550,nonnegative,not_applicable
transportation_dedicated_parser_support_scope_v1,transportation_parser_support_v1,transportation_operating_archetypes_v1,804eeba846c75abc321df0821fe82a05e7bee9719cecff45798be0c82176ab7c,KSU,delisted_usable,surface_freight_and_logistics,Railroads,surface_rail_operator,surface_rail_operator,0,airport_non_aeronautical_revenue,non_aeronautical_revenue_per_passenger,air,DP-S,NOT_APPLICABLE,no_applicable_archetype_tag,currency,fiscal_period,550,nonnegative,not_applicable
transportation_dedicated_parser_support_scope_v1,transportation_parser_support_v1,transportation_operating_archetypes_v1,804eeba846c75abc321df0821fe82a05e7bee9719cecff45798be0c82176ab7c,KSU,delisted_usable,surface_freight_and_logistics,Railroads,surface_rail_operator,surface_rail_operator,0,airport_passenger_throughput,aeronautical_revenue_per_passenger|non_aeronautical_revenue_per_passenger,air,DP-S,NOT_APPLICABLE,no_applicable_archetype_tag,count,fiscal_period,550,nonnegative_integer,not_applicable
transportation_dedicated_parser_support_scope_v1,transportation_parser_support_v1,transportation_operating_archetypes_v1,804eeba846c75abc321df0821fe82a05e7bee9719cecff45798be0c82176ab7c,KSU,delisted_usable,surface_freight_and_logistics,Railroads,surface_rail_operator,surface_rail_operator,0,milestone_target_date,milestone_slippage_days,development,DP-S,NOT_APPLICABLE,no_applicable_archetype_tag,iso_date,milestone,1100,date,not_applicable
transportation_dedicated_parser_support_scope_v1,transportation_parser_support_v1,transportation_operating_archetypes_v1,804eeba846c75abc321df0821fe82a05e7bee9719cecff45798be0c82176ab7c,LCC,delisted_usable,air_transport_and_aviation_services,Airlines,passenger_airline,passenger_airline,0,airline_fuel_consumed,fuel_efficiency_per_capacity_unit,air,DP-S,APPLICABLE,tag_match:passenger_airline,fuel_volume,fiscal_period,550,nonnegative,coverage_pending
transportation_dedicated_parser_support_scope_v1,transportation_parser_support_v1,transportation_operating_archetypes_v1,804eeba846c75abc321df0821fe82a05e7bee9719cecff45798be0c82176ab7c,LCC,delisted_usable,air_transport_and_aviation_services,Airlines,passenger_airline,passenger_airline,0,airline_capacity_units,fuel_efficiency_per_capacity_unit|fuel_cost_per_capacity_unit,air,DP-S,APPLICABLE,tag_match:passenger_airline,capacity_units,fiscal_period,550,nonnegative,coverage_pending
transportation_dedicated_parser_support_scope_v1,transportation_parser_support_v1,transportation_operating_archetypes_v1,804eeba846c75abc321df0821fe82a05e7bee9719cecff45798be0c82176ab7c,LCC,delisted_usable,air_transport_and_aviation_services,Airlines,passenger_airline,passenger_airline,0,airline_fuel_expense,fuel_cost_per_capacity_unit,air,DP-S,APPLICABLE,tag_match:passenger_airline,currency,fiscal_period,550,nonnegative,coverage_pending
transportation_dedicated_parser_support_scope_v1,transportation_parser_support_v1,transportation_operating_archetypes_v1,804eeba846c75abc321df0821fe82a05e7bee9719cecff45798be0c82176ab7c,LCC,delisted_usable,air_transport_and_aviation_services,Airlines,passenger_airline,passenger_airline,0,airport_aeronautical_revenue,aeronautical_revenue_per_passenger,air,DP-S,NOT_APPLICABLE,no_applicable_archetype_tag,currency,fiscal_period,550,nonnegative,not_applicable
transportation_dedicated_parser_support_scope_v1,transportation_parser_support_v1,transportation_operating_archetypes_v1,804eeba846c75abc321df0821fe82a05e7bee9719cecff45798be0c82176ab7c,LCC,delisted_usable,air_transport_and_aviation_services,Airlines,passenger_airline,passenger_airline,0,airport_non_aeronautical_revenue,non_aeronautical_revenue_per_passenger,air,DP-S,NOT_APPLICABLE,no_applicable_archetype_tag,currency,fiscal_period,550,nonnegative,not_applicable
transportation_dedicated_parser_support_scope_v1,transportation_parser_support_v1,transportation_operating_archetypes_v1,804eeba846c75abc321df0821fe82a05e7bee9719cecff45798be0c82176ab7c,LCC,delisted_usable,air_transport_and_aviation_services,Airlines,passenger_airline,passenger_airline,0,airport_passenger_throughput,aeronautical_revenue_per_passenger|non_aeronautical_revenue_per_passenger,air,DP-S,NOT_APPLICABLE,no_applicable_archetype_tag,count,fiscal_period,550,nonnegative_integer,not_applicable
transportation_dedicated_parser_support_scope_v1,transportation_parser_support_v1,transportation_operating_archetypes_v1,804eeba846c75abc321df0821fe82a05e7bee9719cecff45798be0c82176ab7c,LCC,delisted_usable,air_transport_and_aviation_services,Airlines,passenger_airline,passenger_airline,0,milestone_target_date,milestone_slippage_days,development,DP-S,NOT_APPLICABLE,no_applicable_archetype_tag,iso_date,milestone,1100,date,not_applicable
transportation_dedicated_parser_support_scope_v1,transportation_parser_support_v1,transportation_operating_archetypes_v1,804eeba846c75abc321df0821fe82a05e7bee9719cecff45798be0c82176ab7c,LSTR,active,surface_freight_and_logistics,Integrated Freight & Logistics,surface_logistics,surface_logistics,0,airline_fuel_consumed,fuel_efficiency_per_capacity_unit,air,DP-S,NOT_APPLICABLE,no_applicable_archetype_tag,fuel_volume,fiscal_period,550,nonnegative,not_applicable
transportation_dedicated_parser_support_scope_v1,transportation_parser_support_v1,transportation_operating_archetypes_v1,804eeba846c75abc321df0821fe82a05e7bee9719cecff45798be0c82176ab7c,LSTR,active,surface_freight_and_logistics,Integrated Freight & Logistics,surface_logistics,surface_logistics,0,airline_capacity_units,fuel_efficiency_per_capacity_unit|fuel_cost_per_capacity_unit,air,DP-S,NOT_APPLICABLE,no_applicable_archetype_tag,capacity_units,fiscal_period,550,nonnegative,not_applicable
transportation_dedicated_parser_support_scope_v1,transportation_parser_support_v1,transportation_operating_archetypes_v1,804eeba846c75abc321df0821fe82a05e7bee9719cecff45798be0c82176ab7c,LSTR,active,surface_freight_and_logistics,Integrated Freight & Logistics,surface_logistics,surface_logistics,0,airline_fuel_expense,fuel_cost_per_capacity_unit,air,DP-S,NOT_APPLICABLE,no_applicable_archetype_tag,currency,fiscal_period,550,nonnegative,not_applicable
transportation_dedicated_parser_support_scope_v1,transportation_parser_support_v1,transportation_operating_archetypes_v1,804eeba846c75abc321df0821fe82a05e7bee9719cecff45798be0c82176ab7c,LSTR,active,surface_freight_and_logistics,Integrated Freight & Logistics,surface_logistics,surface_logistics,0,airport_aeronautical_revenue,aeronautical_revenue_per_passenger,air,DP-S,NOT_APPLICABLE,no_applicable_archetype_tag,currency,fiscal_period,550,nonnegative,not_applicable
transportation_dedicated_parser_support_scope_v1,transportation_parser_support_v1,transportation_operating_archetypes_v1,804eeba846c75abc321df0821fe82a05e7bee9719cecff45798be0c82176ab7c,LSTR,active,surface_freight_and_logistics,Integrated Freight & Logistics,surface_logistics,surface_logistics,0,airport_non_aeronautical_revenue,non_aeronautical_revenue_per_passenger,air,DP-S,NOT_APPLICABLE,no_applicable_archetype_tag,currency,fiscal_period,550,nonnegative,not_applicable
transportation_dedicated_parser_support_scope_v1,transportation_parser_support_v1,transportation_operating_archetypes_v1,804eeba846c75abc321df0821fe82a05e7bee9719cecff45798be0c82176ab7c,LSTR,active,surface_freight_and_logistics,Integrated Freight & Logistics,surface_logistics,surface_logistics,0,airport_passenger_throughput,aeronautical_revenue_per_passenger|non_aeronautical_revenue_per_passenger,air,DP-S,NOT_APPLICABLE,no_applicable_archetype_tag,count,fiscal_period,550,nonnegative_integer,not_applicable
transportation_dedicated_parser_support_scope_v1,transportation_parser_support_v1,transportation_operating_archetypes_v1,804eeba846c75abc321df0821fe82a05e7bee9719cecff45798be0c82176ab7c,LSTR,active,surface_freight_and_logistics,Integrated Freight & Logistics,surface_logistics,surface_logistics,0,milestone_target_date,milestone_slippage_days,development,DP-S,NOT_APPLICABLE,no_applicable_archetype_tag,iso_date,milestone,1100,date,not_applicable
transportation_dedicated_parser_support_scope_v1,transportation_parser_support_v1,transportation_operating_archetypes_v1,804eeba846c75abc321df0821fe82a05e7bee9719cecff45798be0c82176ab7c,LTM,active,air_transport_and_aviation_services,Airlines,passenger_airline,passenger_airline,0,airline_fuel_consumed,fuel_efficiency_per_capacity_unit,air,DP-S,APPLICABLE,tag_match:passenger_airline,fuel_volume,fiscal_period,550,nonnegative,coverage_pending
transportation_dedicated_parser_support_scope_v1,transportation_parser_support_v1,transportation_operating_archetypes_v1,804eeba846c75abc321df0821fe82a05e7bee9719cecff45798be0c82176ab7c,LTM,active,air_transport_and_aviation_services,Airlines,passenger_airline,passenger_airline,0,airline_capacity_units,fuel_efficiency_per_capacity_unit|fuel_cost_per_capacity_unit,air,DP-S,APPLICABLE,tag_match:passenger_airline,capacity_units,fiscal_period,550,nonnegative,coverage_pending
transportation_dedicated_parser_support_scope_v1,transportation_parser_support_v1,transportation_operating_archetypes_v1,804eeba846c75abc321df0821fe82a05e7bee9719cecff45798be0c82176ab7c,LTM,active,air_transport_and_aviation_services,Airlines,passenger_airline,passenger_airline,0,airline_fuel_expense,fuel_cost_per_capacity_unit,air,DP-S,APPLICABLE,tag_match:passenger_airline,currency,fiscal_period,550,nonnegative,coverage_pending
transportation_dedicated_parser_support_scope_v1,transportation_parser_support_v1,transportation_operating_archetypes_v1,804eeba846c75abc321df0821fe82a05e7bee9719cecff45798be0c82176ab7c,LTM,active,air_transport_and_aviation_services,Airlines,passenger_airline,passenger_airline,0,airport_aeronautical_revenue,aeronautical_revenue_per_passenger,air,DP-S,NOT_APPLICABLE,no_applicable_archetype_tag,currency,fiscal_period,550,nonnegative,not_applicable
transportation_dedicated_parser_support_scope_v1,transportation_parser_support_v1,transportation_operating_archetypes_v1,804eeba846c75abc321df0821fe82a05e7bee9719cecff45798be0c82176ab7c,LTM,active,air_transport_and_aviation_services,Airlines,passenger_airline,passenger_airline,0,airport_non_aeronautical_revenue,non_aeronautical_revenue_per_passenger,air,DP-S,NOT_APPLICABLE,no_applicable_archetype_tag,currency,fiscal_period,550,nonnegative,not_applicable
transportation_dedicated_parser_support_scope_v1,transportation_parser_support_v1,transportation_operating_archetypes_v1,804eeba846c75abc321df0821fe82a05e7bee9719cecff45798be0c82176ab7c,LTM,active,air_transport_and_aviation_services,Airlines,passenger_airline,passenger_airline,0,airport_passenger_throughput,aeronautical_revenue_per_passenger|non_aeronautical_revenue_per_passenger,air,DP-S,NOT_APPLICABLE,no_applicable_archetype_tag,count,fiscal_period,550,nonnegative_integer,not_applicable
transportation_dedicated_parser_support_scope_v1,transportation_parser_support_v1,transportation_operating_archetypes_v1,804eeba846c75abc321df0821fe82a05e7bee9719cecff45798be0c82176ab7c,LTM,active,air_transport_and_aviation_services,Airlines,passenger_airline,passenger_airline,0,milestone_target_date,milestone_slippage_days,development,DP-S,NOT_APPLICABLE,no_applicable_archetype_tag,iso_date,milestone,1100,date,not_applicable
transportation_dedicated_parser_support_scope_v1,transportation_parser_support_v1,transportation_operating_archetypes_v1,804eeba846c75abc321df0821fe82a05e7bee9719cecff45798be0c82176ab7c,LUV,active,air_transport_and_aviation_services,Airlines,passenger_airline,passenger_airline,0,airline_fuel_consumed,fuel_efficiency_per_capacity_unit,air,DP-S,APPLICABLE,tag_match:passenger_airline,fuel_volume,fiscal_period,550,nonnegative,coverage_pending
transportation_dedicated_parser_support_scope_v1,transportation_parser_support_v1,transportation_operating_archetypes_v1,804eeba846c75abc321df0821fe82a05e7bee9719cecff45798be0c82176ab7c,LUV,active,air_transport_and_aviation_services,Airlines,passenger_airline,passenger_airline,0,airline_capacity_units,fuel_efficiency_per_capacity_unit|fuel_cost_per_capacity_unit,air,DP-S,APPLICABLE,tag_match:passenger_airline,capacity_units,fiscal_period,550,nonnegative,coverage_pending
transportation_dedicated_parser_support_scope_v1,transportation_parser_support_v1,transportation_operating_archetypes_v1,804eeba846c75abc321df0821fe82a05e7bee9719cecff45798be0c82176ab7c,LUV,active,air_transport_and_aviation_services,Airlines,passenger_airline,passenger_airline,0,airline_fuel_expense,fuel_cost_per_capacity_unit,air,DP-S,APPLICABLE,tag_match:passenger_airline,currency,fiscal_period,550,nonnegative,coverage_pending
transportation_dedicated_parser_support_scope_v1,transportation_parser_support_v1,transportation_operating_archetypes_v1,804eeba846c75abc321df0821fe82a05e7bee9719cecff45798be0c82176ab7c,LUV,active,air_transport_and_aviation_services,Airlines,passenger_airline,passenger_airline,0,airport_aeronautical_revenue,aeronautical_revenue_per_passenger,air,DP-S,NOT_APPLICABLE,no_applicable_archetype_tag,currency,fiscal_period,550,nonnegative,not_applicable
transportation_dedicated_parser_support_scope_v1,transportation_parser_support_v1,transportation_operating_archetypes_v1,804eeba846c75abc321df0821fe82a05e7bee9719cecff45798be0c82176ab7c,LUV,active,air_transport_and_aviation_services,Airlines,passenger_airline,passenger_airline,0,airport_non_aeronautical_revenue,non_aeronautical_revenue_per_passenger,air,DP-S,NOT_APPLICABLE,no_applicable_archetype_tag,currency,fiscal_period,550,nonnegative,not_applicable
transportation_dedicated_parser_support_scope_v1,transportation_parser_support_v1,transportation_operating_archetypes_v1,804eeba846c75abc321df0821fe82a05e7bee9719cecff45798be0c82176ab7c,LUV,active,air_transport_and_aviation_services,Airlines,passenger_airline,passenger_airline,0,airport_passenger_throughput,aeronautical_revenue_per_passenger|non_aeronautical_revenue_per_passenger,air,DP-S,NOT_APPLICABLE,no_applicable_archetype_tag,count,fiscal_period,550,nonnegative_integer,not_applicable
transportation_dedicated_parser_support_scope_v1,transportation_parser_support_v1,transportation_operating_archetypes_v1,804eeba846c75abc321df0821fe82a05e7bee9719cecff45798be0c82176ab7c,LUV,active,air_transport_and_aviation_services,Airlines,passenger_airline,passenger_airline,0,milestone_target_date,milestone_slippage_days,development,DP-S,NOT_APPLICABLE,no_applicable_archetype_tag,iso_date,milestone,1100,date,not_applicable
transportation_dedicated_parser_support_scope_v1,transportation_parser_support_v1,transportation_operating_archetypes_v1,804eeba846c75abc321df0821fe82a05e7bee9719cecff45798be0c82176ab7c,MATX,active,marine_shipping_and_maritime,Marine Shipping,marine_operator,marine_operator|surface_logistics,0,airline_fuel_consumed,fuel_efficiency_per_capacity_unit,air,DP-S,NOT_APPLICABLE,no_applicable_archetype_tag,fuel_volume,fiscal_period,550,nonnegative,not_applicable
transportation_dedicated_parser_support_scope_v1,transportation_parser_support_v1,transportation_operating_archetypes_v1,804eeba846c75abc321df0821fe82a05e7bee9719cecff45798be0c82176ab7c,MATX,active,marine_shipping_and_maritime,Marine Shipping,marine_operator,marine_operator|surface_logistics,0,airline_capacity_units,fuel_efficiency_per_capacity_unit|fuel_cost_per_capacity_unit,air,DP-S,NOT_APPLICABLE,no_applicable_archetype_tag,capacity_units,fiscal_period,550,nonnegative,not_applicable
transportation_dedicated_parser_support_scope_v1,transportation_parser_support_v1,transportation_operating_archetypes_v1,804eeba846c75abc321df0821fe82a05e7bee9719cecff45798be0c82176ab7c,MATX,active,marine_shipping_and_maritime,Marine Shipping,marine_operator,marine_operator|surface_logistics,0,airline_fuel_expense,fuel_cost_per_capacity_unit,air,DP-S,NOT_APPLICABLE,no_applicable_archetype_tag,currency,fiscal_period,550,nonnegative,not_applicable
transportation_dedicated_parser_support_scope_v1,transportation_parser_support_v1,transportation_operating_archetypes_v1,804eeba846c75abc321df0821fe82a05e7bee9719cecff45798be0c82176ab7c,MATX,active,marine_shipping_and_maritime,Marine Shipping,marine_operator,marine_operator|surface_logistics,0,airport_aeronautical_revenue,aeronautical_revenue_per_passenger,air,DP-S,NOT_APPLICABLE,no_applicable_archetype_tag,currency,fiscal_period,550,nonnegative,not_applicable
transportation_dedicated_parser_support_scope_v1,transportation_parser_support_v1,transportation_operating_archetypes_v1,804eeba846c75abc321df0821fe82a05e7bee9719cecff45798be0c82176ab7c,MATX,active,marine_shipping_and_maritime,Marine Shipping,marine_operator,marine_operator|surface_logistics,0,airport_non_aeronautical_revenue,non_aeronautical_revenue_per_passenger,air,DP-S,NOT_APPLICABLE,no_applicable_archetype_tag,currency,fiscal_period,550,nonnegative,not_applicable
transportation_dedicated_parser_support_scope_v1,transportation_parser_support_v1,transportation_operating_archetypes_v1,804eeba846c75abc321df0821fe82a05e7bee9719cecff45798be0c82176ab7c,MATX,active,marine_shipping_and_maritime,Marine Shipping,marine_operator,marine_operator|surface_logistics,0,airport_passenger_throughput,aeronautical_revenue_per_passenger|non_aeronautical_revenue_per_passenger,air,DP-S,NOT_APPLICABLE,no_applicable_archetype_tag,count,fiscal_period,550,nonnegative_integer,not_applicable
transportation_dedicated_parser_support_scope_v1,transportation_parser_support_v1,transportation_operating_archetypes_v1,804eeba846c75abc321df0821fe82a05e7bee9719cecff45798be0c82176ab7c,MATX,active,marine_shipping_and_maritime,Marine Shipping,marine_operator,marine_operator|surface_logistics,0,milestone_target_date,milestone_slippage_days,development,DP-S,NOT_APPLICABLE,no_applicable_archetype_tag,iso_date,milestone,1100,date,not_applicable
transportation_dedicated_parser_support_scope_v1,transportation_parser_support_v1,transportation_operating_archetypes_v1,804eeba846c75abc321df0821fe82a05e7bee9719cecff45798be0c82176ab7c,MRTN,active,surface_freight_and_logistics,Trucking,surface_trucking,surface_trucking,0,airline_fuel_consumed,fuel_efficiency_per_capacity_unit,air,DP-S,NOT_APPLICABLE,no_applicable_archetype_tag,fuel_volume,fiscal_period,550,nonnegative,not_applicable
transportation_dedicated_parser_support_scope_v1,transportation_parser_support_v1,transportation_operating_archetypes_v1,804eeba846c75abc321df0821fe82a05e7bee9719cecff45798be0c82176ab7c,MRTN,active,surface_freight_and_logistics,Trucking,surface_trucking,surface_trucking,0,airline_capacity_units,fuel_efficiency_per_capacity_unit|fuel_cost_per_capacity_unit,air,DP-S,NOT_APPLICABLE,no_applicable_archetype_tag,capacity_units,fiscal_period,550,nonnegative,not_applicable
transportation_dedicated_parser_support_scope_v1,transportation_parser_support_v1,transportation_operating_archetypes_v1,804eeba846c75abc321df0821fe82a05e7bee9719cecff45798be0c82176ab7c,MRTN,active,surface_freight_and_logistics,Trucking,surface_trucking,surface_trucking,0,airline_fuel_expense,fuel_cost_per_capacity_unit,air,DP-S,NOT_APPLICABLE,no_applicable_archetype_tag,currency,fiscal_period,550,nonnegative,not_applicable
transportation_dedicated_parser_support_scope_v1,transportation_parser_support_v1,transportation_operating_archetypes_v1,804eeba846c75abc321df0821fe82a05e7bee9719cecff45798be0c82176ab7c,MRTN,active,surface_freight_and_logistics,Trucking,surface_trucking,surface_trucking,0,airport_aeronautical_revenue,aeronautical_revenue_per_passenger,air,DP-S,NOT_APPLICABLE,no_applicable_archetype_tag,currency,fiscal_period,550,nonnegative,not_applicable
transportation_dedicated_parser_support_scope_v1,transportation_parser_support_v1,transportation_operating_archetypes_v1,804eeba846c75abc321df0821fe82a05e7bee9719cecff45798be0c82176ab7c,MRTN,active,surface_freight_and_logistics,Trucking,surface_trucking,surface_trucking,0,airport_non_aeronautical_revenue,non_aeronautical_revenue_per_passenger,air,DP-S,NOT_APPLICABLE,no_applicable_archetype_tag,currency,fiscal_period,550,nonnegative,not_applicable
transportation_dedicated_parser_support_scope_v1,transportation_parser_support_v1,transportation_operating_archetypes_v1,804eeba846c75abc321df0821fe82a05e7bee9719cecff45798be0c82176ab7c,MRTN,active,surface_freight_and_logistics,Trucking,surface_trucking,surface_trucking,0,airport_passenger_throughput,aeronautical_revenue_per_passenger|non_aeronautical_revenue_per_passenger,air,DP-S,NOT_APPLICABLE,no_applicable_archetype_tag,count,fiscal_period,550,nonnegative_integer,not_applicable
transportation_dedicated_parser_support_scope_v1,transportation_parser_support_v1,transportation_operating_archetypes_v1,804eeba846c75abc321df0821fe82a05e7bee9719cecff45798be0c82176ab7c,MRTN,active,surface_freight_and_logistics,Trucking,surface_trucking,surface_trucking,0,milestone_target_date,milestone_slippage_days,development,DP-S,NOT_APPLICABLE,no_applicable_archetype_tag,iso_date,milestone,1100,date,not_applicable
transportation_dedicated_parser_support_scope_v1,transportation_parser_support_v1,transportation_operating_archetypes_v1,804eeba846c75abc321df0821fe82a05e7bee9719cecff45798be0c82176ab7c,NCEW,active,development_stage_and_speculative_transport,Integrated Freight & Logistics,surface_logistics,development_all|surface_logistics,1,airline_fuel_consumed,fuel_efficiency_per_capacity_unit,air,DP-S,NOT_APPLICABLE,no_applicable_archetype_tag,fuel_volume,fiscal_period,550,nonnegative,not_applicable
transportation_dedicated_parser_support_scope_v1,transportation_parser_support_v1,transportation_operating_archetypes_v1,804eeba846c75abc321df0821fe82a05e7bee9719cecff45798be0c82176ab7c,NCEW,active,development_stage_and_speculative_transport,Integrated Freight & Logistics,surface_logistics,development_all|surface_logistics,1,airline_capacity_units,fuel_efficiency_per_capacity_unit|fuel_cost_per_capacity_unit,air,DP-S,NOT_APPLICABLE,no_applicable_archetype_tag,capacity_units,fiscal_period,550,nonnegative,not_applicable
transportation_dedicated_parser_support_scope_v1,transportation_parser_support_v1,transportation_operating_archetypes_v1,804eeba846c75abc321df0821fe82a05e7bee9719cecff45798be0c82176ab7c,NCEW,active,development_stage_and_speculative_transport,Integrated Freight & Logistics,surface_logistics,development_all|surface_logistics,1,airline_fuel_expense,fuel_cost_per_capacity_unit,air,DP-S,NOT_APPLICABLE,no_applicable_archetype_tag,currency,fiscal_period,550,nonnegative,not_applicable
transportation_dedicated_parser_support_scope_v1,transportation_parser_support_v1,transportation_operating_archetypes_v1,804eeba846c75abc321df0821fe82a05e7bee9719cecff45798be0c82176ab7c,NCEW,active,development_stage_and_speculative_transport,Integrated Freight & Logistics,surface_logistics,development_all|surface_logistics,1,airport_aeronautical_revenue,aeronautical_revenue_per_passenger,air,DP-S,NOT_APPLICABLE,no_applicable_archetype_tag,currency,fiscal_period,550,nonnegative,not_applicable
transportation_dedicated_parser_support_scope_v1,transportation_parser_support_v1,transportation_operating_archetypes_v1,804eeba846c75abc321df0821fe82a05e7bee9719cecff45798be0c82176ab7c,NCEW,active,development_stage_and_speculative_transport,Integrated Freight & Logistics,surface_logistics,development_all|surface_logistics,1,airport_non_aeronautical_revenue,non_aeronautical_revenue_per_passenger,air,DP-S,NOT_APPLICABLE,no_applicable_archetype_tag,currency,fiscal_period,550,nonnegative,not_applicable
transportation_dedicated_parser_support_scope_v1,transportation_parser_support_v1,transportation_operating_archetypes_v1,804eeba846c75abc321df0821fe82a05e7bee9719cecff45798be0c82176ab7c,NCEW,active,development_stage_and_speculative_transport,Integrated Freight & Logistics,surface_logistics,development_all|surface_logistics,1,airport_passenger_throughput,aeronautical_revenue_per_passenger|non_aeronautical_revenue_per_passenger,air,DP-S,NOT_APPLICABLE,no_applicable_archetype_tag,count,fiscal_period,550,nonnegative_integer,not_applicable
transportation_dedicated_parser_support_scope_v1,transportation_parser_support_v1,transportation_operating_archetypes_v1,804eeba846c75abc321df0821fe82a05e7bee9719cecff45798be0c82176ab7c,NCEW,active,development_stage_and_speculative_transport,Integrated Freight & Logistics,surface_logistics,development_all|surface_logistics,1,milestone_target_date,milestone_slippage_days,development,DP-S,NOT_APPLICABLE,no_applicable_archetype_tag,iso_date,milestone,1100,date,not_applicable
transportation_dedicated_parser_support_scope_v1,transportation_parser_support_v1,transportation_operating_archetypes_v1,804eeba846c75abc321df0821fe82a05e7bee9719cecff45798be0c82176ab7c,NCT,active,development_stage_and_speculative_transport,Marine Shipping,marine_operator,development_all|marine_operator,1,airline_fuel_consumed,fuel_efficiency_per_capacity_unit,air,DP-S,NOT_APPLICABLE,no_applicable_archetype_tag,fuel_volume,fiscal_period,550,nonnegative,not_applicable
transportation_dedicated_parser_support_scope_v1,transportation_parser_support_v1,transportation_operating_archetypes_v1,804eeba846c75abc321df0821fe82a05e7bee9719cecff45798be0c82176ab7c,NCT,active,development_stage_and_speculative_transport,Marine Shipping,marine_operator,development_all|marine_operator,1,airline_capacity_units,fuel_efficiency_per_capacity_unit|fuel_cost_per_capacity_unit,air,DP-S,NOT_APPLICABLE,no_applicable_archetype_tag,capacity_units,fiscal_period,550,nonnegative,not_applicable
transportation_dedicated_parser_support_scope_v1,transportation_parser_support_v1,transportation_operating_archetypes_v1,804eeba846c75abc321df0821fe82a05e7bee9719cecff45798be0c82176ab7c,NCT,active,development_stage_and_speculative_transport,Marine Shipping,marine_operator,development_all|marine_operator,1,airline_fuel_expense,fuel_cost_per_capacity_unit,air,DP-S,NOT_APPLICABLE,no_applicable_archetype_tag,currency,fiscal_period,550,nonnegative,not_applicable
transportation_dedicated_parser_support_scope_v1,transportation_parser_support_v1,transportation_operating_archetypes_v1,804eeba846c75abc321df0821fe82a05e7bee9719cecff45798be0c82176ab7c,NCT,active,development_stage_and_speculative_transport,Marine Shipping,marine_operator,development_all|marine_operator,1,airport_aeronautical_revenue,aeronautical_revenue_per_passenger,air,DP-S,NOT_APPLICABLE,no_applicable_archetype_tag,currency,fiscal_period,550,nonnegative,not_applicable
transportation_dedicated_parser_support_scope_v1,transportation_parser_support_v1,transportation_operating_archetypes_v1,804eeba846c75abc321df0821fe82a05e7bee9719cecff45798be0c82176ab7c,NCT,active,development_stage_and_speculative_transport,Marine Shipping,marine_operator,development_all|marine_operator,1,airport_non_aeronautical_revenue,non_aeronautical_revenue_per_passenger,air,DP-S,NOT_APPLICABLE,no_applicable_archetype_tag,currency,fiscal_period,550,nonnegative,not_applicable
transportation_dedicated_parser_support_scope_v1,transportation_parser_support_v1,transportation_operating_archetypes_v1,804eeba846c75abc321df0821fe82a05e7bee9719cecff45798be0c82176ab7c,NCT,active,development_stage_and_speculative_transport,Marine Shipping,marine_operator,development_all|marine_operator,1,airport_passenger_throughput,aeronautical_revenue_per_passenger|non_aeronautical_revenue_per_passenger,air,DP-S,NOT_APPLICABLE,no_applicable_archetype_tag,count,fiscal_period,550,nonnegative_integer,not_applicable
transportation_dedicated_parser_support_scope_v1,transportation_parser_support_v1,transportation_operating_archetypes_v1,804eeba846c75abc321df0821fe82a05e7bee9719cecff45798be0c82176ab7c,NCT,active,development_stage_and_speculative_transport,Marine Shipping,marine_operator,development_all|marine_operator,1,milestone_target_date,milestone_slippage_days,development,DP-S,NOT_APPLICABLE,no_applicable_archetype_tag,iso_date,milestone,1100,date,not_applicable
transportation_dedicated_parser_support_scope_v1,transportation_parser_support_v1,transportation_operating_archetypes_v1,804eeba846c75abc321df0821fe82a05e7bee9719cecff45798be0c82176ab7c,NM,delisted_usable,marine_shipping_and_maritime,Marine Shipping,marine_operator,marine_operator,0,airline_fuel_consumed,fuel_efficiency_per_capacity_unit,air,DP-S,NOT_APPLICABLE,no_applicable_archetype_tag,fuel_volume,fiscal_period,550,nonnegative,not_applicable
transportation_dedicated_parser_support_scope_v1,transportation_parser_support_v1,transportation_operating_archetypes_v1,804eeba846c75abc321df0821fe82a05e7bee9719cecff45798be0c82176ab7c,NM,delisted_usable,marine_shipping_and_maritime,Marine Shipping,marine_operator,marine_operator,0,airline_capacity_units,fuel_efficiency_per_capacity_unit|fuel_cost_per_capacity_unit,air,DP-S,NOT_APPLICABLE,no_applicable_archetype_tag,capacity_units,fiscal_period,550,nonnegative,not_applicable
transportation_dedicated_parser_support_scope_v1,transportation_parser_support_v1,transportation_operating_archetypes_v1,804eeba846c75abc321df0821fe82a05e7bee9719cecff45798be0c82176ab7c,NM,delisted_usable,marine_shipping_and_maritime,Marine Shipping,marine_operator,marine_operator,0,airline_fuel_expense,fuel_cost_per_capacity_unit,air,DP-S,NOT_APPLICABLE,no_applicable_archetype_tag,currency,fiscal_period,550,nonnegative,not_applicable
transportation_dedicated_parser_support_scope_v1,transportation_parser_support_v1,transportation_operating_archetypes_v1,804eeba846c75abc321df0821fe82a05e7bee9719cecff45798be0c82176ab7c,NM,delisted_usable,marine_shipping_and_maritime,Marine Shipping,marine_operator,marine_operator,0,airport_aeronautical_revenue,aeronautical_revenue_per_passenger,air,DP-S,NOT_APPLICABLE,no_applicable_archetype_tag,currency,fiscal_period,550,nonnegative,not_applicable
transportation_dedicated_parser_support_scope_v1,transportation_parser_support_v1,transportation_operating_archetypes_v1,804eeba846c75abc321df0821fe82a05e7bee9719cecff45798be0c82176ab7c,NM,delisted_usable,marine_shipping_and_maritime,Marine Shipping,marine_operator,marine_operator,0,airport_non_aeronautical_revenue,non_aeronautical_revenue_per_passenger,air,DP-S,NOT_APPLICABLE,no_applicable_archetype_tag,currency,fiscal_period,550,nonnegative,not_applicable
transportation_dedicated_parser_support_scope_v1,transportation_parser_support_v1,transportation_operating_archetypes_v1,804eeba846c75abc321df0821fe82a05e7bee9719cecff45798be0c82176ab7c,NM,delisted_usable,marine_shipping_and_maritime,Marine Shipping,marine_operator,marine_operator,0,airport_passenger_throughput,aeronautical_revenue_per_passenger|non_aeronautical_revenue_per_passenger,air,DP-S,NOT_APPLICABLE,no_applicable_archetype_tag,count,fiscal_period,550,nonnegative_integer,not_applicable
transportation_dedicated_parser_support_scope_v1,transportation_parser_support_v1,transportation_operating_archetypes_v1,804eeba846c75abc321df0821fe82a05e7bee9719cecff45798be0c82176ab7c,NM,delisted_usable,marine_shipping_and_maritime,Marine Shipping,marine_operator,marine_operator,0,milestone_target_date,milestone_slippage_days,development,DP-S,NOT_APPLICABLE,no_applicable_archetype_tag,iso_date,milestone,1100,date,not_applicable
transportation_dedicated_parser_support_scope_v1,transportation_parser_support_v1,transportation_operating_archetypes_v1,804eeba846c75abc321df0821fe82a05e7bee9719cecff45798be0c82176ab7c,NNA,delisted_usable,marine_shipping_and_maritime,Marine Shipping,marine_operator,marine_operator,0,airline_fuel_consumed,fuel_efficiency_per_capacity_unit,air,DP-S,NOT_APPLICABLE,no_applicable_archetype_tag,fuel_volume,fiscal_period,550,nonnegative,not_applicable
transportation_dedicated_parser_support_scope_v1,transportation_parser_support_v1,transportation_operating_archetypes_v1,804eeba846c75abc321df0821fe82a05e7bee9719cecff45798be0c82176ab7c,NNA,delisted_usable,marine_shipping_and_maritime,Marine Shipping,marine_operator,marine_operator,0,airline_capacity_units,fuel_efficiency_per_capacity_unit|fuel_cost_per_capacity_unit,air,DP-S,NOT_APPLICABLE,no_applicable_archetype_tag,capacity_units,fiscal_period,550,nonnegative,not_applicable
transportation_dedicated_parser_support_scope_v1,transportation_parser_support_v1,transportation_operating_archetypes_v1,804eeba846c75abc321df0821fe82a05e7bee9719cecff45798be0c82176ab7c,NNA,delisted_usable,marine_shipping_and_maritime,Marine Shipping,marine_operator,marine_operator,0,airline_fuel_expense,fuel_cost_per_capacity_unit,air,DP-S,NOT_APPLICABLE,no_applicable_archetype_tag,currency,fiscal_period,550,nonnegative,not_applicable
transportation_dedicated_parser_support_scope_v1,transportation_parser_support_v1,transportation_operating_archetypes_v1,804eeba846c75abc321df0821fe82a05e7bee9719cecff45798be0c82176ab7c,NNA,delisted_usable,marine_shipping_and_maritime,Marine Shipping,marine_operator,marine_operator,0,airport_aeronautical_revenue,aeronautical_revenue_per_passenger,air,DP-S,NOT_APPLICABLE,no_applicable_archetype_tag,currency,fiscal_period,550,nonnegative,not_applicable
transportation_dedicated_parser_support_scope_v1,transportation_parser_support_v1,transportation_operating_archetypes_v1,804eeba846c75abc321df0821fe82a05e7bee9719cecff45798be0c82176ab7c,NNA,delisted_usable,marine_shipping_and_maritime,Marine Shipping,marine_operator,marine_operator,0,airport_non_aeronautical_revenue,non_aeronautical_revenue_per_passenger,air,DP-S,NOT_APPLICABLE,no_applicable_archetype_tag,currency,fiscal_period,550,nonnegative,not_applicable
transportation_dedicated_parser_support_scope_v1,transportation_parser_support_v1,transportation_operating_archetypes_v1,804eeba846c75abc321df0821fe82a05e7bee9719cecff45798be0c82176ab7c,NNA,delisted_usable,marine_shipping_and_maritime,Marine Shipping,marine_operator,marine_operator,0,airport_passenger_throughput,aeronautical_revenue_per_passenger|non_aeronautical_revenue_per_passenger,air,DP-S,NOT_APPLICABLE,no_applicable_archetype_tag,count,fiscal_period,550,nonnegative_integer,not_applicable
transportation_dedicated_parser_support_scope_v1,transportation_parser_support_v1,transportation_operating_archetypes_v1,804eeba846c75abc321df0821fe82a05e7bee9719cecff45798be0c82176ab7c,NNA,delisted_usable,marine_shipping_and_maritime,Marine Shipping,marine_operator,marine_operator,0,milestone_target_date,milestone_slippage_days,development,DP-S,NOT_APPLICABLE,no_applicable_archetype_tag,iso_date,milestone,1100,date,not_applicable
transportation_dedicated_parser_support_scope_v1,transportation_parser_support_v1,transportation_operating_archetypes_v1,804eeba846c75abc321df0821fe82a05e7bee9719cecff45798be0c82176ab7c,NSC,active,surface_freight_and_logistics,Railroads,surface_rail_operator,surface_rail_operator,0,airline_fuel_consumed,fuel_efficiency_per_capacity_unit,air,DP-S,NOT_APPLICABLE,no_applicable_archetype_tag,fuel_volume,fiscal_period,550,nonnegative,not_applicable
transportation_dedicated_parser_support_scope_v1,transportation_parser_support_v1,transportation_operating_archetypes_v1,804eeba846c75abc321df0821fe82a05e7bee9719cecff45798be0c82176ab7c,NSC,active,surface_freight_and_logistics,Railroads,surface_rail_operator,surface_rail_operator,0,airline_capacity_units,fuel_efficiency_per_capacity_unit|fuel_cost_per_capacity_unit,air,DP-S,NOT_APPLICABLE,no_applicable_archetype_tag,capacity_units,fiscal_period,550,nonnegative,not_applicable
transportation_dedicated_parser_support_scope_v1,transportation_parser_support_v1,transportation_operating_archetypes_v1,804eeba846c75abc321df0821fe82a05e7bee9719cecff45798be0c82176ab7c,NSC,active,surface_freight_and_logistics,Railroads,surface_rail_operator,surface_rail_operator,0,airline_fuel_expense,fuel_cost_per_capacity_unit,air,DP-S,NOT_APPLICABLE,no_applicable_archetype_tag,currency,fiscal_period,550,nonnegative,not_applicable
transportation_dedicated_parser_support_scope_v1,transportation_parser_support_v1,transportation_operating_archetypes_v1,804eeba846c75abc321df0821fe82a05e7bee9719cecff45798be0c82176ab7c,NSC,active,surface_freight_and_logistics,Railroads,surface_rail_operator,surface_rail_operator,0,airport_aeronautical_revenue,aeronautical_revenue_per_passenger,air,DP-S,NOT_APPLICABLE,no_applicable_archetype_tag,currency,fiscal_period,550,nonnegative,not_applicable
transportation_dedicated_parser_support_scope_v1,transportation_parser_support_v1,transportation_operating_archetypes_v1,804eeba846c75abc321df0821fe82a05e7bee9719cecff45798be0c82176ab7c,NSC,active,surface_freight_and_logistics,Railroads,surface_rail_operator,surface_rail_operator,0,airport_non_aeronautical_revenue,non_aeronautical_revenue_per_passenger,air,DP-S,NOT_APPLICABLE,no_applicable_archetype_tag,currency,fiscal_period,550,nonnegative,not_applicable
transportation_dedicated_parser_support_scope_v1,transportation_parser_support_v1,transportation_operating_archetypes_v1,804eeba846c75abc321df0821fe82a05e7bee9719cecff45798be0c82176ab7c,NSC,active,surface_freight_and_logistics,Railroads,surface_rail_operator,surface_rail_operator,0,airport_passenger_throughput,aeronautical_revenue_per_passenger|non_aeronautical_revenue_per_passenger,air,DP-S,NOT_APPLICABLE,no_applicable_archetype_tag,count,fiscal_period,550,nonnegative_integer,not_applicable
transportation_dedicated_parser_support_scope_v1,transportation_parser_support_v1,transportation_operating_archetypes_v1,804eeba846c75abc321df0821fe82a05e7bee9719cecff45798be0c82176ab7c,NSC,active,surface_freight_and_logistics,Railroads,surface_rail_operator,surface_rail_operator,0,milestone_target_date,milestone_slippage_days,development,DP-S,NOT_APPLICABLE,no_applicable_archetype_tag,iso_date,milestone,1100,date,not_applicable
transportation_dedicated_parser_support_scope_v1,transportation_parser_support_v1,transportation_operating_archetypes_v1,804eeba846c75abc321df0821fe82a05e7bee9719cecff45798be0c82176ab7c,NWA,delisted_usable,air_transport_and_aviation_services,Airlines,passenger_airline,passenger_airline,0,airline_fuel_consumed,fuel_efficiency_per_capacity_unit,air,DP-S,APPLICABLE,tag_match:passenger_airline,fuel_volume,fiscal_period,550,nonnegative,coverage_pending
transportation_dedicated_parser_support_scope_v1,transportation_parser_support_v1,transportation_operating_archetypes_v1,804eeba846c75abc321df0821fe82a05e7bee9719cecff45798be0c82176ab7c,NWA,delisted_usable,air_transport_and_aviation_services,Airlines,passenger_airline,passenger_airline,0,airline_capacity_units,fuel_efficiency_per_capacity_unit|fuel_cost_per_capacity_unit,air,DP-S,APPLICABLE,tag_match:passenger_airline,capacity_units,fiscal_period,550,nonnegative,coverage_pending
transportation_dedicated_parser_support_scope_v1,transportation_parser_support_v1,transportation_operating_archetypes_v1,804eeba846c75abc321df0821fe82a05e7bee9719cecff45798be0c82176ab7c,NWA,delisted_usable,air_transport_and_aviation_services,Airlines,passenger_airline,passenger_airline,0,airline_fuel_expense,fuel_cost_per_capacity_unit,air,DP-S,APPLICABLE,tag_match:passenger_airline,currency,fiscal_period,550,nonnegative,coverage_pending
transportation_dedicated_parser_support_scope_v1,transportation_parser_support_v1,transportation_operating_archetypes_v1,804eeba846c75abc321df0821fe82a05e7bee9719cecff45798be0c82176ab7c,NWA,delisted_usable,air_transport_and_aviation_services,Airlines,passenger_airline,passenger_airline,0,airport_aeronautical_revenue,aeronautical_revenue_per_passenger,air,DP-S,NOT_APPLICABLE,no_applicable_archetype_tag,currency,fiscal_period,550,nonnegative,not_applicable
transportation_dedicated_parser_support_scope_v1,transportation_parser_support_v1,transportation_operating_archetypes_v1,804eeba846c75abc321df0821fe82a05e7bee9719cecff45798be0c82176ab7c,NWA,delisted_usable,air_transport_and_aviation_services,Airlines,passenger_airline,passenger_airline,0,airport_non_aeronautical_revenue,non_aeronautical_revenue_per_passenger,air,DP-S,NOT_APPLICABLE,no_applicable_archetype_tag,currency,fiscal_period,550,nonnegative,not_applicable
transportation_dedicated_parser_support_scope_v1,transportation_parser_support_v1,transportation_operating_archetypes_v1,804eeba846c75abc321df0821fe82a05e7bee9719cecff45798be0c82176ab7c,NWA,delisted_usable,air_transport_and_aviation_services,Airlines,passenger_airline,passenger_airline,0,airport_passenger_throughput,aeronautical_revenue_per_passenger|non_aeronautical_revenue_per_passenger,air,DP-S,NOT_APPLICABLE,no_applicable_archetype_tag,count,fiscal_period,550,nonnegative_integer,not_applicable
transportation_dedicated_parser_support_scope_v1,transportation_parser_support_v1,transportation_operating_archetypes_v1,804eeba846c75abc321df0821fe82a05e7bee9719cecff45798be0c82176ab7c,NWA,delisted_usable,air_transport_and_aviation_services,Airlines,passenger_airline,passenger_airline,0,milestone_target_date,milestone_slippage_days,development,DP-S,NOT_APPLICABLE,no_applicable_archetype_tag,iso_date,milestone,1100,date,not_applicable
transportation_dedicated_parser_support_scope_v1,transportation_parser_support_v1,transportation_operating_archetypes_v1,804eeba846c75abc321df0821fe82a05e7bee9719cecff45798be0c82176ab7c,ODFL,active,surface_freight_and_logistics,Trucking,surface_trucking,surface_trucking,0,airline_fuel_consumed,fuel_efficiency_per_capacity_unit,air,DP-S,NOT_APPLICABLE,no_applicable_archetype_tag,fuel_volume,fiscal_period,550,nonnegative,not_applicable
transportation_dedicated_parser_support_scope_v1,transportation_parser_support_v1,transportation_operating_archetypes_v1,804eeba846c75abc321df0821fe82a05e7bee9719cecff45798be0c82176ab7c,ODFL,active,surface_freight_and_logistics,Trucking,surface_trucking,surface_trucking,0,airline_capacity_units,fuel_efficiency_per_capacity_unit|fuel_cost_per_capacity_unit,air,DP-S,NOT_APPLICABLE,no_applicable_archetype_tag,capacity_units,fiscal_period,550,nonnegative,not_applicable
transportation_dedicated_parser_support_scope_v1,transportation_parser_support_v1,transportation_operating_archetypes_v1,804eeba846c75abc321df0821fe82a05e7bee9719cecff45798be0c82176ab7c,ODFL,active,surface_freight_and_logistics,Trucking,surface_trucking,surface_trucking,0,airline_fuel_expense,fuel_cost_per_capacity_unit,air,DP-S,NOT_APPLICABLE,no_applicable_archetype_tag,currency,fiscal_period,550,nonnegative,not_applicable
transportation_dedicated_parser_support_scope_v1,transportation_parser_support_v1,transportation_operating_archetypes_v1,804eeba846c75abc321df0821fe82a05e7bee9719cecff45798be0c82176ab7c,ODFL,active,surface_freight_and_logistics,Trucking,surface_trucking,surface_trucking,0,airport_aeronautical_revenue,aeronautical_revenue_per_passenger,air,DP-S,NOT_APPLICABLE,no_applicable_archetype_tag,currency,fiscal_period,550,nonnegative,not_applicable
transportation_dedicated_parser_support_scope_v1,transportation_parser_support_v1,transportation_operating_archetypes_v1,804eeba846c75abc321df0821fe82a05e7bee9719cecff45798be0c82176ab7c,ODFL,active,surface_freight_and_logistics,Trucking,surface_trucking,surface_trucking,0,airport_non_aeronautical_revenue,non_aeronautical_revenue_per_passenger,air,DP-S,NOT_APPLICABLE,no_applicable_archetype_tag,currency,fiscal_period,550,nonnegative,not_applicable
transportation_dedicated_parser_support_scope_v1,transportation_parser_support_v1,transportation_operating_archetypes_v1,804eeba846c75abc321df0821fe82a05e7bee9719cecff45798be0c82176ab7c,ODFL,active,surface_freight_and_logistics,Trucking,surface_trucking,surface_trucking,0,airport_passenger_throughput,aeronautical_revenue_per_passenger|non_aeronautical_revenue_per_passenger,air,DP-S,NOT_APPLICABLE,no_applicable_archetype_tag,count,fiscal_period,550,nonnegative_integer,not_applicable
transportation_dedicated_parser_support_scope_v1,transportation_parser_support_v1,transportation_operating_archetypes_v1,804eeba846c75abc321df0821fe82a05e7bee9719cecff45798be0c82176ab7c,ODFL,active,surface_freight_and_logistics,Trucking,surface_trucking,surface_trucking,0,milestone_target_date,milestone_slippage_days,development,DP-S,NOT_APPLICABLE,no_applicable_archetype_tag,iso_date,milestone,1100,date,not_applicable
transportation_dedicated_parser_support_scope_v1,transportation_parser_support_v1,transportation_operating_archetypes_v1,804eeba846c75abc321df0821fe82a05e7bee9719cecff45798be0c82176ab7c,OMAB,active,air_transport_and_aviation_services,Airports & Air Services,airport_operator,airport_operator,0,airline_fuel_consumed,fuel_efficiency_per_capacity_unit,air,DP-S,NOT_APPLICABLE,no_applicable_archetype_tag,fuel_volume,fiscal_period,550,nonnegative,not_applicable
transportation_dedicated_parser_support_scope_v1,transportation_parser_support_v1,transportation_operating_archetypes_v1,804eeba846c75abc321df0821fe82a05e7bee9719cecff45798be0c82176ab7c,OMAB,active,air_transport_and_aviation_services,Airports & Air Services,airport_operator,airport_operator,0,airline_capacity_units,fuel_efficiency_per_capacity_unit|fuel_cost_per_capacity_unit,air,DP-S,NOT_APPLICABLE,no_applicable_archetype_tag,capacity_units,fiscal_period,550,nonnegative,not_applicable
transportation_dedicated_parser_support_scope_v1,transportation_parser_support_v1,transportation_operating_archetypes_v1,804eeba846c75abc321df0821fe82a05e7bee9719cecff45798be0c82176ab7c,OMAB,active,air_transport_and_aviation_services,Airports & Air Services,airport_operator,airport_operator,0,airline_fuel_expense,fuel_cost_per_capacity_unit,air,DP-S,NOT_APPLICABLE,no_applicable_archetype_tag,currency,fiscal_period,550,nonnegative,not_applicable
transportation_dedicated_parser_support_scope_v1,transportation_parser_support_v1,transportation_operating_archetypes_v1,804eeba846c75abc321df0821fe82a05e7bee9719cecff45798be0c82176ab7c,OMAB,active,air_transport_and_aviation_services,Airports & Air Services,airport_operator,airport_operator,0,airport_aeronautical_revenue,aeronautical_revenue_per_passenger,air,DP-S,APPLICABLE,tag_match:airport_operator,currency,fiscal_period,550,nonnegative,coverage_pending
transportation_dedicated_parser_support_scope_v1,transportation_parser_support_v1,transportation_operating_archetypes_v1,804eeba846c75abc321df0821fe82a05e7bee9719cecff45798be0c82176ab7c,OMAB,active,air_transport_and_aviation_services,Airports & Air Services,airport_operator,airport_operator,0,airport_non_aeronautical_revenue,non_aeronautical_revenue_per_passenger,air,DP-S,APPLICABLE,tag_match:airport_operator,currency,fiscal_period,550,nonnegative,coverage_pending
transportation_dedicated_parser_support_scope_v1,transportation_parser_support_v1,transportation_operating_archetypes_v1,804eeba846c75abc321df0821fe82a05e7bee9719cecff45798be0c82176ab7c,OMAB,active,air_transport_and_aviation_services,Airports & Air Services,airport_operator,airport_operator,0,airport_passenger_throughput,aeronautical_revenue_per_passenger|non_aeronautical_revenue_per_passenger,air,DP-S,APPLICABLE,tag_match:airport_operator,count,fiscal_period,550,nonnegative_integer,coverage_pending
transportation_dedicated_parser_support_scope_v1,transportation_parser_support_v1,transportation_operating_archetypes_v1,804eeba846c75abc321df0821fe82a05e7bee9719cecff45798be0c82176ab7c,OMAB,active,air_transport_and_aviation_services,Airports & Air Services,airport_operator,airport_operator,0,milestone_target_date,milestone_slippage_days,development,DP-S,NOT_APPLICABLE,no_applicable_archetype_tag,iso_date,milestone,1100,date,not_applicable
transportation_dedicated_parser_support_scope_v1,transportation_parser_support_v1,transportation_operating_archetypes_v1,804eeba846c75abc321df0821fe82a05e7bee9719cecff45798be0c82176ab7c,OSG,delisted_usable,marine_shipping_and_maritime,Marine Shipping,marine_operator,marine_operator,0,airline_fuel_consumed,fuel_efficiency_per_capacity_unit,air,DP-S,NOT_APPLICABLE,no_applicable_archetype_tag,fuel_volume,fiscal_period,550,nonnegative,not_applicable
transportation_dedicated_parser_support_scope_v1,transportation_parser_support_v1,transportation_operating_archetypes_v1,804eeba846c75abc321df0821fe82a05e7bee9719cecff45798be0c82176ab7c,OSG,delisted_usable,marine_shipping_and_maritime,Marine Shipping,marine_operator,marine_operator,0,airline_capacity_units,fuel_efficiency_per_capacity_unit|fuel_cost_per_capacity_unit,air,DP-S,NOT_APPLICABLE,no_applicable_archetype_tag,capacity_units,fiscal_period,550,nonnegative,not_applicable
transportation_dedicated_parser_support_scope_v1,transportation_parser_support_v1,transportation_operating_archetypes_v1,804eeba846c75abc321df0821fe82a05e7bee9719cecff45798be0c82176ab7c,OSG,delisted_usable,marine_shipping_and_maritime,Marine Shipping,marine_operator,marine_operator,0,airline_fuel_expense,fuel_cost_per_capacity_unit,air,DP-S,NOT_APPLICABLE,no_applicable_archetype_tag,currency,fiscal_period,550,nonnegative,not_applicable
transportation_dedicated_parser_support_scope_v1,transportation_parser_support_v1,transportation_operating_archetypes_v1,804eeba846c75abc321df0821fe82a05e7bee9719cecff45798be0c82176ab7c,OSG,delisted_usable,marine_shipping_and_maritime,Marine Shipping,marine_operator,marine_operator,0,airport_aeronautical_revenue,aeronautical_revenue_per_passenger,air,DP-S,NOT_APPLICABLE,no_applicable_archetype_tag,currency,fiscal_period,550,nonnegative,not_applicable
transportation_dedicated_parser_support_scope_v1,transportation_parser_support_v1,transportation_operating_archetypes_v1,804eeba846c75abc321df0821fe82a05e7bee9719cecff45798be0c82176ab7c,OSG,delisted_usable,marine_shipping_and_maritime,Marine Shipping,marine_operator,marine_operator,0,airport_non_aeronautical_revenue,non_aeronautical_revenue_per_passenger,air,DP-S,NOT_APPLICABLE,no_applicable_archetype_tag,currency,fiscal_period,550,nonnegative,not_applicable
transportation_dedicated_parser_support_scope_v1,transportation_parser_support_v1,transportation_operating_archetypes_v1,804eeba846c75abc321df0821fe82a05e7bee9719cecff45798be0c82176ab7c,OSG,delisted_usable,marine_shipping_and_maritime,Marine Shipping,marine_operator,marine_operator,0,airport_passenger_throughput,aeronautical_revenue_per_passenger|non_aeronautical_revenue_per_passenger,air,DP-S,NOT_APPLICABLE,no_applicable_archetype_tag,count,fiscal_period,550,nonnegative_integer,not_applicable
transportation_dedicated_parser_support_scope_v1,transportation_parser_support_v1,transportation_operating_archetypes_v1,804eeba846c75abc321df0821fe82a05e7bee9719cecff45798be0c82176ab7c,OSG,delisted_usable,marine_shipping_and_maritime,Marine Shipping,marine_operator,marine_operator,0,milestone_target_date,milestone_slippage_days,development,DP-S,NOT_APPLICABLE,no_applicable_archetype_tag,iso_date,milestone,1100,date,not_applicable
transportation_dedicated_parser_support_scope_v1,transportation_parser_support_v1,transportation_operating_archetypes_v1,804eeba846c75abc321df0821fe82a05e7bee9719cecff45798be0c82176ab7c,PAC,active,air_transport_and_aviation_services,Airports & Air Services,airport_operator,airport_operator,0,airline_fuel_consumed,fuel_efficiency_per_capacity_unit,air,DP-S,NOT_APPLICABLE,no_applicable_archetype_tag,fuel_volume,fiscal_period,550,nonnegative,not_applicable
transportation_dedicated_parser_support_scope_v1,transportation_parser_support_v1,transportation_operating_archetypes_v1,804eeba846c75abc321df0821fe82a05e7bee9719cecff45798be0c82176ab7c,PAC,active,air_transport_and_aviation_services,Airports & Air Services,airport_operator,airport_operator,0,airline_capacity_units,fuel_efficiency_per_capacity_unit|fuel_cost_per_capacity_unit,air,DP-S,NOT_APPLICABLE,no_applicable_archetype_tag,capacity_units,fiscal_period,550,nonnegative,not_applicable
transportation_dedicated_parser_support_scope_v1,transportation_parser_support_v1,transportation_operating_archetypes_v1,804eeba846c75abc321df0821fe82a05e7bee9719cecff45798be0c82176ab7c,PAC,active,air_transport_and_aviation_services,Airports & Air Services,airport_operator,airport_operator,0,airline_fuel_expense,fuel_cost_per_capacity_unit,air,DP-S,NOT_APPLICABLE,no_applicable_archetype_tag,currency,fiscal_period,550,nonnegative,not_applicable
transportation_dedicated_parser_support_scope_v1,transportation_parser_support_v1,transportation_operating_archetypes_v1,804eeba846c75abc321df0821fe82a05e7bee9719cecff45798be0c82176ab7c,PAC,active,air_transport_and_aviation_services,Airports & Air Services,airport_operator,airport_operator,0,airport_aeronautical_revenue,aeronautical_revenue_per_passenger,air,DP-S,APPLICABLE,tag_match:airport_operator,currency,fiscal_period,550,nonnegative,coverage_pending
transportation_dedicated_parser_support_scope_v1,transportation_parser_support_v1,transportation_operating_archetypes_v1,804eeba846c75abc321df0821fe82a05e7bee9719cecff45798be0c82176ab7c,PAC,active,air_transport_and_aviation_services,Airports & Air Services,airport_operator,airport_operator,0,airport_non_aeronautical_revenue,non_aeronautical_revenue_per_passenger,air,DP-S,APPLICABLE,tag_match:airport_operator,currency,fiscal_period,550,nonnegative,coverage_pending
transportation_dedicated_parser_support_scope_v1,transportation_parser_support_v1,transportation_operating_archetypes_v1,804eeba846c75abc321df0821fe82a05e7bee9719cecff45798be0c82176ab7c,PAC,active,air_transport_and_aviation_services,Airports & Air Services,airport_operator,airport_operator,0,airport_passenger_throughput,aeronautical_revenue_per_passenger|non_aeronautical_revenue_per_passenger,air,DP-S,APPLICABLE,tag_match:airport_operator,count,fiscal_period,550,nonnegative_integer,coverage_pending
transportation_dedicated_parser_support_scope_v1,transportation_parser_support_v1,transportation_operating_archetypes_v1,804eeba846c75abc321df0821fe82a05e7bee9719cecff45798be0c82176ab7c,PAC,active,air_transport_and_aviation_services,Airports & Air Services,airport_operator,airport_operator,0,milestone_target_date,milestone_slippage_days,development,DP-S,NOT_APPLICABLE,no_applicable_archetype_tag,iso_date,milestone,1100,date,not_applicable
transportation_dedicated_parser_support_scope_v1,transportation_parser_support_v1,transportation_operating_archetypes_v1,804eeba846c75abc321df0821fe82a05e7bee9719cecff45798be0c82176ab7c,PACR,delisted_usable,surface_freight_and_logistics,Integrated Freight & Logistics,surface_logistics,surface_logistics,0,airline_fuel_consumed,fuel_efficiency_per_capacity_unit,air,DP-S,NOT_APPLICABLE,no_applicable_archetype_tag,fuel_volume,fiscal_period,550,nonnegative,not_applicable
transportation_dedicated_parser_support_scope_v1,transportation_parser_support_v1,transportation_operating_archetypes_v1,804eeba846c75abc321df0821fe82a05e7bee9719cecff45798be0c82176ab7c,PACR,delisted_usable,surface_freight_and_logistics,Integrated Freight & Logistics,surface_logistics,surface_logistics,0,airline_capacity_units,fuel_efficiency_per_capacity_unit|fuel_cost_per_capacity_unit,air,DP-S,NOT_APPLICABLE,no_applicable_archetype_tag,capacity_units,fiscal_period,550,nonnegative,not_applicable
transportation_dedicated_parser_support_scope_v1,transportation_parser_support_v1,transportation_operating_archetypes_v1,804eeba846c75abc321df0821fe82a05e7bee9719cecff45798be0c82176ab7c,PACR,delisted_usable,surface_freight_and_logistics,Integrated Freight & Logistics,surface_logistics,surface_logistics,0,airline_fuel_expense,fuel_cost_per_capacity_unit,air,DP-S,NOT_APPLICABLE,no_applicable_archetype_tag,currency,fiscal_period,550,nonnegative,not_applicable
transportation_dedicated_parser_support_scope_v1,transportation_parser_support_v1,transportation_operating_archetypes_v1,804eeba846c75abc321df0821fe82a05e7bee9719cecff45798be0c82176ab7c,PACR,delisted_usable,surface_freight_and_logistics,Integrated Freight & Logistics,surface_logistics,surface_logistics,0,airport_aeronautical_revenue,aeronautical_revenue_per_passenger,air,DP-S,NOT_APPLICABLE,no_applicable_archetype_tag,currency,fiscal_period,550,nonnegative,not_applicable
transportation_dedicated_parser_support_scope_v1,transportation_parser_support_v1,transportation_operating_archetypes_v1,804eeba846c75abc321df0821fe82a05e7bee9719cecff45798be0c82176ab7c,PACR,delisted_usable,surface_freight_and_logistics,Integrated Freight & Logistics,surface_logistics,surface_logistics,0,airport_non_aeronautical_revenue,non_aeronautical_revenue_per_passenger,air,DP-S,NOT_APPLICABLE,no_applicable_archetype_tag,currency,fiscal_period,550,nonnegative,not_applicable
transportation_dedicated_parser_support_scope_v1,transportation_parser_support_v1,transportation_operating_archetypes_v1,804eeba846c75abc321df0821fe82a05e7bee9719cecff45798be0c82176ab7c,PACR,delisted_usable,surface_freight_and_logistics,Integrated Freight & Logistics,surface_logistics,surface_logistics,0,airport_passenger_throughput,aeronautical_revenue_per_passenger|non_aeronautical_revenue_per_passenger,air,DP-S,NOT_APPLICABLE,no_applicable_archetype_tag,count,fiscal_period,550,nonnegative_integer,not_applicable
transportation_dedicated_parser_support_scope_v1,transportation_parser_support_v1,transportation_operating_archetypes_v1,804eeba846c75abc321df0821fe82a05e7bee9719cecff45798be0c82176ab7c,PACR,delisted_usable,surface_freight_and_logistics,Integrated Freight & Logistics,surface_logistics,surface_logistics,0,milestone_target_date,milestone_slippage_days,development,DP-S,NOT_APPLICABLE,no_applicable_archetype_tag,iso_date,milestone,1100,date,not_applicable
transportation_dedicated_parser_support_scope_v1,transportation_parser_support_v1,transportation_operating_archetypes_v1,804eeba846c75abc321df0821fe82a05e7bee9719cecff45798be0c82176ab7c,PAL,active,surface_freight_and_logistics,Integrated Freight & Logistics,surface_logistics,surface_logistics,0,airline_fuel_consumed,fuel_efficiency_per_capacity_unit,air,DP-S,NOT_APPLICABLE,no_applicable_archetype_tag,fuel_volume,fiscal_period,550,nonnegative,not_applicable
transportation_dedicated_parser_support_scope_v1,transportation_parser_support_v1,transportation_operating_archetypes_v1,804eeba846c75abc321df0821fe82a05e7bee9719cecff45798be0c82176ab7c,PAL,active,surface_freight_and_logistics,Integrated Freight & Logistics,surface_logistics,surface_logistics,0,airline_capacity_units,fuel_efficiency_per_capacity_unit|fuel_cost_per_capacity_unit,air,DP-S,NOT_APPLICABLE,no_applicable_archetype_tag,capacity_units,fiscal_period,550,nonnegative,not_applicable
transportation_dedicated_parser_support_scope_v1,transportation_parser_support_v1,transportation_operating_archetypes_v1,804eeba846c75abc321df0821fe82a05e7bee9719cecff45798be0c82176ab7c,PAL,active,surface_freight_and_logistics,Integrated Freight & Logistics,surface_logistics,surface_logistics,0,airline_fuel_expense,fuel_cost_per_capacity_unit,air,DP-S,NOT_APPLICABLE,no_applicable_archetype_tag,currency,fiscal_period,550,nonnegative,not_applicable
transportation_dedicated_parser_support_scope_v1,transportation_parser_support_v1,transportation_operating_archetypes_v1,804eeba846c75abc321df0821fe82a05e7bee9719cecff45798be0c82176ab7c,PAL,active,surface_freight_and_logistics,Integrated Freight & Logistics,surface_logistics,surface_logistics,0,airport_aeronautical_revenue,aeronautical_revenue_per_passenger,air,DP-S,NOT_APPLICABLE,no_applicable_archetype_tag,currency,fiscal_period,550,nonnegative,not_applicable
transportation_dedicated_parser_support_scope_v1,transportation_parser_support_v1,transportation_operating_archetypes_v1,804eeba846c75abc321df0821fe82a05e7bee9719cecff45798be0c82176ab7c,PAL,active,surface_freight_and_logistics,Integrated Freight & Logistics,surface_logistics,surface_logistics,0,airport_non_aeronautical_revenue,non_aeronautical_revenue_per_passenger,air,DP-S,NOT_APPLICABLE,no_applicable_archetype_tag,currency,fiscal_period,550,nonnegative,not_applicable
transportation_dedicated_parser_support_scope_v1,transportation_parser_support_v1,transportation_operating_archetypes_v1,804eeba846c75abc321df0821fe82a05e7bee9719cecff45798be0c82176ab7c,PAL,active,surface_freight_and_logistics,Integrated Freight & Logistics,surface_logistics,surface_logistics,0,airport_passenger_throughput,aeronautical_revenue_per_passenger|non_aeronautical_revenue_per_passenger,air,DP-S,NOT_APPLICABLE,no_applicable_archetype_tag,count,fiscal_period,550,nonnegative_integer,not_applicable
transportation_dedicated_parser_support_scope_v1,transportation_parser_support_v1,transportation_operating_archetypes_v1,804eeba846c75abc321df0821fe82a05e7bee9719cecff45798be0c82176ab7c,PAL,active,surface_freight_and_logistics,Integrated Freight & Logistics,surface_logistics,surface_logistics,0,milestone_target_date,milestone_slippage_days,development,DP-S,NOT_APPLICABLE,no_applicable_archetype_tag,iso_date,milestone,1100,date,not_applicable
transportation_dedicated_parser_support_scope_v1,transportation_parser_support_v1,transportation_operating_archetypes_v1,804eeba846c75abc321df0821fe82a05e7bee9719cecff45798be0c82176ab7c,PAMT,active,surface_freight_and_logistics,Trucking,surface_trucking,surface_trucking,0,airline_fuel_consumed,fuel_efficiency_per_capacity_unit,air,DP-S,NOT_APPLICABLE,no_applicable_archetype_tag,fuel_volume,fiscal_period,550,nonnegative,not_applicable
transportation_dedicated_parser_support_scope_v1,transportation_parser_support_v1,transportation_operating_archetypes_v1,804eeba846c75abc321df0821fe82a05e7bee9719cecff45798be0c82176ab7c,PAMT,active,surface_freight_and_logistics,Trucking,surface_trucking,surface_trucking,0,airline_capacity_units,fuel_efficiency_per_capacity_unit|fuel_cost_per_capacity_unit,air,DP-S,NOT_APPLICABLE,no_applicable_archetype_tag,capacity_units,fiscal_period,550,nonnegative,not_applicable
transportation_dedicated_parser_support_scope_v1,transportation_parser_support_v1,transportation_operating_archetypes_v1,804eeba846c75abc321df0821fe82a05e7bee9719cecff45798be0c82176ab7c,PAMT,active,surface_freight_and_logistics,Trucking,surface_trucking,surface_trucking,0,airline_fuel_expense,fuel_cost_per_capacity_unit,air,DP-S,NOT_APPLICABLE,no_applicable_archetype_tag,currency,fiscal_period,550,nonnegative,not_applicable
transportation_dedicated_parser_support_scope_v1,transportation_parser_support_v1,transportation_operating_archetypes_v1,804eeba846c75abc321df0821fe82a05e7bee9719cecff45798be0c82176ab7c,PAMT,active,surface_freight_and_logistics,Trucking,surface_trucking,surface_trucking,0,airport_aeronautical_revenue,aeronautical_revenue_per_passenger,air,DP-S,NOT_APPLICABLE,no_applicable_archetype_tag,currency,fiscal_period,550,nonnegative,not_applicable
transportation_dedicated_parser_support_scope_v1,transportation_parser_support_v1,transportation_operating_archetypes_v1,804eeba846c75abc321df0821fe82a05e7bee9719cecff45798be0c82176ab7c,PAMT,active,surface_freight_and_logistics,Trucking,surface_trucking,surface_trucking,0,airport_non_aeronautical_revenue,non_aeronautical_revenue_per_passenger,air,DP-S,NOT_APPLICABLE,no_applicable_archetype_tag,currency,fiscal_period,550,nonnegative,not_applicable
transportation_dedicated_parser_support_scope_v1,transportation_parser_support_v1,transportation_operating_archetypes_v1,804eeba846c75abc321df0821fe82a05e7bee9719cecff45798be0c82176ab7c,PAMT,active,surface_freight_and_logistics,Trucking,surface_trucking,surface_trucking,0,airport_passenger_throughput,aeronautical_revenue_per_passenger|non_aeronautical_revenue_per_passenger,air,DP-S,NOT_APPLICABLE,no_applicable_archetype_tag,count,fiscal_period,550,nonnegative_integer,not_applicable
transportation_dedicated_parser_support_scope_v1,transportation_parser_support_v1,transportation_operating_archetypes_v1,804eeba846c75abc321df0821fe82a05e7bee9719cecff45798be0c82176ab7c,PAMT,active,surface_freight_and_logistics,Trucking,surface_trucking,surface_trucking,0,milestone_target_date,milestone_slippage_days,development,DP-S,NOT_APPLICABLE,no_applicable_archetype_tag,iso_date,milestone,1100,date,not_applicable
transportation_dedicated_parser_support_scope_v1,transportation_parser_support_v1,transportation_operating_archetypes_v1,804eeba846c75abc321df0821fe82a05e7bee9719cecff45798be0c82176ab7c,PANL,active,marine_shipping_and_maritime,Marine Shipping,marine_operator,marine_operator,0,airline_fuel_consumed,fuel_efficiency_per_capacity_unit,air,DP-S,NOT_APPLICABLE,no_applicable_archetype_tag,fuel_volume,fiscal_period,550,nonnegative,not_applicable
transportation_dedicated_parser_support_scope_v1,transportation_parser_support_v1,transportation_operating_archetypes_v1,804eeba846c75abc321df0821fe82a05e7bee9719cecff45798be0c82176ab7c,PANL,active,marine_shipping_and_maritime,Marine Shipping,marine_operator,marine_operator,0,airline_capacity_units,fuel_efficiency_per_capacity_unit|fuel_cost_per_capacity_unit,air,DP-S,NOT_APPLICABLE,no_applicable_archetype_tag,capacity_units,fiscal_period,550,nonnegative,not_applicable
transportation_dedicated_parser_support_scope_v1,transportation_parser_support_v1,transportation_operating_archetypes_v1,804eeba846c75abc321df0821fe82a05e7bee9719cecff45798be0c82176ab7c,PANL,active,marine_shipping_and_maritime,Marine Shipping,marine_operator,marine_operator,0,airline_fuel_expense,fuel_cost_per_capacity_unit,air,DP-S,NOT_APPLICABLE,no_applicable_archetype_tag,currency,fiscal_period,550,nonnegative,not_applicable
transportation_dedicated_parser_support_scope_v1,transportation_parser_support_v1,transportation_operating_archetypes_v1,804eeba846c75abc321df0821fe82a05e7bee9719cecff45798be0c82176ab7c,PANL,active,marine_shipping_and_maritime,Marine Shipping,marine_operator,marine_operator,0,airport_aeronautical_revenue,aeronautical_revenue_per_passenger,air,DP-S,NOT_APPLICABLE,no_applicable_archetype_tag,currency,fiscal_period,550,nonnegative,not_applicable
transportation_dedicated_parser_support_scope_v1,transportation_parser_support_v1,transportation_operating_archetypes_v1,804eeba846c75abc321df0821fe82a05e7bee9719cecff45798be0c82176ab7c,PANL,active,marine_shipping_and_maritime,Marine Shipping,marine_operator,marine_operator,0,airport_non_aeronautical_revenue,non_aeronautical_revenue_per_passenger,air,DP-S,NOT_APPLICABLE,no_applicable_archetype_tag,currency,fiscal_period,550,nonnegative,not_applicable
transportation_dedicated_parser_support_scope_v1,transportation_parser_support_v1,transportation_operating_archetypes_v1,804eeba846c75abc321df0821fe82a05e7bee9719cecff45798be0c82176ab7c,PANL,active,marine_shipping_and_maritime,Marine Shipping,marine_operator,marine_operator,0,airport_passenger_throughput,aeronautical_revenue_per_passenger|non_aeronautical_revenue_per_passenger,air,DP-S,NOT_APPLICABLE,no_applicable_archetype_tag,count,fiscal_period,550,nonnegative_integer,not_applicable
transportation_dedicated_parser_support_scope_v1,transportation_parser_support_v1,transportation_operating_archetypes_v1,804eeba846c75abc321df0821fe82a05e7bee9719cecff45798be0c82176ab7c,PANL,active,marine_shipping_and_maritime,Marine Shipping,marine_operator,marine_operator,0,milestone_target_date,milestone_slippage_days,development,DP-S,NOT_APPLICABLE,no_applicable_archetype_tag,iso_date,milestone,1100,date,not_applicable
transportation_dedicated_parser_support_scope_v1,transportation_parser_support_v1,transportation_operating_archetypes_v1,804eeba846c75abc321df0821fe82a05e7bee9719cecff45798be0c82176ab7c,PBI,active,surface_freight_and_logistics,Integrated Freight & Logistics,surface_logistics,surface_logistics,0,airline_fuel_consumed,fuel_efficiency_per_capacity_unit,air,DP-S,NOT_APPLICABLE,no_applicable_archetype_tag,fuel_volume,fiscal_period,550,nonnegative,not_applicable
transportation_dedicated_parser_support_scope_v1,transportation_parser_support_v1,transportation_operating_archetypes_v1,804eeba846c75abc321df0821fe82a05e7bee9719cecff45798be0c82176ab7c,PBI,active,surface_freight_and_logistics,Integrated Freight & Logistics,surface_logistics,surface_logistics,0,airline_capacity_units,fuel_efficiency_per_capacity_unit|fuel_cost_per_capacity_unit,air,DP-S,NOT_APPLICABLE,no_applicable_archetype_tag,capacity_units,fiscal_period,550,nonnegative,not_applicable
transportation_dedicated_parser_support_scope_v1,transportation_parser_support_v1,transportation_operating_archetypes_v1,804eeba846c75abc321df0821fe82a05e7bee9719cecff45798be0c82176ab7c,PBI,active,surface_freight_and_logistics,Integrated Freight & Logistics,surface_logistics,surface_logistics,0,airline_fuel_expense,fuel_cost_per_capacity_unit,air,DP-S,NOT_APPLICABLE,no_applicable_archetype_tag,currency,fiscal_period,550,nonnegative,not_applicable
transportation_dedicated_parser_support_scope_v1,transportation_parser_support_v1,transportation_operating_archetypes_v1,804eeba846c75abc321df0821fe82a05e7bee9719cecff45798be0c82176ab7c,PBI,active,surface_freight_and_logistics,Integrated Freight & Logistics,surface_logistics,surface_logistics,0,airport_aeronautical_revenue,aeronautical_revenue_per_passenger,air,DP-S,NOT_APPLICABLE,no_applicable_archetype_tag,currency,fiscal_period,550,nonnegative,not_applicable
transportation_dedicated_parser_support_scope_v1,transportation_parser_support_v1,transportation_operating_archetypes_v1,804eeba846c75abc321df0821fe82a05e7bee9719cecff45798be0c82176ab7c,PBI,active,surface_freight_and_logistics,Integrated Freight & Logistics,surface_logistics,surface_logistics,0,airport_non_aeronautical_revenue,non_aeronautical_revenue_per_passenger,air,DP-S,NOT_APPLICABLE,no_applicable_archetype_tag,currency,fiscal_period,550,nonnegative,not_applicable
transportation_dedicated_parser_support_scope_v1,transportation_parser_support_v1,transportation_operating_archetypes_v1,804eeba846c75abc321df0821fe82a05e7bee9719cecff45798be0c82176ab7c,PBI,active,surface_freight_and_logistics,Integrated Freight & Logistics,surface_logistics,surface_logistics,0,airport_passenger_throughput,aeronautical_revenue_per_passenger|non_aeronautical_revenue_per_passenger,air,DP-S,NOT_APPLICABLE,no_applicable_archetype_tag,count,fiscal_period,550,nonnegative_integer,not_applicable
transportation_dedicated_parser_support_scope_v1,transportation_parser_support_v1,transportation_operating_archetypes_v1,804eeba846c75abc321df0821fe82a05e7bee9719cecff45798be0c82176ab7c,PBI,active,surface_freight_and_logistics,Integrated Freight & Logistics,surface_logistics,surface_logistics,0,milestone_target_date,milestone_slippage_days,development,DP-S,NOT_APPLICABLE,no_applicable_archetype_tag,iso_date,milestone,1100,date,not_applicable
transportation_dedicated_parser_support_scope_v1,transportation_parser_support_v1,transportation_operating_archetypes_v1,804eeba846c75abc321df0821fe82a05e7bee9719cecff45798be0c82176ab7c,PNCL,delisted_usable,air_transport_and_aviation_services,Airlines,passenger_airline,passenger_airline,0,airline_fuel_consumed,fuel_efficiency_per_capacity_unit,air,DP-S,APPLICABLE,tag_match:passenger_airline,fuel_volume,fiscal_period,550,nonnegative,coverage_pending
transportation_dedicated_parser_support_scope_v1,transportation_parser_support_v1,transportation_operating_archetypes_v1,804eeba846c75abc321df0821fe82a05e7bee9719cecff45798be0c82176ab7c,PNCL,delisted_usable,air_transport_and_aviation_services,Airlines,passenger_airline,passenger_airline,0,airline_capacity_units,fuel_efficiency_per_capacity_unit|fuel_cost_per_capacity_unit,air,DP-S,APPLICABLE,tag_match:passenger_airline,capacity_units,fiscal_period,550,nonnegative,coverage_pending
transportation_dedicated_parser_support_scope_v1,transportation_parser_support_v1,transportation_operating_archetypes_v1,804eeba846c75abc321df0821fe82a05e7bee9719cecff45798be0c82176ab7c,PNCL,delisted_usable,air_transport_and_aviation_services,Airlines,passenger_airline,passenger_airline,0,airline_fuel_expense,fuel_cost_per_capacity_unit,air,DP-S,APPLICABLE,tag_match:passenger_airline,currency,fiscal_period,550,nonnegative,coverage_pending
transportation_dedicated_parser_support_scope_v1,transportation_parser_support_v1,transportation_operating_archetypes_v1,804eeba846c75abc321df0821fe82a05e7bee9719cecff45798be0c82176ab7c,PNCL,delisted_usable,air_transport_and_aviation_services,Airlines,passenger_airline,passenger_airline,0,airport_aeronautical_revenue,aeronautical_revenue_per_passenger,air,DP-S,NOT_APPLICABLE,no_applicable_archetype_tag,currency,fiscal_period,550,nonnegative,not_applicable
transportation_dedicated_parser_support_scope_v1,transportation_parser_support_v1,transportation_operating_archetypes_v1,804eeba846c75abc321df0821fe82a05e7bee9719cecff45798be0c82176ab7c,PNCL,delisted_usable,air_transport_and_aviation_services,Airlines,passenger_airline,passenger_airline,0,airport_non_aeronautical_revenue,non_aeronautical_revenue_per_passenger,air,DP-S,NOT_APPLICABLE,no_applicable_archetype_tag,currency,fiscal_period,550,nonnegative,not_applicable
transportation_dedicated_parser_support_scope_v1,transportation_parser_support_v1,transportation_operating_archetypes_v1,804eeba846c75abc321df0821fe82a05e7bee9719cecff45798be0c82176ab7c,PNCL,delisted_usable,air_transport_and_aviation_services,Airlines,passenger_airline,passenger_airline,0,airport_passenger_throughput,aeronautical_revenue_per_passenger|non_aeronautical_revenue_per_passenger,air,DP-S,NOT_APPLICABLE,no_applicable_archetype_tag,count,fiscal_period,550,nonnegative_integer,not_applicable
transportation_dedicated_parser_support_scope_v1,transportation_parser_support_v1,transportation_operating_archetypes_v1,804eeba846c75abc321df0821fe82a05e7bee9719cecff45798be0c82176ab7c,PNCL,delisted_usable,air_transport_and_aviation_services,Airlines,passenger_airline,passenger_airline,0,milestone_target_date,milestone_slippage_days,development,DP-S,NOT_APPLICABLE,no_applicable_archetype_tag,iso_date,milestone,1100,date,not_applicable
transportation_dedicated_parser_support_scope_v1,transportation_parser_support_v1,transportation_operating_archetypes_v1,804eeba846c75abc321df0821fe82a05e7bee9719cecff45798be0c82176ab7c,PSHG,active,development_stage_and_speculative_transport,Marine Shipping,marine_operator,development_all|marine_operator,1,airline_fuel_consumed,fuel_efficiency_per_capacity_unit,air,DP-S,NOT_APPLICABLE,no_applicable_archetype_tag,fuel_volume,fiscal_period,550,nonnegative,not_applicable
transportation_dedicated_parser_support_scope_v1,transportation_parser_support_v1,transportation_operating_archetypes_v1,804eeba846c75abc321df0821fe82a05e7bee9719cecff45798be0c82176ab7c,PSHG,active,development_stage_and_speculative_transport,Marine Shipping,marine_operator,development_all|marine_operator,1,airline_capacity_units,fuel_efficiency_per_capacity_unit|fuel_cost_per_capacity_unit,air,DP-S,NOT_APPLICABLE,no_applicable_archetype_tag,capacity_units,fiscal_period,550,nonnegative,not_applicable
transportation_dedicated_parser_support_scope_v1,transportation_parser_support_v1,transportation_operating_archetypes_v1,804eeba846c75abc321df0821fe82a05e7bee9719cecff45798be0c82176ab7c,PSHG,active,development_stage_and_speculative_transport,Marine Shipping,marine_operator,development_all|marine_operator,1,airline_fuel_expense,fuel_cost_per_capacity_unit,air,DP-S,NOT_APPLICABLE,no_applicable_archetype_tag,currency,fiscal_period,550,nonnegative,not_applicable
transportation_dedicated_parser_support_scope_v1,transportation_parser_support_v1,transportation_operating_archetypes_v1,804eeba846c75abc321df0821fe82a05e7bee9719cecff45798be0c82176ab7c,PSHG,active,development_stage_and_speculative_transport,Marine Shipping,marine_operator,development_all|marine_operator,1,airport_aeronautical_revenue,aeronautical_revenue_per_passenger,air,DP-S,NOT_APPLICABLE,no_applicable_archetype_tag,currency,fiscal_period,550,nonnegative,not_applicable
transportation_dedicated_parser_support_scope_v1,transportation_parser_support_v1,transportation_operating_archetypes_v1,804eeba846c75abc321df0821fe82a05e7bee9719cecff45798be0c82176ab7c,PSHG,active,development_stage_and_speculative_transport,Marine Shipping,marine_operator,development_all|marine_operator,1,airport_non_aeronautical_revenue,non_aeronautical_revenue_per_passenger,air,DP-S,NOT_APPLICABLE,no_applicable_archetype_tag,currency,fiscal_period,550,nonnegative,not_applicable
transportation_dedicated_parser_support_scope_v1,transportation_parser_support_v1,transportation_operating_archetypes_v1,804eeba846c75abc321df0821fe82a05e7bee9719cecff45798be0c82176ab7c,PSHG,active,development_stage_and_speculative_transport,Marine Shipping,marine_operator,development_all|marine_operator,1,airport_passenger_throughput,aeronautical_revenue_per_passenger|non_aeronautical_revenue_per_passenger,air,DP-S,NOT_APPLICABLE,no_applicable_archetype_tag,count,fiscal_period,550,nonnegative_integer,not_applicable
transportation_dedicated_parser_support_scope_v1,transportation_parser_support_v1,transportation_operating_archetypes_v1,804eeba846c75abc321df0821fe82a05e7bee9719cecff45798be0c82176ab7c,PSHG,active,development_stage_and_speculative_transport,Marine Shipping,marine_operator,development_all|marine_operator,1,milestone_target_date,milestone_slippage_days,development,DP-S,NOT_APPLICABLE,no_applicable_archetype_tag,iso_date,milestone,1100,date,not_applicable
transportation_dedicated_parser_support_scope_v1,transportation_parser_support_v1,transportation_operating_archetypes_v1,804eeba846c75abc321df0821fe82a05e7bee9719cecff45798be0c82176ab7c,PSIG,active,development_stage_and_speculative_transport,Integrated Freight & Logistics,surface_logistics,development_all|surface_logistics,1,airline_fuel_consumed,fuel_efficiency_per_capacity_unit,air,DP-S,NOT_APPLICABLE,no_applicable_archetype_tag,fuel_volume,fiscal_period,550,nonnegative,not_applicable
transportation_dedicated_parser_support_scope_v1,transportation_parser_support_v1,transportation_operating_archetypes_v1,804eeba846c75abc321df0821fe82a05e7bee9719cecff45798be0c82176ab7c,PSIG,active,development_stage_and_speculative_transport,Integrated Freight & Logistics,surface_logistics,development_all|surface_logistics,1,airline_capacity_units,fuel_efficiency_per_capacity_unit|fuel_cost_per_capacity_unit,air,DP-S,NOT_APPLICABLE,no_applicable_archetype_tag,capacity_units,fiscal_period,550,nonnegative,not_applicable
transportation_dedicated_parser_support_scope_v1,transportation_parser_support_v1,transportation_operating_archetypes_v1,804eeba846c75abc321df0821fe82a05e7bee9719cecff45798be0c82176ab7c,PSIG,active,development_stage_and_speculative_transport,Integrated Freight & Logistics,surface_logistics,development_all|surface_logistics,1,airline_fuel_expense,fuel_cost_per_capacity_unit,air,DP-S,NOT_APPLICABLE,no_applicable_archetype_tag,currency,fiscal_period,550,nonnegative,not_applicable
transportation_dedicated_parser_support_scope_v1,transportation_parser_support_v1,transportation_operating_archetypes_v1,804eeba846c75abc321df0821fe82a05e7bee9719cecff45798be0c82176ab7c,PSIG,active,development_stage_and_speculative_transport,Integrated Freight & Logistics,surface_logistics,development_all|surface_logistics,1,airport_aeronautical_revenue,aeronautical_revenue_per_passenger,air,DP-S,NOT_APPLICABLE,no_applicable_archetype_tag,currency,fiscal_period,550,nonnegative,not_applicable
transportation_dedicated_parser_support_scope_v1,transportation_parser_support_v1,transportation_operating_archetypes_v1,804eeba846c75abc321df0821fe82a05e7bee9719cecff45798be0c82176ab7c,PSIG,active,development_stage_and_speculative_transport,Integrated Freight & Logistics,surface_logistics,development_all|surface_logistics,1,airport_non_aeronautical_revenue,non_aeronautical_revenue_per_passenger,air,DP-S,NOT_APPLICABLE,no_applicable_archetype_tag,currency,fiscal_period,550,nonnegative,not_applicable
transportation_dedicated_parser_support_scope_v1,transportation_parser_support_v1,transportation_operating_archetypes_v1,804eeba846c75abc321df0821fe82a05e7bee9719cecff45798be0c82176ab7c,PSIG,active,development_stage_and_speculative_transport,Integrated Freight & Logistics,surface_logistics,development_all|surface_logistics,1,airport_passenger_throughput,aeronautical_revenue_per_passenger|non_aeronautical_revenue_per_passenger,air,DP-S,NOT_APPLICABLE,no_applicable_archetype_tag,count,fiscal_period,550,nonnegative_integer,not_applicable
transportation_dedicated_parser_support_scope_v1,transportation_parser_support_v1,transportation_operating_archetypes_v1,804eeba846c75abc321df0821fe82a05e7bee9719cecff45798be0c82176ab7c,PSIG,active,development_stage_and_speculative_transport,Integrated Freight & Logistics,surface_logistics,development_all|surface_logistics,1,milestone_target_date,milestone_slippage_days,development,DP-S,NOT_APPLICABLE,no_applicable_archetype_tag,iso_date,milestone,1100,date,not_applicable
transportation_dedicated_parser_support_scope_v1,transportation_parser_support_v1,transportation_operating_archetypes_v1,804eeba846c75abc321df0821fe82a05e7bee9719cecff45798be0c82176ab7c,PWX,delisted_usable,surface_freight_and_logistics,Railroads,surface_rail_operator,surface_rail_operator,0,airline_fuel_consumed,fuel_efficiency_per_capacity_unit,air,DP-S,NOT_APPLICABLE,no_applicable_archetype_tag,fuel_volume,fiscal_period,550,nonnegative,not_applicable
transportation_dedicated_parser_support_scope_v1,transportation_parser_support_v1,transportation_operating_archetypes_v1,804eeba846c75abc321df0821fe82a05e7bee9719cecff45798be0c82176ab7c,PWX,delisted_usable,surface_freight_and_logistics,Railroads,surface_rail_operator,surface_rail_operator,0,airline_capacity_units,fuel_efficiency_per_capacity_unit|fuel_cost_per_capacity_unit,air,DP-S,NOT_APPLICABLE,no_applicable_archetype_tag,capacity_units,fiscal_period,550,nonnegative,not_applicable
transportation_dedicated_parser_support_scope_v1,transportation_parser_support_v1,transportation_operating_archetypes_v1,804eeba846c75abc321df0821fe82a05e7bee9719cecff45798be0c82176ab7c,PWX,delisted_usable,surface_freight_and_logistics,Railroads,surface_rail_operator,surface_rail_operator,0,airline_fuel_expense,fuel_cost_per_capacity_unit,air,DP-S,NOT_APPLICABLE,no_applicable_archetype_tag,currency,fiscal_period,550,nonnegative,not_applicable
transportation_dedicated_parser_support_scope_v1,transportation_parser_support_v1,transportation_operating_archetypes_v1,804eeba846c75abc321df0821fe82a05e7bee9719cecff45798be0c82176ab7c,PWX,delisted_usable,surface_freight_and_logistics,Railroads,surface_rail_operator,surface_rail_operator,0,airport_aeronautical_revenue,aeronautical_revenue_per_passenger,air,DP-S,NOT_APPLICABLE,no_applicable_archetype_tag,currency,fiscal_period,550,nonnegative,not_applicable
transportation_dedicated_parser_support_scope_v1,transportation_parser_support_v1,transportation_operating_archetypes_v1,804eeba846c75abc321df0821fe82a05e7bee9719cecff45798be0c82176ab7c,PWX,delisted_usable,surface_freight_and_logistics,Railroads,surface_rail_operator,surface_rail_operator,0,airport_non_aeronautical_revenue,non_aeronautical_revenue_per_passenger,air,DP-S,NOT_APPLICABLE,no_applicable_archetype_tag,currency,fiscal_period,550,nonnegative,not_applicable
transportation_dedicated_parser_support_scope_v1,transportation_parser_support_v1,transportation_operating_archetypes_v1,804eeba846c75abc321df0821fe82a05e7bee9719cecff45798be0c82176ab7c,PWX,delisted_usable,surface_freight_and_logistics,Railroads,surface_rail_operator,surface_rail_operator,0,airport_passenger_throughput,aeronautical_revenue_per_passenger|non_aeronautical_revenue_per_passenger,air,DP-S,NOT_APPLICABLE,no_applicable_archetype_tag,count,fiscal_period,550,nonnegative_integer,not_applicable
transportation_dedicated_parser_support_scope_v1,transportation_parser_support_v1,transportation_operating_archetypes_v1,804eeba846c75abc321df0821fe82a05e7bee9719cecff45798be0c82176ab7c,PWX,delisted_usable,surface_freight_and_logistics,Railroads,surface_rail_operator,surface_rail_operator,0,milestone_target_date,milestone_slippage_days,development,DP-S,NOT_APPLICABLE,no_applicable_archetype_tag,iso_date,milestone,1100,date,not_applicable
transportation_dedicated_parser_support_scope_v1,transportation_parser_support_v1,transportation_operating_archetypes_v1,804eeba846c75abc321df0821fe82a05e7bee9719cecff45798be0c82176ab7c,QLTY,delisted_usable,surface_freight_and_logistics,Trucking,surface_trucking,surface_trucking,0,airline_fuel_consumed,fuel_efficiency_per_capacity_unit,air,DP-S,NOT_APPLICABLE,no_applicable_archetype_tag,fuel_volume,fiscal_period,550,nonnegative,not_applicable
transportation_dedicated_parser_support_scope_v1,transportation_parser_support_v1,transportation_operating_archetypes_v1,804eeba846c75abc321df0821fe82a05e7bee9719cecff45798be0c82176ab7c,QLTY,delisted_usable,surface_freight_and_logistics,Trucking,surface_trucking,surface_trucking,0,airline_capacity_units,fuel_efficiency_per_capacity_unit|fuel_cost_per_capacity_unit,air,DP-S,NOT_APPLICABLE,no_applicable_archetype_tag,capacity_units,fiscal_period,550,nonnegative,not_applicable
transportation_dedicated_parser_support_scope_v1,transportation_parser_support_v1,transportation_operating_archetypes_v1,804eeba846c75abc321df0821fe82a05e7bee9719cecff45798be0c82176ab7c,QLTY,delisted_usable,surface_freight_and_logistics,Trucking,surface_trucking,surface_trucking,0,airline_fuel_expense,fuel_cost_per_capacity_unit,air,DP-S,NOT_APPLICABLE,no_applicable_archetype_tag,currency,fiscal_period,550,nonnegative,not_applicable
transportation_dedicated_parser_support_scope_v1,transportation_parser_support_v1,transportation_operating_archetypes_v1,804eeba846c75abc321df0821fe82a05e7bee9719cecff45798be0c82176ab7c,QLTY,delisted_usable,surface_freight_and_logistics,Trucking,surface_trucking,surface_trucking,0,airport_aeronautical_revenue,aeronautical_revenue_per_passenger,air,DP-S,NOT_APPLICABLE,no_applicable_archetype_tag,currency,fiscal_period,550,nonnegative,not_applicable
transportation_dedicated_parser_support_scope_v1,transportation_parser_support_v1,transportation_operating_archetypes_v1,804eeba846c75abc321df0821fe82a05e7bee9719cecff45798be0c82176ab7c,QLTY,delisted_usable,surface_freight_and_logistics,Trucking,surface_trucking,surface_trucking,0,airport_non_aeronautical_revenue,non_aeronautical_revenue_per_passenger,air,DP-S,NOT_APPLICABLE,no_applicable_archetype_tag,currency,fiscal_period,550,nonnegative,not_applicable
transportation_dedicated_parser_support_scope_v1,transportation_parser_support_v1,transportation_operating_archetypes_v1,804eeba846c75abc321df0821fe82a05e7bee9719cecff45798be0c82176ab7c,QLTY,delisted_usable,surface_freight_and_logistics,Trucking,surface_trucking,surface_trucking,0,airport_passenger_throughput,aeronautical_revenue_per_passenger|non_aeronautical_revenue_per_passenger,air,DP-S,NOT_APPLICABLE,no_applicable_archetype_tag,count,fiscal_period,550,nonnegative_integer,not_applicable
transportation_dedicated_parser_support_scope_v1,transportation_parser_support_v1,transportation_operating_archetypes_v1,804eeba846c75abc321df0821fe82a05e7bee9719cecff45798be0c82176ab7c,QLTY,delisted_usable,surface_freight_and_logistics,Trucking,surface_trucking,surface_trucking,0,milestone_target_date,milestone_slippage_days,development,DP-S,NOT_APPLICABLE,no_applicable_archetype_tag,iso_date,milestone,1100,date,not_applicable
transportation_dedicated_parser_support_scope_v1,transportation_parser_support_v1,transportation_operating_archetypes_v1,804eeba846c75abc321df0821fe82a05e7bee9719cecff45798be0c82176ab7c,R,active,surface_freight_and_logistics,Rental & Leasing Services,surface_asset_leasing,surface_asset_leasing|surface_logistics|surface_trucking,0,airline_fuel_consumed,fuel_efficiency_per_capacity_unit,air,DP-S,NOT_APPLICABLE,no_applicable_archetype_tag,fuel_volume,fiscal_period,550,nonnegative,not_applicable
transportation_dedicated_parser_support_scope_v1,transportation_parser_support_v1,transportation_operating_archetypes_v1,804eeba846c75abc321df0821fe82a05e7bee9719cecff45798be0c82176ab7c,R,active,surface_freight_and_logistics,Rental & Leasing Services,surface_asset_leasing,surface_asset_leasing|surface_logistics|surface_trucking,0,airline_capacity_units,fuel_efficiency_per_capacity_unit|fuel_cost_per_capacity_unit,air,DP-S,NOT_APPLICABLE,no_applicable_archetype_tag,capacity_units,fiscal_period,550,nonnegative,not_applicable
transportation_dedicated_parser_support_scope_v1,transportation_parser_support_v1,transportation_operating_archetypes_v1,804eeba846c75abc321df0821fe82a05e7bee9719cecff45798be0c82176ab7c,R,active,surface_freight_and_logistics,Rental & Leasing Services,surface_asset_leasing,surface_asset_leasing|surface_logistics|surface_trucking,0,airline_fuel_expense,fuel_cost_per_capacity_unit,air,DP-S,NOT_APPLICABLE,no_applicable_archetype_tag,currency,fiscal_period,550,nonnegative,not_applicable
transportation_dedicated_parser_support_scope_v1,transportation_parser_support_v1,transportation_operating_archetypes_v1,804eeba846c75abc321df0821fe82a05e7bee9719cecff45798be0c82176ab7c,R,active,surface_freight_and_logistics,Rental & Leasing Services,surface_asset_leasing,surface_asset_leasing|surface_logistics|surface_trucking,0,airport_aeronautical_revenue,aeronautical_revenue_per_passenger,air,DP-S,NOT_APPLICABLE,no_applicable_archetype_tag,currency,fiscal_period,550,nonnegative,not_applicable
transportation_dedicated_parser_support_scope_v1,transportation_parser_support_v1,transportation_operating_archetypes_v1,804eeba846c75abc321df0821fe82a05e7bee9719cecff45798be0c82176ab7c,R,active,surface_freight_and_logistics,Rental & Leasing Services,surface_asset_leasing,surface_asset_leasing|surface_logistics|surface_trucking,0,airport_non_aeronautical_revenue,non_aeronautical_revenue_per_passenger,air,DP-S,NOT_APPLICABLE,no_applicable_archetype_tag,currency,fiscal_period,550,nonnegative,not_applicable
transportation_dedicated_parser_support_scope_v1,transportation_parser_support_v1,transportation_operating_archetypes_v1,804eeba846c75abc321df0821fe82a05e7bee9719cecff45798be0c82176ab7c,R,active,surface_freight_and_logistics,Rental & Leasing Services,surface_asset_leasing,surface_asset_leasing|surface_logistics|surface_trucking,0,airport_passenger_throughput,aeronautical_revenue_per_passenger|non_aeronautical_revenue_per_passenger,air,DP-S,NOT_APPLICABLE,no_applicable_archetype_tag,count,fiscal_period,550,nonnegative_integer,not_applicable
transportation_dedicated_parser_support_scope_v1,transportation_parser_support_v1,transportation_operating_archetypes_v1,804eeba846c75abc321df0821fe82a05e7bee9719cecff45798be0c82176ab7c,R,active,surface_freight_and_logistics,Rental & Leasing Services,surface_asset_leasing,surface_asset_leasing|surface_logistics|surface_trucking,0,milestone_target_date,milestone_slippage_days,development,DP-S,NOT_APPLICABLE,no_applicable_archetype_tag,iso_date,milestone,1100,date,not_applicable
transportation_dedicated_parser_support_scope_v1,transportation_parser_support_v1,transportation_operating_archetypes_v1,804eeba846c75abc321df0821fe82a05e7bee9719cecff45798be0c82176ab7c,RAIL,active,surface_freight_and_logistics,Railroads,surface_rail_equipment,surface_rail_equipment,0,airline_fuel_consumed,fuel_efficiency_per_capacity_unit,air,DP-S,NOT_APPLICABLE,no_applicable_archetype_tag,fuel_volume,fiscal_period,550,nonnegative,not_applicable
transportation_dedicated_parser_support_scope_v1,transportation_parser_support_v1,transportation_operating_archetypes_v1,804eeba846c75abc321df0821fe82a05e7bee9719cecff45798be0c82176ab7c,RAIL,active,surface_freight_and_logistics,Railroads,surface_rail_equipment,surface_rail_equipment,0,airline_capacity_units,fuel_efficiency_per_capacity_unit|fuel_cost_per_capacity_unit,air,DP-S,NOT_APPLICABLE,no_applicable_archetype_tag,capacity_units,fiscal_period,550,nonnegative,not_applicable
transportation_dedicated_parser_support_scope_v1,transportation_parser_support_v1,transportation_operating_archetypes_v1,804eeba846c75abc321df0821fe82a05e7bee9719cecff45798be0c82176ab7c,RAIL,active,surface_freight_and_logistics,Railroads,surface_rail_equipment,surface_rail_equipment,0,airline_fuel_expense,fuel_cost_per_capacity_unit,air,DP-S,NOT_APPLICABLE,no_applicable_archetype_tag,currency,fiscal_period,550,nonnegative,not_applicable
transportation_dedicated_parser_support_scope_v1,transportation_parser_support_v1,transportation_operating_archetypes_v1,804eeba846c75abc321df0821fe82a05e7bee9719cecff45798be0c82176ab7c,RAIL,active,surface_freight_and_logistics,Railroads,surface_rail_equipment,surface_rail_equipment,0,airport_aeronautical_revenue,aeronautical_revenue_per_passenger,air,DP-S,NOT_APPLICABLE,no_applicable_archetype_tag,currency,fiscal_period,550,nonnegative,not_applicable
transportation_dedicated_parser_support_scope_v1,transportation_parser_support_v1,transportation_operating_archetypes_v1,804eeba846c75abc321df0821fe82a05e7bee9719cecff45798be0c82176ab7c,RAIL,active,surface_freight_and_logistics,Railroads,surface_rail_equipment,surface_rail_equipment,0,airport_non_aeronautical_revenue,non_aeronautical_revenue_per_passenger,air,DP-S,NOT_APPLICABLE,no_applicable_archetype_tag,currency,fiscal_period,550,nonnegative,not_applicable
transportation_dedicated_parser_support_scope_v1,transportation_parser_support_v1,transportation_operating_archetypes_v1,804eeba846c75abc321df0821fe82a05e7bee9719cecff45798be0c82176ab7c,RAIL,active,surface_freight_and_logistics,Railroads,surface_rail_equipment,surface_rail_equipment,0,airport_passenger_throughput,aeronautical_revenue_per_passenger|non_aeronautical_revenue_per_passenger,air,DP-S,NOT_APPLICABLE,no_applicable_archetype_tag,count,fiscal_period,550,nonnegative_integer,not_applicable
transportation_dedicated_parser_support_scope_v1,transportation_parser_support_v1,transportation_operating_archetypes_v1,804eeba846c75abc321df0821fe82a05e7bee9719cecff45798be0c82176ab7c,RAIL,active,surface_freight_and_logistics,Railroads,surface_rail_equipment,surface_rail_equipment,0,milestone_target_date,milestone_slippage_days,development,DP-S,NOT_APPLICABLE,no_applicable_archetype_tag,iso_date,milestone,1100,date,not_applicable
transportation_dedicated_parser_support_scope_v1,transportation_parser_support_v1,transportation_operating_archetypes_v1,804eeba846c75abc321df0821fe82a05e7bee9719cecff45798be0c82176ab7c,RJET,delisted_usable,air_transport_and_aviation_services,Airlines,passenger_airline,passenger_airline,0,airline_fuel_consumed,fuel_efficiency_per_capacity_unit,air,DP-S,APPLICABLE,tag_match:passenger_airline,fuel_volume,fiscal_period,550,nonnegative,coverage_pending
transportation_dedicated_parser_support_scope_v1,transportation_parser_support_v1,transportation_operating_archetypes_v1,804eeba846c75abc321df0821fe82a05e7bee9719cecff45798be0c82176ab7c,RJET,delisted_usable,air_transport_and_aviation_services,Airlines,passenger_airline,passenger_airline,0,airline_capacity_units,fuel_efficiency_per_capacity_unit|fuel_cost_per_capacity_unit,air,DP-S,APPLICABLE,tag_match:passenger_airline,capacity_units,fiscal_period,550,nonnegative,coverage_pending
transportation_dedicated_parser_support_scope_v1,transportation_parser_support_v1,transportation_operating_archetypes_v1,804eeba846c75abc321df0821fe82a05e7bee9719cecff45798be0c82176ab7c,RJET,delisted_usable,air_transport_and_aviation_services,Airlines,passenger_airline,passenger_airline,0,airline_fuel_expense,fuel_cost_per_capacity_unit,air,DP-S,APPLICABLE,tag_match:passenger_airline,currency,fiscal_period,550,nonnegative,coverage_pending
transportation_dedicated_parser_support_scope_v1,transportation_parser_support_v1,transportation_operating_archetypes_v1,804eeba846c75abc321df0821fe82a05e7bee9719cecff45798be0c82176ab7c,RJET,delisted_usable,air_transport_and_aviation_services,Airlines,passenger_airline,passenger_airline,0,airport_aeronautical_revenue,aeronautical_revenue_per_passenger,air,DP-S,NOT_APPLICABLE,no_applicable_archetype_tag,currency,fiscal_period,550,nonnegative,not_applicable
transportation_dedicated_parser_support_scope_v1,transportation_parser_support_v1,transportation_operating_archetypes_v1,804eeba846c75abc321df0821fe82a05e7bee9719cecff45798be0c82176ab7c,RJET,delisted_usable,air_transport_and_aviation_services,Airlines,passenger_airline,passenger_airline,0,airport_non_aeronautical_revenue,non_aeronautical_revenue_per_passenger,air,DP-S,NOT_APPLICABLE,no_applicable_archetype_tag,currency,fiscal_period,550,nonnegative,not_applicable
transportation_dedicated_parser_support_scope_v1,transportation_parser_support_v1,transportation_operating_archetypes_v1,804eeba846c75abc321df0821fe82a05e7bee9719cecff45798be0c82176ab7c,RJET,delisted_usable,air_transport_and_aviation_services,Airlines,passenger_airline,passenger_airline,0,airport_passenger_throughput,aeronautical_revenue_per_passenger|non_aeronautical_revenue_per_passenger,air,DP-S,NOT_APPLICABLE,no_applicable_archetype_tag,count,fiscal_period,550,nonnegative_integer,not_applicable
transportation_dedicated_parser_support_scope_v1,transportation_parser_support_v1,transportation_operating_archetypes_v1,804eeba846c75abc321df0821fe82a05e7bee9719cecff45798be0c82176ab7c,RJET,delisted_usable,air_transport_and_aviation_services,Airlines,passenger_airline,passenger_airline,0,milestone_target_date,milestone_slippage_days,development,DP-S,NOT_APPLICABLE,no_applicable_archetype_tag,iso_date,milestone,1100,date,not_applicable
transportation_dedicated_parser_support_scope_v1,transportation_parser_support_v1,transportation_operating_archetypes_v1,804eeba846c75abc321df0821fe82a05e7bee9719cecff45798be0c82176ab7c,RLGT,active,surface_freight_and_logistics,Integrated Freight & Logistics,surface_logistics,surface_logistics,0,airline_fuel_consumed,fuel_efficiency_per_capacity_unit,air,DP-S,NOT_APPLICABLE,no_applicable_archetype_tag,fuel_volume,fiscal_period,550,nonnegative,not_applicable
transportation_dedicated_parser_support_scope_v1,transportation_parser_support_v1,transportation_operating_archetypes_v1,804eeba846c75abc321df0821fe82a05e7bee9719cecff45798be0c82176ab7c,RLGT,active,surface_freight_and_logistics,Integrated Freight & Logistics,surface_logistics,surface_logistics,0,airline_capacity_units,fuel_efficiency_per_capacity_unit|fuel_cost_per_capacity_unit,air,DP-S,NOT_APPLICABLE,no_applicable_archetype_tag,capacity_units,fiscal_period,550,nonnegative,not_applicable
transportation_dedicated_parser_support_scope_v1,transportation_parser_support_v1,transportation_operating_archetypes_v1,804eeba846c75abc321df0821fe82a05e7bee9719cecff45798be0c82176ab7c,RLGT,active,surface_freight_and_logistics,Integrated Freight & Logistics,surface_logistics,surface_logistics,0,airline_fuel_expense,fuel_cost_per_capacity_unit,air,DP-S,NOT_APPLICABLE,no_applicable_archetype_tag,currency,fiscal_period,550,nonnegative,not_applicable
transportation_dedicated_parser_support_scope_v1,transportation_parser_support_v1,transportation_operating_archetypes_v1,804eeba846c75abc321df0821fe82a05e7bee9719cecff45798be0c82176ab7c,RLGT,active,surface_freight_and_logistics,Integrated Freight & Logistics,surface_logistics,surface_logistics,0,airport_aeronautical_revenue,aeronautical_revenue_per_passenger,air,DP-S,NOT_APPLICABLE,no_applicable_archetype_tag,currency,fiscal_period,550,nonnegative,not_applicable
transportation_dedicated_parser_support_scope_v1,transportation_parser_support_v1,transportation_operating_archetypes_v1,804eeba846c75abc321df0821fe82a05e7bee9719cecff45798be0c82176ab7c,RLGT,active,surface_freight_and_logistics,Integrated Freight & Logistics,surface_logistics,surface_logistics,0,airport_non_aeronautical_revenue,non_aeronautical_revenue_per_passenger,air,DP-S,NOT_APPLICABLE,no_applicable_archetype_tag,currency,fiscal_period,550,nonnegative,not_applicable
transportation_dedicated_parser_support_scope_v1,transportation_parser_support_v1,transportation_operating_archetypes_v1,804eeba846c75abc321df0821fe82a05e7bee9719cecff45798be0c82176ab7c,RLGT,active,surface_freight_and_logistics,Integrated Freight & Logistics,surface_logistics,surface_logistics,0,airport_passenger_throughput,aeronautical_revenue_per_passenger|non_aeronautical_revenue_per_passenger,air,DP-S,NOT_APPLICABLE,no_applicable_archetype_tag,count,fiscal_period,550,nonnegative_integer,not_applicable
transportation_dedicated_parser_support_scope_v1,transportation_parser_support_v1,transportation_operating_archetypes_v1,804eeba846c75abc321df0821fe82a05e7bee9719cecff45798be0c82176ab7c,RLGT,active,surface_freight_and_logistics,Integrated Freight & Logistics,surface_logistics,surface_logistics,0,milestone_target_date,milestone_slippage_days,development,DP-S,NOT_APPLICABLE,no_applicable_archetype_tag,iso_date,milestone,1100,date,not_applicable
transportation_dedicated_parser_support_scope_v1,transportation_parser_support_v1,transportation_operating_archetypes_v1,804eeba846c75abc321df0821fe82a05e7bee9719cecff45798be0c82176ab7c,RRTS,delisted_usable,surface_freight_and_logistics,Trucking,surface_trucking,surface_trucking,0,airline_fuel_consumed,fuel_efficiency_per_capacity_unit,air,DP-S,NOT_APPLICABLE,no_applicable_archetype_tag,fuel_volume,fiscal_period,550,nonnegative,not_applicable
transportation_dedicated_parser_support_scope_v1,transportation_parser_support_v1,transportation_operating_archetypes_v1,804eeba846c75abc321df0821fe82a05e7bee9719cecff45798be0c82176ab7c,RRTS,delisted_usable,surface_freight_and_logistics,Trucking,surface_trucking,surface_trucking,0,airline_capacity_units,fuel_efficiency_per_capacity_unit|fuel_cost_per_capacity_unit,air,DP-S,NOT_APPLICABLE,no_applicable_archetype_tag,capacity_units,fiscal_period,550,nonnegative,not_applicable
transportation_dedicated_parser_support_scope_v1,transportation_parser_support_v1,transportation_operating_archetypes_v1,804eeba846c75abc321df0821fe82a05e7bee9719cecff45798be0c82176ab7c,RRTS,delisted_usable,surface_freight_and_logistics,Trucking,surface_trucking,surface_trucking,0,airline_fuel_expense,fuel_cost_per_capacity_unit,air,DP-S,NOT_APPLICABLE,no_applicable_archetype_tag,currency,fiscal_period,550,nonnegative,not_applicable
transportation_dedicated_parser_support_scope_v1,transportation_parser_support_v1,transportation_operating_archetypes_v1,804eeba846c75abc321df0821fe82a05e7bee9719cecff45798be0c82176ab7c,RRTS,delisted_usable,surface_freight_and_logistics,Trucking,surface_trucking,surface_trucking,0,airport_aeronautical_revenue,aeronautical_revenue_per_passenger,air,DP-S,NOT_APPLICABLE,no_applicable_archetype_tag,currency,fiscal_period,550,nonnegative,not_applicable
transportation_dedicated_parser_support_scope_v1,transportation_parser_support_v1,transportation_operating_archetypes_v1,804eeba846c75abc321df0821fe82a05e7bee9719cecff45798be0c82176ab7c,RRTS,delisted_usable,surface_freight_and_logistics,Trucking,surface_trucking,surface_trucking,0,airport_non_aeronautical_revenue,non_aeronautical_revenue_per_passenger,air,DP-S,NOT_APPLICABLE,no_applicable_archetype_tag,currency,fiscal_period,550,nonnegative,not_applicable
transportation_dedicated_parser_support_scope_v1,transportation_parser_support_v1,transportation_operating_archetypes_v1,804eeba846c75abc321df0821fe82a05e7bee9719cecff45798be0c82176ab7c,RRTS,delisted_usable,surface_freight_and_logistics,Trucking,surface_trucking,surface_trucking,0,airport_passenger_throughput,aeronautical_revenue_per_passenger|non_aeronautical_revenue_per_passenger,air,DP-S,NOT_APPLICABLE,no_applicable_archetype_tag,count,fiscal_period,550,nonnegative_integer,not_applicable
transportation_dedicated_parser_support_scope_v1,transportation_parser_support_v1,transportation_operating_archetypes_v1,804eeba846c75abc321df0821fe82a05e7bee9719cecff45798be0c82176ab7c,RRTS,delisted_usable,surface_freight_and_logistics,Trucking,surface_trucking,surface_trucking,0,milestone_target_date,milestone_slippage_days,development,DP-S,NOT_APPLICABLE,no_applicable_archetype_tag,iso_date,milestone,1100,date,not_applicable
transportation_dedicated_parser_support_scope_v1,transportation_parser_support_v1,transportation_operating_archetypes_v1,804eeba846c75abc321df0821fe82a05e7bee9719cecff45798be0c82176ab7c,RUBI,active,development_stage_and_speculative_transport,Marine Shipping,marine_operator,development_all|marine_operator,1,airline_fuel_consumed,fuel_efficiency_per_capacity_unit,air,DP-S,NOT_APPLICABLE,no_applicable_archetype_tag,fuel_volume,fiscal_period,550,nonnegative,not_applicable
transportation_dedicated_parser_support_scope_v1,transportation_parser_support_v1,transportation_operating_archetypes_v1,804eeba846c75abc321df0821fe82a05e7bee9719cecff45798be0c82176ab7c,RUBI,active,development_stage_and_speculative_transport,Marine Shipping,marine_operator,development_all|marine_operator,1,airline_capacity_units,fuel_efficiency_per_capacity_unit|fuel_cost_per_capacity_unit,air,DP-S,NOT_APPLICABLE,no_applicable_archetype_tag,capacity_units,fiscal_period,550,nonnegative,not_applicable
transportation_dedicated_parser_support_scope_v1,transportation_parser_support_v1,transportation_operating_archetypes_v1,804eeba846c75abc321df0821fe82a05e7bee9719cecff45798be0c82176ab7c,RUBI,active,development_stage_and_speculative_transport,Marine Shipping,marine_operator,development_all|marine_operator,1,airline_fuel_expense,fuel_cost_per_capacity_unit,air,DP-S,NOT_APPLICABLE,no_applicable_archetype_tag,currency,fiscal_period,550,nonnegative,not_applicable
transportation_dedicated_parser_support_scope_v1,transportation_parser_support_v1,transportation_operating_archetypes_v1,804eeba846c75abc321df0821fe82a05e7bee9719cecff45798be0c82176ab7c,RUBI,active,development_stage_and_speculative_transport,Marine Shipping,marine_operator,development_all|marine_operator,1,airport_aeronautical_revenue,aeronautical_revenue_per_passenger,air,DP-S,NOT_APPLICABLE,no_applicable_archetype_tag,currency,fiscal_period,550,nonnegative,not_applicable
transportation_dedicated_parser_support_scope_v1,transportation_parser_support_v1,transportation_operating_archetypes_v1,804eeba846c75abc321df0821fe82a05e7bee9719cecff45798be0c82176ab7c,RUBI,active,development_stage_and_speculative_transport,Marine Shipping,marine_operator,development_all|marine_operator,1,airport_non_aeronautical_revenue,non_aeronautical_revenue_per_passenger,air,DP-S,NOT_APPLICABLE,no_applicable_archetype_tag,currency,fiscal_period,550,nonnegative,not_applicable
transportation_dedicated_parser_support_scope_v1,transportation_parser_support_v1,transportation_operating_archetypes_v1,804eeba846c75abc321df0821fe82a05e7bee9719cecff45798be0c82176ab7c,RUBI,active,development_stage_and_speculative_transport,Marine Shipping,marine_operator,development_all|marine_operator,1,airport_passenger_throughput,aeronautical_revenue_per_passenger|non_aeronautical_revenue_per_passenger,air,DP-S,NOT_APPLICABLE,no_applicable_archetype_tag,count,fiscal_period,550,nonnegative_integer,not_applicable
transportation_dedicated_parser_support_scope_v1,transportation_parser_support_v1,transportation_operating_archetypes_v1,804eeba846c75abc321df0821fe82a05e7bee9719cecff45798be0c82176ab7c,RUBI,active,development_stage_and_speculative_transport,Marine Shipping,marine_operator,development_all|marine_operator,1,milestone_target_date,milestone_slippage_days,development,DP-S,NOT_APPLICABLE,no_applicable_archetype_tag,iso_date,milestone,1100,date,not_applicable
transportation_dedicated_parser_support_scope_v1,transportation_parser_support_v1,transportation_operating_archetypes_v1,804eeba846c75abc321df0821fe82a05e7bee9719cecff45798be0c82176ab7c,RVSN,active,development_stage_and_speculative_transport,Railroads,precommercial_transport,development_all|precommercial_transport|ramping,1,airline_fuel_consumed,fuel_efficiency_per_capacity_unit,air,DP-S,NOT_APPLICABLE,no_applicable_archetype_tag,fuel_volume,fiscal_period,550,nonnegative,not_applicable
transportation_dedicated_parser_support_scope_v1,transportation_parser_support_v1,transportation_operating_archetypes_v1,804eeba846c75abc321df0821fe82a05e7bee9719cecff45798be0c82176ab7c,RVSN,active,development_stage_and_speculative_transport,Railroads,precommercial_transport,development_all|precommercial_transport|ramping,1,airline_capacity_units,fuel_efficiency_per_capacity_unit|fuel_cost_per_capacity_unit,air,DP-S,NOT_APPLICABLE,no_applicable_archetype_tag,capacity_units,fiscal_period,550,nonnegative,not_applicable
transportation_dedicated_parser_support_scope_v1,transportation_parser_support_v1,transportation_operating_archetypes_v1,804eeba846c75abc321df0821fe82a05e7bee9719cecff45798be0c82176ab7c,RVSN,active,development_stage_and_speculative_transport,Railroads,precommercial_transport,development_all|precommercial_transport|ramping,1,airline_fuel_expense,fuel_cost_per_capacity_unit,air,DP-S,NOT_APPLICABLE,no_applicable_archetype_tag,currency,fiscal_period,550,nonnegative,not_applicable
transportation_dedicated_parser_support_scope_v1,transportation_parser_support_v1,transportation_operating_archetypes_v1,804eeba846c75abc321df0821fe82a05e7bee9719cecff45798be0c82176ab7c,RVSN,active,development_stage_and_speculative_transport,Railroads,precommercial_transport,development_all|precommercial_transport|ramping,1,airport_aeronautical_revenue,aeronautical_revenue_per_passenger,air,DP-S,NOT_APPLICABLE,no_applicable_archetype_tag,currency,fiscal_period,550,nonnegative,not_applicable
transportation_dedicated_parser_support_scope_v1,transportation_parser_support_v1,transportation_operating_archetypes_v1,804eeba846c75abc321df0821fe82a05e7bee9719cecff45798be0c82176ab7c,RVSN,active,development_stage_and_speculative_transport,Railroads,precommercial_transport,development_all|precommercial_transport|ramping,1,airport_non_aeronautical_revenue,non_aeronautical_revenue_per_passenger,air,DP-S,NOT_APPLICABLE,no_applicable_archetype_tag,currency,fiscal_period,550,nonnegative,not_applicable
transportation_dedicated_parser_support_scope_v1,transportation_parser_support_v1,transportation_operating_archetypes_v1,804eeba846c75abc321df0821fe82a05e7bee9719cecff45798be0c82176ab7c,RVSN,active,development_stage_and_speculative_transport,Railroads,precommercial_transport,development_all|precommercial_transport|ramping,1,airport_passenger_throughput,aeronautical_revenue_per_passenger|non_aeronautical_revenue_per_passenger,air,DP-S,NOT_APPLICABLE,no_applicable_archetype_tag,count,fiscal_period,550,nonnegative_integer,not_applicable
transportation_dedicated_parser_support_scope_v1,transportation_parser_support_v1,transportation_operating_archetypes_v1,804eeba846c75abc321df0821fe82a05e7bee9719cecff45798be0c82176ab7c,RVSN,active,development_stage_and_speculative_transport,Railroads,precommercial_transport,development_all|precommercial_transport|ramping,1,milestone_target_date,milestone_slippage_days,development,DP-S,APPLICABLE,tag_match:precommercial_transport,iso_date,milestone,1100,date,coverage_pending
transportation_dedicated_parser_support_scope_v1,transportation_parser_support_v1,transportation_operating_archetypes_v1,804eeba846c75abc321df0821fe82a05e7bee9719cecff45798be0c82176ab7c,RXO,active,surface_freight_and_logistics,Trucking,surface_trucking,surface_trucking,0,airline_fuel_consumed,fuel_efficiency_per_capacity_unit,air,DP-S,NOT_APPLICABLE,no_applicable_archetype_tag,fuel_volume,fiscal_period,550,nonnegative,not_applicable
transportation_dedicated_parser_support_scope_v1,transportation_parser_support_v1,transportation_operating_archetypes_v1,804eeba846c75abc321df0821fe82a05e7bee9719cecff45798be0c82176ab7c,RXO,active,surface_freight_and_logistics,Trucking,surface_trucking,surface_trucking,0,airline_capacity_units,fuel_efficiency_per_capacity_unit|fuel_cost_per_capacity_unit,air,DP-S,NOT_APPLICABLE,no_applicable_archetype_tag,capacity_units,fiscal_period,550,nonnegative,not_applicable
transportation_dedicated_parser_support_scope_v1,transportation_parser_support_v1,transportation_operating_archetypes_v1,804eeba846c75abc321df0821fe82a05e7bee9719cecff45798be0c82176ab7c,RXO,active,surface_freight_and_logistics,Trucking,surface_trucking,surface_trucking,0,airline_fuel_expense,fuel_cost_per_capacity_unit,air,DP-S,NOT_APPLICABLE,no_applicable_archetype_tag,currency,fiscal_period,550,nonnegative,not_applicable
transportation_dedicated_parser_support_scope_v1,transportation_parser_support_v1,transportation_operating_archetypes_v1,804eeba846c75abc321df0821fe82a05e7bee9719cecff45798be0c82176ab7c,RXO,active,surface_freight_and_logistics,Trucking,surface_trucking,surface_trucking,0,airport_aeronautical_revenue,aeronautical_revenue_per_passenger,air,DP-S,NOT_APPLICABLE,no_applicable_archetype_tag,currency,fiscal_period,550,nonnegative,not_applicable
transportation_dedicated_parser_support_scope_v1,transportation_parser_support_v1,transportation_operating_archetypes_v1,804eeba846c75abc321df0821fe82a05e7bee9719cecff45798be0c82176ab7c,RXO,active,surface_freight_and_logistics,Trucking,surface_trucking,surface_trucking,0,airport_non_aeronautical_revenue,non_aeronautical_revenue_per_passenger,air,DP-S,NOT_APPLICABLE,no_applicable_archetype_tag,currency,fiscal_period,550,nonnegative,not_applicable
transportation_dedicated_parser_support_scope_v1,transportation_parser_support_v1,transportation_operating_archetypes_v1,804eeba846c75abc321df0821fe82a05e7bee9719cecff45798be0c82176ab7c,RXO,active,surface_freight_and_logistics,Trucking,surface_trucking,surface_trucking,0,airport_passenger_throughput,aeronautical_revenue_per_passenger|non_aeronautical_revenue_per_passenger,air,DP-S,NOT_APPLICABLE,no_applicable_archetype_tag,count,fiscal_period,550,nonnegative_integer,not_applicable
transportation_dedicated_parser_support_scope_v1,transportation_parser_support_v1,transportation_operating_archetypes_v1,804eeba846c75abc321df0821fe82a05e7bee9719cecff45798be0c82176ab7c,RXO,active,surface_freight_and_logistics,Trucking,surface_trucking,surface_trucking,0,milestone_target_date,milestone_slippage_days,development,DP-S,NOT_APPLICABLE,no_applicable_archetype_tag,iso_date,milestone,1100,date,not_applicable
transportation_dedicated_parser_support_scope_v1,transportation_parser_support_v1,transportation_operating_archetypes_v1,804eeba846c75abc321df0821fe82a05e7bee9719cecff45798be0c82176ab7c,RYAAY,active,air_transport_and_aviation_services,Airlines,passenger_airline,passenger_airline,0,airline_fuel_consumed,fuel_efficiency_per_capacity_unit,air,DP-S,APPLICABLE,tag_match:passenger_airline,fuel_volume,fiscal_period,550,nonnegative,coverage_pending
transportation_dedicated_parser_support_scope_v1,transportation_parser_support_v1,transportation_operating_archetypes_v1,804eeba846c75abc321df0821fe82a05e7bee9719cecff45798be0c82176ab7c,RYAAY,active,air_transport_and_aviation_services,Airlines,passenger_airline,passenger_airline,0,airline_capacity_units,fuel_efficiency_per_capacity_unit|fuel_cost_per_capacity_unit,air,DP-S,APPLICABLE,tag_match:passenger_airline,capacity_units,fiscal_period,550,nonnegative,coverage_pending
transportation_dedicated_parser_support_scope_v1,transportation_parser_support_v1,transportation_operating_archetypes_v1,804eeba846c75abc321df0821fe82a05e7bee9719cecff45798be0c82176ab7c,RYAAY,active,air_transport_and_aviation_services,Airlines,passenger_airline,passenger_airline,0,airline_fuel_expense,fuel_cost_per_capacity_unit,air,DP-S,APPLICABLE,tag_match:passenger_airline,currency,fiscal_period,550,nonnegative,coverage_pending
transportation_dedicated_parser_support_scope_v1,transportation_parser_support_v1,transportation_operating_archetypes_v1,804eeba846c75abc321df0821fe82a05e7bee9719cecff45798be0c82176ab7c,RYAAY,active,air_transport_and_aviation_services,Airlines,passenger_airline,passenger_airline,0,airport_aeronautical_revenue,aeronautical_revenue_per_passenger,air,DP-S,NOT_APPLICABLE,no_applicable_archetype_tag,currency,fiscal_period,550,nonnegative,not_applicable
transportation_dedicated_parser_support_scope_v1,transportation_parser_support_v1,transportation_operating_archetypes_v1,804eeba846c75abc321df0821fe82a05e7bee9719cecff45798be0c82176ab7c,RYAAY,active,air_transport_and_aviation_services,Airlines,passenger_airline,passenger_airline,0,airport_non_aeronautical_revenue,non_aeronautical_revenue_per_passenger,air,DP-S,NOT_APPLICABLE,no_applicable_archetype_tag,currency,fiscal_period,550,nonnegative,not_applicable
transportation_dedicated_parser_support_scope_v1,transportation_parser_support_v1,transportation_operating_archetypes_v1,804eeba846c75abc321df0821fe82a05e7bee9719cecff45798be0c82176ab7c,RYAAY,active,air_transport_and_aviation_services,Airlines,passenger_airline,passenger_airline,0,airport_passenger_throughput,aeronautical_revenue_per_passenger|non_aeronautical_revenue_per_passenger,air,DP-S,NOT_APPLICABLE,no_applicable_archetype_tag,count,fiscal_period,550,nonnegative_integer,not_applicable
transportation_dedicated_parser_support_scope_v1,transportation_parser_support_v1,transportation_operating_archetypes_v1,804eeba846c75abc321df0821fe82a05e7bee9719cecff45798be0c82176ab7c,RYAAY,active,air_transport_and_aviation_services,Airlines,passenger_airline,passenger_airline,0,milestone_target_date,milestone_slippage_days,development,DP-S,NOT_APPLICABLE,no_applicable_archetype_tag,iso_date,milestone,1100,date,not_applicable
transportation_dedicated_parser_support_scope_v1,transportation_parser_support_v1,transportation_operating_archetypes_v1,804eeba846c75abc321df0821fe82a05e7bee9719cecff45798be0c82176ab7c,SAIA,active,surface_freight_and_logistics,Trucking,surface_trucking,surface_trucking,0,airline_fuel_consumed,fuel_efficiency_per_capacity_unit,air,DP-S,NOT_APPLICABLE,no_applicable_archetype_tag,fuel_volume,fiscal_period,550,nonnegative,not_applicable
transportation_dedicated_parser_support_scope_v1,transportation_parser_support_v1,transportation_operating_archetypes_v1,804eeba846c75abc321df0821fe82a05e7bee9719cecff45798be0c82176ab7c,SAIA,active,surface_freight_and_logistics,Trucking,surface_trucking,surface_trucking,0,airline_capacity_units,fuel_efficiency_per_capacity_unit|fuel_cost_per_capacity_unit,air,DP-S,NOT_APPLICABLE,no_applicable_archetype_tag,capacity_units,fiscal_period,550,nonnegative,not_applicable
transportation_dedicated_parser_support_scope_v1,transportation_parser_support_v1,transportation_operating_archetypes_v1,804eeba846c75abc321df0821fe82a05e7bee9719cecff45798be0c82176ab7c,SAIA,active,surface_freight_and_logistics,Trucking,surface_trucking,surface_trucking,0,airline_fuel_expense,fuel_cost_per_capacity_unit,air,DP-S,NOT_APPLICABLE,no_applicable_archetype_tag,currency,fiscal_period,550,nonnegative,not_applicable
transportation_dedicated_parser_support_scope_v1,transportation_parser_support_v1,transportation_operating_archetypes_v1,804eeba846c75abc321df0821fe82a05e7bee9719cecff45798be0c82176ab7c,SAIA,active,surface_freight_and_logistics,Trucking,surface_trucking,surface_trucking,0,airport_aeronautical_revenue,aeronautical_revenue_per_passenger,air,DP-S,NOT_APPLICABLE,no_applicable_archetype_tag,currency,fiscal_period,550,nonnegative,not_applicable
transportation_dedicated_parser_support_scope_v1,transportation_parser_support_v1,transportation_operating_archetypes_v1,804eeba846c75abc321df0821fe82a05e7bee9719cecff45798be0c82176ab7c,SAIA,active,surface_freight_and_logistics,Trucking,surface_trucking,surface_trucking,0,airport_non_aeronautical_revenue,non_aeronautical_revenue_per_passenger,air,DP-S,NOT_APPLICABLE,no_applicable_archetype_tag,currency,fiscal_period,550,nonnegative,not_applicable
transportation_dedicated_parser_support_scope_v1,transportation_parser_support_v1,transportation_operating_archetypes_v1,804eeba846c75abc321df0821fe82a05e7bee9719cecff45798be0c82176ab7c,SAIA,active,surface_freight_and_logistics,Trucking,surface_trucking,surface_trucking,0,airport_passenger_throughput,aeronautical_revenue_per_passenger|non_aeronautical_revenue_per_passenger,air,DP-S,NOT_APPLICABLE,no_applicable_archetype_tag,count,fiscal_period,550,nonnegative_integer,not_applicable
transportation_dedicated_parser_support_scope_v1,transportation_parser_support_v1,transportation_operating_archetypes_v1,804eeba846c75abc321df0821fe82a05e7bee9719cecff45798be0c82176ab7c,SAIA,active,surface_freight_and_logistics,Trucking,surface_trucking,surface_trucking,0,milestone_target_date,milestone_slippage_days,development,DP-S,NOT_APPLICABLE,no_applicable_archetype_tag,iso_date,milestone,1100,date,not_applicable
transportation_dedicated_parser_support_scope_v1,transportation_parser_support_v1,transportation_operating_archetypes_v1,804eeba846c75abc321df0821fe82a05e7bee9719cecff45798be0c82176ab7c,SAVE,delisted_usable,air_transport_and_aviation_services,Airlines,passenger_airline,passenger_airline,0,airline_fuel_consumed,fuel_efficiency_per_capacity_unit,air,DP-S,APPLICABLE,tag_match:passenger_airline,fuel_volume,fiscal_period,550,nonnegative,coverage_pending
transportation_dedicated_parser_support_scope_v1,transportation_parser_support_v1,transportation_operating_archetypes_v1,804eeba846c75abc321df0821fe82a05e7bee9719cecff45798be0c82176ab7c,SAVE,delisted_usable,air_transport_and_aviation_services,Airlines,passenger_airline,passenger_airline,0,airline_capacity_units,fuel_efficiency_per_capacity_unit|fuel_cost_per_capacity_unit,air,DP-S,APPLICABLE,tag_match:passenger_airline,capacity_units,fiscal_period,550,nonnegative,coverage_pending
transportation_dedicated_parser_support_scope_v1,transportation_parser_support_v1,transportation_operating_archetypes_v1,804eeba846c75abc321df0821fe82a05e7bee9719cecff45798be0c82176ab7c,SAVE,delisted_usable,air_transport_and_aviation_services,Airlines,passenger_airline,passenger_airline,0,airline_fuel_expense,fuel_cost_per_capacity_unit,air,DP-S,APPLICABLE,tag_match:passenger_airline,currency,fiscal_period,550,nonnegative,coverage_pending
transportation_dedicated_parser_support_scope_v1,transportation_parser_support_v1,transportation_operating_archetypes_v1,804eeba846c75abc321df0821fe82a05e7bee9719cecff45798be0c82176ab7c,SAVE,delisted_usable,air_transport_and_aviation_services,Airlines,passenger_airline,passenger_airline,0,airport_aeronautical_revenue,aeronautical_revenue_per_passenger,air,DP-S,NOT_APPLICABLE,no_applicable_archetype_tag,currency,fiscal_period,550,nonnegative,not_applicable
transportation_dedicated_parser_support_scope_v1,transportation_parser_support_v1,transportation_operating_archetypes_v1,804eeba846c75abc321df0821fe82a05e7bee9719cecff45798be0c82176ab7c,SAVE,delisted_usable,air_transport_and_aviation_services,Airlines,passenger_airline,passenger_airline,0,airport_non_aeronautical_revenue,non_aeronautical_revenue_per_passenger,air,DP-S,NOT_APPLICABLE,no_applicable_archetype_tag,currency,fiscal_period,550,nonnegative,not_applicable
transportation_dedicated_parser_support_scope_v1,transportation_parser_support_v1,transportation_operating_archetypes_v1,804eeba846c75abc321df0821fe82a05e7bee9719cecff45798be0c82176ab7c,SAVE,delisted_usable,air_transport_and_aviation_services,Airlines,passenger_airline,passenger_airline,0,airport_passenger_throughput,aeronautical_revenue_per_passenger|non_aeronautical_revenue_per_passenger,air,DP-S,NOT_APPLICABLE,no_applicable_archetype_tag,count,fiscal_period,550,nonnegative_integer,not_applicable
transportation_dedicated_parser_support_scope_v1,transportation_parser_support_v1,transportation_operating_archetypes_v1,804eeba846c75abc321df0821fe82a05e7bee9719cecff45798be0c82176ab7c,SAVE,delisted_usable,air_transport_and_aviation_services,Airlines,passenger_airline,passenger_airline,0,milestone_target_date,milestone_slippage_days,development,DP-S,NOT_APPLICABLE,no_applicable_archetype_tag,iso_date,milestone,1100,date,not_applicable
transportation_dedicated_parser_support_scope_v1,transportation_parser_support_v1,transportation_operating_archetypes_v1,804eeba846c75abc321df0821fe82a05e7bee9719cecff45798be0c82176ab7c,SB,active,marine_shipping_and_maritime,Marine Shipping,marine_operator,marine_operator,0,airline_fuel_consumed,fuel_efficiency_per_capacity_unit,air,DP-S,NOT_APPLICABLE,no_applicable_archetype_tag,fuel_volume,fiscal_period,550,nonnegative,not_applicable
transportation_dedicated_parser_support_scope_v1,transportation_parser_support_v1,transportation_operating_archetypes_v1,804eeba846c75abc321df0821fe82a05e7bee9719cecff45798be0c82176ab7c,SB,active,marine_shipping_and_maritime,Marine Shipping,marine_operator,marine_operator,0,airline_capacity_units,fuel_efficiency_per_capacity_unit|fuel_cost_per_capacity_unit,air,DP-S,NOT_APPLICABLE,no_applicable_archetype_tag,capacity_units,fiscal_period,550,nonnegative,not_applicable
transportation_dedicated_parser_support_scope_v1,transportation_parser_support_v1,transportation_operating_archetypes_v1,804eeba846c75abc321df0821fe82a05e7bee9719cecff45798be0c82176ab7c,SB,active,marine_shipping_and_maritime,Marine Shipping,marine_operator,marine_operator,0,airline_fuel_expense,fuel_cost_per_capacity_unit,air,DP-S,NOT_APPLICABLE,no_applicable_archetype_tag,currency,fiscal_period,550,nonnegative,not_applicable
transportation_dedicated_parser_support_scope_v1,transportation_parser_support_v1,transportation_operating_archetypes_v1,804eeba846c75abc321df0821fe82a05e7bee9719cecff45798be0c82176ab7c,SB,active,marine_shipping_and_maritime,Marine Shipping,marine_operator,marine_operator,0,airport_aeronautical_revenue,aeronautical_revenue_per_passenger,air,DP-S,NOT_APPLICABLE,no_applicable_archetype_tag,currency,fiscal_period,550,nonnegative,not_applicable
transportation_dedicated_parser_support_scope_v1,transportation_parser_support_v1,transportation_operating_archetypes_v1,804eeba846c75abc321df0821fe82a05e7bee9719cecff45798be0c82176ab7c,SB,active,marine_shipping_and_maritime,Marine Shipping,marine_operator,marine_operator,0,airport_non_aeronautical_revenue,non_aeronautical_revenue_per_passenger,air,DP-S,NOT_APPLICABLE,no_applicable_archetype_tag,currency,fiscal_period,550,nonnegative,not_applicable
transportation_dedicated_parser_support_scope_v1,transportation_parser_support_v1,transportation_operating_archetypes_v1,804eeba846c75abc321df0821fe82a05e7bee9719cecff45798be0c82176ab7c,SB,active,marine_shipping_and_maritime,Marine Shipping,marine_operator,marine_operator,0,airport_passenger_throughput,aeronautical_revenue_per_passenger|non_aeronautical_revenue_per_passenger,air,DP-S,NOT_APPLICABLE,no_applicable_archetype_tag,count,fiscal_period,550,nonnegative_integer,not_applicable
transportation_dedicated_parser_support_scope_v1,transportation_parser_support_v1,transportation_operating_archetypes_v1,804eeba846c75abc321df0821fe82a05e7bee9719cecff45798be0c82176ab7c,SB,active,marine_shipping_and_maritime,Marine Shipping,marine_operator,marine_operator,0,milestone_target_date,milestone_slippage_days,development,DP-S,NOT_APPLICABLE,no_applicable_archetype_tag,iso_date,milestone,1100,date,not_applicable
transportation_dedicated_parser_support_scope_v1,transportation_parser_support_v1,transportation_operating_archetypes_v1,804eeba846c75abc321df0821fe82a05e7bee9719cecff45798be0c82176ab7c,SBLK,active,marine_shipping_and_maritime,Marine Shipping,marine_operator,marine_operator,0,airline_fuel_consumed,fuel_efficiency_per_capacity_unit,air,DP-S,NOT_APPLICABLE,no_applicable_archetype_tag,fuel_volume,fiscal_period,550,nonnegative,not_applicable
transportation_dedicated_parser_support_scope_v1,transportation_parser_support_v1,transportation_operating_archetypes_v1,804eeba846c75abc321df0821fe82a05e7bee9719cecff45798be0c82176ab7c,SBLK,active,marine_shipping_and_maritime,Marine Shipping,marine_operator,marine_operator,0,airline_capacity_units,fuel_efficiency_per_capacity_unit|fuel_cost_per_capacity_unit,air,DP-S,NOT_APPLICABLE,no_applicable_archetype_tag,capacity_units,fiscal_period,550,nonnegative,not_applicable
transportation_dedicated_parser_support_scope_v1,transportation_parser_support_v1,transportation_operating_archetypes_v1,804eeba846c75abc321df0821fe82a05e7bee9719cecff45798be0c82176ab7c,SBLK,active,marine_shipping_and_maritime,Marine Shipping,marine_operator,marine_operator,0,airline_fuel_expense,fuel_cost_per_capacity_unit,air,DP-S,NOT_APPLICABLE,no_applicable_archetype_tag,currency,fiscal_period,550,nonnegative,not_applicable
transportation_dedicated_parser_support_scope_v1,transportation_parser_support_v1,transportation_operating_archetypes_v1,804eeba846c75abc321df0821fe82a05e7bee9719cecff45798be0c82176ab7c,SBLK,active,marine_shipping_and_maritime,Marine Shipping,marine_operator,marine_operator,0,airport_aeronautical_revenue,aeronautical_revenue_per_passenger,air,DP-S,NOT_APPLICABLE,no_applicable_archetype_tag,currency,fiscal_period,550,nonnegative,not_applicable
transportation_dedicated_parser_support_scope_v1,transportation_parser_support_v1,transportation_operating_archetypes_v1,804eeba846c75abc321df0821fe82a05e7bee9719cecff45798be0c82176ab7c,SBLK,active,marine_shipping_and_maritime,Marine Shipping,marine_operator,marine_operator,0,airport_non_aeronautical_revenue,non_aeronautical_revenue_per_passenger,air,DP-S,NOT_APPLICABLE,no_applicable_archetype_tag,currency,fiscal_period,550,nonnegative,not_applicable
transportation_dedicated_parser_support_scope_v1,transportation_parser_support_v1,transportation_operating_archetypes_v1,804eeba846c75abc321df0821fe82a05e7bee9719cecff45798be0c82176ab7c,SBLK,active,marine_shipping_and_maritime,Marine Shipping,marine_operator,marine_operator,0,airport_passenger_throughput,aeronautical_revenue_per_passenger|non_aeronautical_revenue_per_passenger,air,DP-S,NOT_APPLICABLE,no_applicable_archetype_tag,count,fiscal_period,550,nonnegative_integer,not_applicable
transportation_dedicated_parser_support_scope_v1,transportation_parser_support_v1,transportation_operating_archetypes_v1,804eeba846c75abc321df0821fe82a05e7bee9719cecff45798be0c82176ab7c,SBLK,active,marine_shipping_and_maritime,Marine Shipping,marine_operator,marine_operator,0,milestone_target_date,milestone_slippage_days,development,DP-S,NOT_APPLICABLE,no_applicable_archetype_tag,iso_date,milestone,1100,date,not_applicable
transportation_dedicated_parser_support_scope_v1,transportation_parser_support_v1,transportation_operating_archetypes_v1,804eeba846c75abc321df0821fe82a05e7bee9719cecff45798be0c82176ab7c,SFWL,active,development_stage_and_speculative_transport,Integrated Freight & Logistics,surface_logistics,development_all|surface_logistics,1,airline_fuel_consumed,fuel_efficiency_per_capacity_unit,air,DP-S,NOT_APPLICABLE,no_applicable_archetype_tag,fuel_volume,fiscal_period,550,nonnegative,not_applicable
transportation_dedicated_parser_support_scope_v1,transportation_parser_support_v1,transportation_operating_archetypes_v1,804eeba846c75abc321df0821fe82a05e7bee9719cecff45798be0c82176ab7c,SFWL,active,development_stage_and_speculative_transport,Integrated Freight & Logistics,surface_logistics,development_all|surface_logistics,1,airline_capacity_units,fuel_efficiency_per_capacity_unit|fuel_cost_per_capacity_unit,air,DP-S,NOT_APPLICABLE,no_applicable_archetype_tag,capacity_units,fiscal_period,550,nonnegative,not_applicable
transportation_dedicated_parser_support_scope_v1,transportation_parser_support_v1,transportation_operating_archetypes_v1,804eeba846c75abc321df0821fe82a05e7bee9719cecff45798be0c82176ab7c,SFWL,active,development_stage_and_speculative_transport,Integrated Freight & Logistics,surface_logistics,development_all|surface_logistics,1,airline_fuel_expense,fuel_cost_per_capacity_unit,air,DP-S,NOT_APPLICABLE,no_applicable_archetype_tag,currency,fiscal_period,550,nonnegative,not_applicable
transportation_dedicated_parser_support_scope_v1,transportation_parser_support_v1,transportation_operating_archetypes_v1,804eeba846c75abc321df0821fe82a05e7bee9719cecff45798be0c82176ab7c,SFWL,active,development_stage_and_speculative_transport,Integrated Freight & Logistics,surface_logistics,development_all|surface_logistics,1,airport_aeronautical_revenue,aeronautical_revenue_per_passenger,air,DP-S,NOT_APPLICABLE,no_applicable_archetype_tag,currency,fiscal_period,550,nonnegative,not_applicable
transportation_dedicated_parser_support_scope_v1,transportation_parser_support_v1,transportation_operating_archetypes_v1,804eeba846c75abc321df0821fe82a05e7bee9719cecff45798be0c82176ab7c,SFWL,active,development_stage_and_speculative_transport,Integrated Freight & Logistics,surface_logistics,development_all|surface_logistics,1,airport_non_aeronautical_revenue,non_aeronautical_revenue_per_passenger,air,DP-S,NOT_APPLICABLE,no_applicable_archetype_tag,currency,fiscal_period,550,nonnegative,not_applicable
transportation_dedicated_parser_support_scope_v1,transportation_parser_support_v1,transportation_operating_archetypes_v1,804eeba846c75abc321df0821fe82a05e7bee9719cecff45798be0c82176ab7c,SFWL,active,development_stage_and_speculative_transport,Integrated Freight & Logistics,surface_logistics,development_all|surface_logistics,1,airport_passenger_throughput,aeronautical_revenue_per_passenger|non_aeronautical_revenue_per_passenger,air,DP-S,NOT_APPLICABLE,no_applicable_archetype_tag,count,fiscal_period,550,nonnegative_integer,not_applicable
transportation_dedicated_parser_support_scope_v1,transportation_parser_support_v1,transportation_operating_archetypes_v1,804eeba846c75abc321df0821fe82a05e7bee9719cecff45798be0c82176ab7c,SFWL,active,development_stage_and_speculative_transport,Integrated Freight & Logistics,surface_logistics,development_all|surface_logistics,1,milestone_target_date,milestone_slippage_days,development,DP-S,NOT_APPLICABLE,no_applicable_archetype_tag,iso_date,milestone,1100,date,not_applicable
transportation_dedicated_parser_support_scope_v1,transportation_parser_support_v1,transportation_operating_archetypes_v1,804eeba846c75abc321df0821fe82a05e7bee9719cecff45798be0c82176ab7c,SHIP,active,marine_shipping_and_maritime,Marine Shipping,marine_operator,marine_operator,0,airline_fuel_consumed,fuel_efficiency_per_capacity_unit,air,DP-S,NOT_APPLICABLE,no_applicable_archetype_tag,fuel_volume,fiscal_period,550,nonnegative,not_applicable
transportation_dedicated_parser_support_scope_v1,transportation_parser_support_v1,transportation_operating_archetypes_v1,804eeba846c75abc321df0821fe82a05e7bee9719cecff45798be0c82176ab7c,SHIP,active,marine_shipping_and_maritime,Marine Shipping,marine_operator,marine_operator,0,airline_capacity_units,fuel_efficiency_per_capacity_unit|fuel_cost_per_capacity_unit,air,DP-S,NOT_APPLICABLE,no_applicable_archetype_tag,capacity_units,fiscal_period,550,nonnegative,not_applicable
transportation_dedicated_parser_support_scope_v1,transportation_parser_support_v1,transportation_operating_archetypes_v1,804eeba846c75abc321df0821fe82a05e7bee9719cecff45798be0c82176ab7c,SHIP,active,marine_shipping_and_maritime,Marine Shipping,marine_operator,marine_operator,0,airline_fuel_expense,fuel_cost_per_capacity_unit,air,DP-S,NOT_APPLICABLE,no_applicable_archetype_tag,currency,fiscal_period,550,nonnegative,not_applicable
transportation_dedicated_parser_support_scope_v1,transportation_parser_support_v1,transportation_operating_archetypes_v1,804eeba846c75abc321df0821fe82a05e7bee9719cecff45798be0c82176ab7c,SHIP,active,marine_shipping_and_maritime,Marine Shipping,marine_operator,marine_operator,0,airport_aeronautical_revenue,aeronautical_revenue_per_passenger,air,DP-S,NOT_APPLICABLE,no_applicable_archetype_tag,currency,fiscal_period,550,nonnegative,not_applicable
transportation_dedicated_parser_support_scope_v1,transportation_parser_support_v1,transportation_operating_archetypes_v1,804eeba846c75abc321df0821fe82a05e7bee9719cecff45798be0c82176ab7c,SHIP,active,marine_shipping_and_maritime,Marine Shipping,marine_operator,marine_operator,0,airport_non_aeronautical_revenue,non_aeronautical_revenue_per_passenger,air,DP-S,NOT_APPLICABLE,no_applicable_archetype_tag,currency,fiscal_period,550,nonnegative,not_applicable
transportation_dedicated_parser_support_scope_v1,transportation_parser_support_v1,transportation_operating_archetypes_v1,804eeba846c75abc321df0821fe82a05e7bee9719cecff45798be0c82176ab7c,SHIP,active,marine_shipping_and_maritime,Marine Shipping,marine_operator,marine_operator,0,airport_passenger_throughput,aeronautical_revenue_per_passenger|non_aeronautical_revenue_per_passenger,air,DP-S,NOT_APPLICABLE,no_applicable_archetype_tag,count,fiscal_period,550,nonnegative_integer,not_applicable
transportation_dedicated_parser_support_scope_v1,transportation_parser_support_v1,transportation_operating_archetypes_v1,804eeba846c75abc321df0821fe82a05e7bee9719cecff45798be0c82176ab7c,SHIP,active,marine_shipping_and_maritime,Marine Shipping,marine_operator,marine_operator,0,milestone_target_date,milestone_slippage_days,development,DP-S,NOT_APPLICABLE,no_applicable_archetype_tag,iso_date,milestone,1100,date,not_applicable
transportation_dedicated_parser_support_scope_v1,transportation_parser_support_v1,transportation_operating_archetypes_v1,804eeba846c75abc321df0821fe82a05e7bee9719cecff45798be0c82176ab7c,SKYW,active,air_transport_and_aviation_services,Airlines,passenger_airline,passenger_airline,0,airline_fuel_consumed,fuel_efficiency_per_capacity_unit,air,DP-S,APPLICABLE,tag_match:passenger_airline,fuel_volume,fiscal_period,550,nonnegative,coverage_pending
transportation_dedicated_parser_support_scope_v1,transportation_parser_support_v1,transportation_operating_archetypes_v1,804eeba846c75abc321df0821fe82a05e7bee9719cecff45798be0c82176ab7c,SKYW,active,air_transport_and_aviation_services,Airlines,passenger_airline,passenger_airline,0,airline_capacity_units,fuel_efficiency_per_capacity_unit|fuel_cost_per_capacity_unit,air,DP-S,APPLICABLE,tag_match:passenger_airline,capacity_units,fiscal_period,550,nonnegative,coverage_pending
transportation_dedicated_parser_support_scope_v1,transportation_parser_support_v1,transportation_operating_archetypes_v1,804eeba846c75abc321df0821fe82a05e7bee9719cecff45798be0c82176ab7c,SKYW,active,air_transport_and_aviation_services,Airlines,passenger_airline,passenger_airline,0,airline_fuel_expense,fuel_cost_per_capacity_unit,air,DP-S,APPLICABLE,tag_match:passenger_airline,currency,fiscal_period,550,nonnegative,coverage_pending
transportation_dedicated_parser_support_scope_v1,transportation_parser_support_v1,transportation_operating_archetypes_v1,804eeba846c75abc321df0821fe82a05e7bee9719cecff45798be0c82176ab7c,SKYW,active,air_transport_and_aviation_services,Airlines,passenger_airline,passenger_airline,0,airport_aeronautical_revenue,aeronautical_revenue_per_passenger,air,DP-S,NOT_APPLICABLE,no_applicable_archetype_tag,currency,fiscal_period,550,nonnegative,not_applicable
transportation_dedicated_parser_support_scope_v1,transportation_parser_support_v1,transportation_operating_archetypes_v1,804eeba846c75abc321df0821fe82a05e7bee9719cecff45798be0c82176ab7c,SKYW,active,air_transport_and_aviation_services,Airlines,passenger_airline,passenger_airline,0,airport_non_aeronautical_revenue,non_aeronautical_revenue_per_passenger,air,DP-S,NOT_APPLICABLE,no_applicable_archetype_tag,currency,fiscal_period,550,nonnegative,not_applicable
transportation_dedicated_parser_support_scope_v1,transportation_parser_support_v1,transportation_operating_archetypes_v1,804eeba846c75abc321df0821fe82a05e7bee9719cecff45798be0c82176ab7c,SKYW,active,air_transport_and_aviation_services,Airlines,passenger_airline,passenger_airline,0,airport_passenger_throughput,aeronautical_revenue_per_passenger|non_aeronautical_revenue_per_passenger,air,DP-S,NOT_APPLICABLE,no_applicable_archetype_tag,count,fiscal_period,550,nonnegative_integer,not_applicable
transportation_dedicated_parser_support_scope_v1,transportation_parser_support_v1,transportation_operating_archetypes_v1,804eeba846c75abc321df0821fe82a05e7bee9719cecff45798be0c82176ab7c,SKYW,active,air_transport_and_aviation_services,Airlines,passenger_airline,passenger_airline,0,milestone_target_date,milestone_slippage_days,development,DP-S,NOT_APPLICABLE,no_applicable_archetype_tag,iso_date,milestone,1100,date,not_applicable
transportation_dedicated_parser_support_scope_v1,transportation_parser_support_v1,transportation_operating_archetypes_v1,804eeba846c75abc321df0821fe82a05e7bee9719cecff45798be0c82176ab7c,SMHI,active,marine_shipping_and_maritime,Marine Shipping,marine_operator,marine_operator,0,airline_fuel_consumed,fuel_efficiency_per_capacity_unit,air,DP-S,NOT_APPLICABLE,no_applicable_archetype_tag,fuel_volume,fiscal_period,550,nonnegative,not_applicable
transportation_dedicated_parser_support_scope_v1,transportation_parser_support_v1,transportation_operating_archetypes_v1,804eeba846c75abc321df0821fe82a05e7bee9719cecff45798be0c82176ab7c,SMHI,active,marine_shipping_and_maritime,Marine Shipping,marine_operator,marine_operator,0,airline_capacity_units,fuel_efficiency_per_capacity_unit|fuel_cost_per_capacity_unit,air,DP-S,NOT_APPLICABLE,no_applicable_archetype_tag,capacity_units,fiscal_period,550,nonnegative,not_applicable
transportation_dedicated_parser_support_scope_v1,transportation_parser_support_v1,transportation_operating_archetypes_v1,804eeba846c75abc321df0821fe82a05e7bee9719cecff45798be0c82176ab7c,SMHI,active,marine_shipping_and_maritime,Marine Shipping,marine_operator,marine_operator,0,airline_fuel_expense,fuel_cost_per_capacity_unit,air,DP-S,NOT_APPLICABLE,no_applicable_archetype_tag,currency,fiscal_period,550,nonnegative,not_applicable
transportation_dedicated_parser_support_scope_v1,transportation_parser_support_v1,transportation_operating_archetypes_v1,804eeba846c75abc321df0821fe82a05e7bee9719cecff45798be0c82176ab7c,SMHI,active,marine_shipping_and_maritime,Marine Shipping,marine_operator,marine_operator,0,airport_aeronautical_revenue,aeronautical_revenue_per_passenger,air,DP-S,NOT_APPLICABLE,no_applicable_archetype_tag,currency,fiscal_period,550,nonnegative,not_applicable
transportation_dedicated_parser_support_scope_v1,transportation_parser_support_v1,transportation_operating_archetypes_v1,804eeba846c75abc321df0821fe82a05e7bee9719cecff45798be0c82176ab7c,SMHI,active,marine_shipping_and_maritime,Marine Shipping,marine_operator,marine_operator,0,airport_non_aeronautical_revenue,non_aeronautical_revenue_per_passenger,air,DP-S,NOT_APPLICABLE,no_applicable_archetype_tag,currency,fiscal_period,550,nonnegative,not_applicable
transportation_dedicated_parser_support_scope_v1,transportation_parser_support_v1,transportation_operating_archetypes_v1,804eeba846c75abc321df0821fe82a05e7bee9719cecff45798be0c82176ab7c,SMHI,active,marine_shipping_and_maritime,Marine Shipping,marine_operator,marine_operator,0,airport_passenger_throughput,aeronautical_revenue_per_passenger|non_aeronautical_revenue_per_passenger,air,DP-S,NOT_APPLICABLE,no_applicable_archetype_tag,count,fiscal_period,550,nonnegative_integer,not_applicable
transportation_dedicated_parser_support_scope_v1,transportation_parser_support_v1,transportation_operating_archetypes_v1,804eeba846c75abc321df0821fe82a05e7bee9719cecff45798be0c82176ab7c,SMHI,active,marine_shipping_and_maritime,Marine Shipping,marine_operator,marine_operator,0,milestone_target_date,milestone_slippage_days,development,DP-S,NOT_APPLICABLE,no_applicable_archetype_tag,iso_date,milestone,1100,date,not_applicable
transportation_dedicated_parser_support_scope_v1,transportation_parser_support_v1,transportation_operating_archetypes_v1,804eeba846c75abc321df0821fe82a05e7bee9719cecff45798be0c82176ab7c,SNDR,active,surface_freight_and_logistics,Trucking,surface_trucking,surface_trucking,0,airline_fuel_consumed,fuel_efficiency_per_capacity_unit,air,DP-S,NOT_APPLICABLE,no_applicable_archetype_tag,fuel_volume,fiscal_period,550,nonnegative,not_applicable
transportation_dedicated_parser_support_scope_v1,transportation_parser_support_v1,transportation_operating_archetypes_v1,804eeba846c75abc321df0821fe82a05e7bee9719cecff45798be0c82176ab7c,SNDR,active,surface_freight_and_logistics,Trucking,surface_trucking,surface_trucking,0,airline_capacity_units,fuel_efficiency_per_capacity_unit|fuel_cost_per_capacity_unit,air,DP-S,NOT_APPLICABLE,no_applicable_archetype_tag,capacity_units,fiscal_period,550,nonnegative,not_applicable
transportation_dedicated_parser_support_scope_v1,transportation_parser_support_v1,transportation_operating_archetypes_v1,804eeba846c75abc321df0821fe82a05e7bee9719cecff45798be0c82176ab7c,SNDR,active,surface_freight_and_logistics,Trucking,surface_trucking,surface_trucking,0,airline_fuel_expense,fuel_cost_per_capacity_unit,air,DP-S,NOT_APPLICABLE,no_applicable_archetype_tag,currency,fiscal_period,550,nonnegative,not_applicable
transportation_dedicated_parser_support_scope_v1,transportation_parser_support_v1,transportation_operating_archetypes_v1,804eeba846c75abc321df0821fe82a05e7bee9719cecff45798be0c82176ab7c,SNDR,active,surface_freight_and_logistics,Trucking,surface_trucking,surface_trucking,0,airport_aeronautical_revenue,aeronautical_revenue_per_passenger,air,DP-S,NOT_APPLICABLE,no_applicable_archetype_tag,currency,fiscal_period,550,nonnegative,not_applicable
transportation_dedicated_parser_support_scope_v1,transportation_parser_support_v1,transportation_operating_archetypes_v1,804eeba846c75abc321df0821fe82a05e7bee9719cecff45798be0c82176ab7c,SNDR,active,surface_freight_and_logistics,Trucking,surface_trucking,surface_trucking,0,airport_non_aeronautical_revenue,non_aeronautical_revenue_per_passenger,air,DP-S,NOT_APPLICABLE,no_applicable_archetype_tag,currency,fiscal_period,550,nonnegative,not_applicable
transportation_dedicated_parser_support_scope_v1,transportation_parser_support_v1,transportation_operating_archetypes_v1,804eeba846c75abc321df0821fe82a05e7bee9719cecff45798be0c82176ab7c,SNDR,active,surface_freight_and_logistics,Trucking,surface_trucking,surface_trucking,0,airport_passenger_throughput,aeronautical_revenue_per_passenger|non_aeronautical_revenue_per_passenger,air,DP-S,NOT_APPLICABLE,no_applicable_archetype_tag,count,fiscal_period,550,nonnegative_integer,not_applicable
transportation_dedicated_parser_support_scope_v1,transportation_parser_support_v1,transportation_operating_archetypes_v1,804eeba846c75abc321df0821fe82a05e7bee9719cecff45798be0c82176ab7c,SNDR,active,surface_freight_and_logistics,Trucking,surface_trucking,surface_trucking,0,milestone_target_date,milestone_slippage_days,development,DP-S,NOT_APPLICABLE,no_applicable_archetype_tag,iso_date,milestone,1100,date,not_applicable
transportation_dedicated_parser_support_scope_v1,transportation_parser_support_v1,transportation_operating_archetypes_v1,804eeba846c75abc321df0821fe82a05e7bee9719cecff45798be0c82176ab7c,SOAR,active,development_stage_and_speculative_transport,Airports & Air Services,aviation_services,aviation_services|development_all,1,airline_fuel_consumed,fuel_efficiency_per_capacity_unit,air,DP-S,NOT_APPLICABLE,no_applicable_archetype_tag,fuel_volume,fiscal_period,550,nonnegative,not_applicable
transportation_dedicated_parser_support_scope_v1,transportation_parser_support_v1,transportation_operating_archetypes_v1,804eeba846c75abc321df0821fe82a05e7bee9719cecff45798be0c82176ab7c,SOAR,active,development_stage_and_speculative_transport,Airports & Air Services,aviation_services,aviation_services|development_all,1,airline_capacity_units,fuel_efficiency_per_capacity_unit|fuel_cost_per_capacity_unit,air,DP-S,NOT_APPLICABLE,no_applicable_archetype_tag,capacity_units,fiscal_period,550,nonnegative,not_applicable
transportation_dedicated_parser_support_scope_v1,transportation_parser_support_v1,transportation_operating_archetypes_v1,804eeba846c75abc321df0821fe82a05e7bee9719cecff45798be0c82176ab7c,SOAR,active,development_stage_and_speculative_transport,Airports & Air Services,aviation_services,aviation_services|development_all,1,airline_fuel_expense,fuel_cost_per_capacity_unit,air,DP-S,NOT_APPLICABLE,no_applicable_archetype_tag,currency,fiscal_period,550,nonnegative,not_applicable
transportation_dedicated_parser_support_scope_v1,transportation_parser_support_v1,transportation_operating_archetypes_v1,804eeba846c75abc321df0821fe82a05e7bee9719cecff45798be0c82176ab7c,SOAR,active,development_stage_and_speculative_transport,Airports & Air Services,aviation_services,aviation_services|development_all,1,airport_aeronautical_revenue,aeronautical_revenue_per_passenger,air,DP-S,NOT_APPLICABLE,no_applicable_archetype_tag,currency,fiscal_period,550,nonnegative,not_applicable
transportation_dedicated_parser_support_scope_v1,transportation_parser_support_v1,transportation_operating_archetypes_v1,804eeba846c75abc321df0821fe82a05e7bee9719cecff45798be0c82176ab7c,SOAR,active,development_stage_and_speculative_transport,Airports & Air Services,aviation_services,aviation_services|development_all,1,airport_non_aeronautical_revenue,non_aeronautical_revenue_per_passenger,air,DP-S,NOT_APPLICABLE,no_applicable_archetype_tag,currency,fiscal_period,550,nonnegative,not_applicable
transportation_dedicated_parser_support_scope_v1,transportation_parser_support_v1,transportation_operating_archetypes_v1,804eeba846c75abc321df0821fe82a05e7bee9719cecff45798be0c82176ab7c,SOAR,active,development_stage_and_speculative_transport,Airports & Air Services,aviation_services,aviation_services|development_all,1,airport_passenger_throughput,aeronautical_revenue_per_passenger|non_aeronautical_revenue_per_passenger,air,DP-S,NOT_APPLICABLE,no_applicable_archetype_tag,count,fiscal_period,550,nonnegative_integer,not_applicable
transportation_dedicated_parser_support_scope_v1,transportation_parser_support_v1,transportation_operating_archetypes_v1,804eeba846c75abc321df0821fe82a05e7bee9719cecff45798be0c82176ab7c,SOAR,active,development_stage_and_speculative_transport,Airports & Air Services,aviation_services,aviation_services|development_all,1,milestone_target_date,milestone_slippage_days,development,DP-S,NOT_APPLICABLE,no_applicable_archetype_tag,iso_date,milestone,1100,date,not_applicable
transportation_dedicated_parser_support_scope_v1,transportation_parser_support_v1,transportation_operating_archetypes_v1,804eeba846c75abc321df0821fe82a05e7bee9719cecff45798be0c82176ab7c,STMP,delisted_usable,surface_freight_and_logistics,Integrated Freight & Logistics,surface_logistics,surface_logistics,0,airline_fuel_consumed,fuel_efficiency_per_capacity_unit,air,DP-S,NOT_APPLICABLE,no_applicable_archetype_tag,fuel_volume,fiscal_period,550,nonnegative,not_applicable
transportation_dedicated_parser_support_scope_v1,transportation_parser_support_v1,transportation_operating_archetypes_v1,804eeba846c75abc321df0821fe82a05e7bee9719cecff45798be0c82176ab7c,STMP,delisted_usable,surface_freight_and_logistics,Integrated Freight & Logistics,surface_logistics,surface_logistics,0,airline_capacity_units,fuel_efficiency_per_capacity_unit|fuel_cost_per_capacity_unit,air,DP-S,NOT_APPLICABLE,no_applicable_archetype_tag,capacity_units,fiscal_period,550,nonnegative,not_applicable
transportation_dedicated_parser_support_scope_v1,transportation_parser_support_v1,transportation_operating_archetypes_v1,804eeba846c75abc321df0821fe82a05e7bee9719cecff45798be0c82176ab7c,STMP,delisted_usable,surface_freight_and_logistics,Integrated Freight & Logistics,surface_logistics,surface_logistics,0,airline_fuel_expense,fuel_cost_per_capacity_unit,air,DP-S,NOT_APPLICABLE,no_applicable_archetype_tag,currency,fiscal_period,550,nonnegative,not_applicable
transportation_dedicated_parser_support_scope_v1,transportation_parser_support_v1,transportation_operating_archetypes_v1,804eeba846c75abc321df0821fe82a05e7bee9719cecff45798be0c82176ab7c,STMP,delisted_usable,surface_freight_and_logistics,Integrated Freight & Logistics,surface_logistics,surface_logistics,0,airport_aeronautical_revenue,aeronautical_revenue_per_passenger,air,DP-S,NOT_APPLICABLE,no_applicable_archetype_tag,currency,fiscal_period,550,nonnegative,not_applicable
transportation_dedicated_parser_support_scope_v1,transportation_parser_support_v1,transportation_operating_archetypes_v1,804eeba846c75abc321df0821fe82a05e7bee9719cecff45798be0c82176ab7c,STMP,delisted_usable,surface_freight_and_logistics,Integrated Freight & Logistics,surface_logistics,surface_logistics,0,airport_non_aeronautical_revenue,non_aeronautical_revenue_per_passenger,air,DP-S,NOT_APPLICABLE,no_applicable_archetype_tag,currency,fiscal_period,550,nonnegative,not_applicable
transportation_dedicated_parser_support_scope_v1,transportation_parser_support_v1,transportation_operating_archetypes_v1,804eeba846c75abc321df0821fe82a05e7bee9719cecff45798be0c82176ab7c,STMP,delisted_usable,surface_freight_and_logistics,Integrated Freight & Logistics,surface_logistics,surface_logistics,0,airport_passenger_throughput,aeronautical_revenue_per_passenger|non_aeronautical_revenue_per_passenger,air,DP-S,NOT_APPLICABLE,no_applicable_archetype_tag,count,fiscal_period,550,nonnegative_integer,not_applicable
transportation_dedicated_parser_support_scope_v1,transportation_parser_support_v1,transportation_operating_archetypes_v1,804eeba846c75abc321df0821fe82a05e7bee9719cecff45798be0c82176ab7c,STMP,delisted_usable,surface_freight_and_logistics,Integrated Freight & Logistics,surface_logistics,surface_logistics,0,milestone_target_date,milestone_slippage_days,development,DP-S,NOT_APPLICABLE,no_applicable_archetype_tag,iso_date,milestone,1100,date,not_applicable
transportation_dedicated_parser_support_scope_v1,transportation_parser_support_v1,transportation_operating_archetypes_v1,804eeba846c75abc321df0821fe82a05e7bee9719cecff45798be0c82176ab7c,SWFT,delisted_usable,surface_freight_and_logistics,Trucking,surface_trucking,surface_trucking,0,airline_fuel_consumed,fuel_efficiency_per_capacity_unit,air,DP-S,NOT_APPLICABLE,no_applicable_archetype_tag,fuel_volume,fiscal_period,550,nonnegative,not_applicable
transportation_dedicated_parser_support_scope_v1,transportation_parser_support_v1,transportation_operating_archetypes_v1,804eeba846c75abc321df0821fe82a05e7bee9719cecff45798be0c82176ab7c,SWFT,delisted_usable,surface_freight_and_logistics,Trucking,surface_trucking,surface_trucking,0,airline_capacity_units,fuel_efficiency_per_capacity_unit|fuel_cost_per_capacity_unit,air,DP-S,NOT_APPLICABLE,no_applicable_archetype_tag,capacity_units,fiscal_period,550,nonnegative,not_applicable
transportation_dedicated_parser_support_scope_v1,transportation_parser_support_v1,transportation_operating_archetypes_v1,804eeba846c75abc321df0821fe82a05e7bee9719cecff45798be0c82176ab7c,SWFT,delisted_usable,surface_freight_and_logistics,Trucking,surface_trucking,surface_trucking,0,airline_fuel_expense,fuel_cost_per_capacity_unit,air,DP-S,NOT_APPLICABLE,no_applicable_archetype_tag,currency,fiscal_period,550,nonnegative,not_applicable
transportation_dedicated_parser_support_scope_v1,transportation_parser_support_v1,transportation_operating_archetypes_v1,804eeba846c75abc321df0821fe82a05e7bee9719cecff45798be0c82176ab7c,SWFT,delisted_usable,surface_freight_and_logistics,Trucking,surface_trucking,surface_trucking,0,airport_aeronautical_revenue,aeronautical_revenue_per_passenger,air,DP-S,NOT_APPLICABLE,no_applicable_archetype_tag,currency,fiscal_period,550,nonnegative,not_applicable
transportation_dedicated_parser_support_scope_v1,transportation_parser_support_v1,transportation_operating_archetypes_v1,804eeba846c75abc321df0821fe82a05e7bee9719cecff45798be0c82176ab7c,SWFT,delisted_usable,surface_freight_and_logistics,Trucking,surface_trucking,surface_trucking,0,airport_non_aeronautical_revenue,non_aeronautical_revenue_per_passenger,air,DP-S,NOT_APPLICABLE,no_applicable_archetype_tag,currency,fiscal_period,550,nonnegative,not_applicable
transportation_dedicated_parser_support_scope_v1,transportation_parser_support_v1,transportation_operating_archetypes_v1,804eeba846c75abc321df0821fe82a05e7bee9719cecff45798be0c82176ab7c,SWFT,delisted_usable,surface_freight_and_logistics,Trucking,surface_trucking,surface_trucking,0,airport_passenger_throughput,aeronautical_revenue_per_passenger|non_aeronautical_revenue_per_passenger,air,DP-S,NOT_APPLICABLE,no_applicable_archetype_tag,count,fiscal_period,550,nonnegative_integer,not_applicable
transportation_dedicated_parser_support_scope_v1,transportation_parser_support_v1,transportation_operating_archetypes_v1,804eeba846c75abc321df0821fe82a05e7bee9719cecff45798be0c82176ab7c,SWFT,delisted_usable,surface_freight_and_logistics,Trucking,surface_trucking,surface_trucking,0,milestone_target_date,milestone_slippage_days,development,DP-S,NOT_APPLICABLE,no_applicable_archetype_tag,iso_date,milestone,1100,date,not_applicable
transportation_dedicated_parser_support_scope_v1,transportation_parser_support_v1,transportation_operating_archetypes_v1,804eeba846c75abc321df0821fe82a05e7bee9719cecff45798be0c82176ab7c,SWVL,active,development_stage_and_speculative_transport,Railroads,surface_logistics,development_all|surface_logistics,1,airline_fuel_consumed,fuel_efficiency_per_capacity_unit,air,DP-S,NOT_APPLICABLE,no_applicable_archetype_tag,fuel_volume,fiscal_period,550,nonnegative,not_applicable
transportation_dedicated_parser_support_scope_v1,transportation_parser_support_v1,transportation_operating_archetypes_v1,804eeba846c75abc321df0821fe82a05e7bee9719cecff45798be0c82176ab7c,SWVL,active,development_stage_and_speculative_transport,Railroads,surface_logistics,development_all|surface_logistics,1,airline_capacity_units,fuel_efficiency_per_capacity_unit|fuel_cost_per_capacity_unit,air,DP-S,NOT_APPLICABLE,no_applicable_archetype_tag,capacity_units,fiscal_period,550,nonnegative,not_applicable
transportation_dedicated_parser_support_scope_v1,transportation_parser_support_v1,transportation_operating_archetypes_v1,804eeba846c75abc321df0821fe82a05e7bee9719cecff45798be0c82176ab7c,SWVL,active,development_stage_and_speculative_transport,Railroads,surface_logistics,development_all|surface_logistics,1,airline_fuel_expense,fuel_cost_per_capacity_unit,air,DP-S,NOT_APPLICABLE,no_applicable_archetype_tag,currency,fiscal_period,550,nonnegative,not_applicable
transportation_dedicated_parser_support_scope_v1,transportation_parser_support_v1,transportation_operating_archetypes_v1,804eeba846c75abc321df0821fe82a05e7bee9719cecff45798be0c82176ab7c,SWVL,active,development_stage_and_speculative_transport,Railroads,surface_logistics,development_all|surface_logistics,1,airport_aeronautical_revenue,aeronautical_revenue_per_passenger,air,DP-S,NOT_APPLICABLE,no_applicable_archetype_tag,currency,fiscal_period,550,nonnegative,not_applicable
transportation_dedicated_parser_support_scope_v1,transportation_parser_support_v1,transportation_operating_archetypes_v1,804eeba846c75abc321df0821fe82a05e7bee9719cecff45798be0c82176ab7c,SWVL,active,development_stage_and_speculative_transport,Railroads,surface_logistics,development_all|surface_logistics,1,airport_non_aeronautical_revenue,non_aeronautical_revenue_per_passenger,air,DP-S,NOT_APPLICABLE,no_applicable_archetype_tag,currency,fiscal_period,550,nonnegative,not_applicable
transportation_dedicated_parser_support_scope_v1,transportation_parser_support_v1,transportation_operating_archetypes_v1,804eeba846c75abc321df0821fe82a05e7bee9719cecff45798be0c82176ab7c,SWVL,active,development_stage_and_speculative_transport,Railroads,surface_logistics,development_all|surface_logistics,1,airport_passenger_throughput,aeronautical_revenue_per_passenger|non_aeronautical_revenue_per_passenger,air,DP-S,NOT_APPLICABLE,no_applicable_archetype_tag,count,fiscal_period,550,nonnegative_integer,not_applicable
transportation_dedicated_parser_support_scope_v1,transportation_parser_support_v1,transportation_operating_archetypes_v1,804eeba846c75abc321df0821fe82a05e7bee9719cecff45798be0c82176ab7c,SWVL,active,development_stage_and_speculative_transport,Railroads,surface_logistics,development_all|surface_logistics,1,milestone_target_date,milestone_slippage_days,development,DP-S,NOT_APPLICABLE,no_applicable_archetype_tag,iso_date,milestone,1100,date,not_applicable
transportation_dedicated_parser_support_scope_v1,transportation_parser_support_v1,transportation_operating_archetypes_v1,804eeba846c75abc321df0821fe82a05e7bee9719cecff45798be0c82176ab7c,TFII,active,surface_freight_and_logistics,Trucking,surface_trucking,surface_trucking,0,airline_fuel_consumed,fuel_efficiency_per_capacity_unit,air,DP-S,NOT_APPLICABLE,no_applicable_archetype_tag,fuel_volume,fiscal_period,550,nonnegative,not_applicable
transportation_dedicated_parser_support_scope_v1,transportation_parser_support_v1,transportation_operating_archetypes_v1,804eeba846c75abc321df0821fe82a05e7bee9719cecff45798be0c82176ab7c,TFII,active,surface_freight_and_logistics,Trucking,surface_trucking,surface_trucking,0,airline_capacity_units,fuel_efficiency_per_capacity_unit|fuel_cost_per_capacity_unit,air,DP-S,NOT_APPLICABLE,no_applicable_archetype_tag,capacity_units,fiscal_period,550,nonnegative,not_applicable
transportation_dedicated_parser_support_scope_v1,transportation_parser_support_v1,transportation_operating_archetypes_v1,804eeba846c75abc321df0821fe82a05e7bee9719cecff45798be0c82176ab7c,TFII,active,surface_freight_and_logistics,Trucking,surface_trucking,surface_trucking,0,airline_fuel_expense,fuel_cost_per_capacity_unit,air,DP-S,NOT_APPLICABLE,no_applicable_archetype_tag,currency,fiscal_period,550,nonnegative,not_applicable
transportation_dedicated_parser_support_scope_v1,transportation_parser_support_v1,transportation_operating_archetypes_v1,804eeba846c75abc321df0821fe82a05e7bee9719cecff45798be0c82176ab7c,TFII,active,surface_freight_and_logistics,Trucking,surface_trucking,surface_trucking,0,airport_aeronautical_revenue,aeronautical_revenue_per_passenger,air,DP-S,NOT_APPLICABLE,no_applicable_archetype_tag,currency,fiscal_period,550,nonnegative,not_applicable
transportation_dedicated_parser_support_scope_v1,transportation_parser_support_v1,transportation_operating_archetypes_v1,804eeba846c75abc321df0821fe82a05e7bee9719cecff45798be0c82176ab7c,TFII,active,surface_freight_and_logistics,Trucking,surface_trucking,surface_trucking,0,airport_non_aeronautical_revenue,non_aeronautical_revenue_per_passenger,air,DP-S,NOT_APPLICABLE,no_applicable_archetype_tag,currency,fiscal_period,550,nonnegative,not_applicable
transportation_dedicated_parser_support_scope_v1,transportation_parser_support_v1,transportation_operating_archetypes_v1,804eeba846c75abc321df0821fe82a05e7bee9719cecff45798be0c82176ab7c,TFII,active,surface_freight_and_logistics,Trucking,surface_trucking,surface_trucking,0,airport_passenger_throughput,aeronautical_revenue_per_passenger|non_aeronautical_revenue_per_passenger,air,DP-S,NOT_APPLICABLE,no_applicable_archetype_tag,count,fiscal_period,550,nonnegative_integer,not_applicable
transportation_dedicated_parser_support_scope_v1,transportation_parser_support_v1,transportation_operating_archetypes_v1,804eeba846c75abc321df0821fe82a05e7bee9719cecff45798be0c82176ab7c,TFII,active,surface_freight_and_logistics,Trucking,surface_trucking,surface_trucking,0,milestone_target_date,milestone_slippage_days,development,DP-S,NOT_APPLICABLE,no_applicable_archetype_tag,iso_date,milestone,1100,date,not_applicable
transportation_dedicated_parser_support_scope_v1,transportation_parser_support_v1,transportation_operating_archetypes_v1,804eeba846c75abc321df0821fe82a05e7bee9719cecff45798be0c82176ab7c,TGP,delisted_usable,marine_shipping_and_maritime,Marine Shipping,marine_operator,marine_operator,0,airline_fuel_consumed,fuel_efficiency_per_capacity_unit,air,DP-S,NOT_APPLICABLE,no_applicable_archetype_tag,fuel_volume,fiscal_period,550,nonnegative,not_applicable
transportation_dedicated_parser_support_scope_v1,transportation_parser_support_v1,transportation_operating_archetypes_v1,804eeba846c75abc321df0821fe82a05e7bee9719cecff45798be0c82176ab7c,TGP,delisted_usable,marine_shipping_and_maritime,Marine Shipping,marine_operator,marine_operator,0,airline_capacity_units,fuel_efficiency_per_capacity_unit|fuel_cost_per_capacity_unit,air,DP-S,NOT_APPLICABLE,no_applicable_archetype_tag,capacity_units,fiscal_period,550,nonnegative,not_applicable
transportation_dedicated_parser_support_scope_v1,transportation_parser_support_v1,transportation_operating_archetypes_v1,804eeba846c75abc321df0821fe82a05e7bee9719cecff45798be0c82176ab7c,TGP,delisted_usable,marine_shipping_and_maritime,Marine Shipping,marine_operator,marine_operator,0,airline_fuel_expense,fuel_cost_per_capacity_unit,air,DP-S,NOT_APPLICABLE,no_applicable_archetype_tag,currency,fiscal_period,550,nonnegative,not_applicable
transportation_dedicated_parser_support_scope_v1,transportation_parser_support_v1,transportation_operating_archetypes_v1,804eeba846c75abc321df0821fe82a05e7bee9719cecff45798be0c82176ab7c,TGP,delisted_usable,marine_shipping_and_maritime,Marine Shipping,marine_operator,marine_operator,0,airport_aeronautical_revenue,aeronautical_revenue_per_passenger,air,DP-S,NOT_APPLICABLE,no_applicable_archetype_tag,currency,fiscal_period,550,nonnegative,not_applicable
transportation_dedicated_parser_support_scope_v1,transportation_parser_support_v1,transportation_operating_archetypes_v1,804eeba846c75abc321df0821fe82a05e7bee9719cecff45798be0c82176ab7c,TGP,delisted_usable,marine_shipping_and_maritime,Marine Shipping,marine_operator,marine_operator,0,airport_non_aeronautical_revenue,non_aeronautical_revenue_per_passenger,air,DP-S,NOT_APPLICABLE,no_applicable_archetype_tag,currency,fiscal_period,550,nonnegative,not_applicable
transportation_dedicated_parser_support_scope_v1,transportation_parser_support_v1,transportation_operating_archetypes_v1,804eeba846c75abc321df0821fe82a05e7bee9719cecff45798be0c82176ab7c,TGP,delisted_usable,marine_shipping_and_maritime,Marine Shipping,marine_operator,marine_operator,0,airport_passenger_throughput,aeronautical_revenue_per_passenger|non_aeronautical_revenue_per_passenger,air,DP-S,NOT_APPLICABLE,no_applicable_archetype_tag,count,fiscal_period,550,nonnegative_integer,not_applicable
transportation_dedicated_parser_support_scope_v1,transportation_parser_support_v1,transportation_operating_archetypes_v1,804eeba846c75abc321df0821fe82a05e7bee9719cecff45798be0c82176ab7c,TGP,delisted_usable,marine_shipping_and_maritime,Marine Shipping,marine_operator,marine_operator,0,milestone_target_date,milestone_slippage_days,development,DP-S,NOT_APPLICABLE,no_applicable_archetype_tag,iso_date,milestone,1100,date,not_applicable
transportation_dedicated_parser_support_scope_v1,transportation_parser_support_v1,transportation_operating_archetypes_v1,804eeba846c75abc321df0821fe82a05e7bee9719cecff45798be0c82176ab7c,TOO,delisted_usable,marine_shipping_and_maritime,Marine Shipping,marine_operator,marine_operator,0,airline_fuel_consumed,fuel_efficiency_per_capacity_unit,air,DP-S,NOT_APPLICABLE,no_applicable_archetype_tag,fuel_volume,fiscal_period,550,nonnegative,not_applicable
transportation_dedicated_parser_support_scope_v1,transportation_parser_support_v1,transportation_operating_archetypes_v1,804eeba846c75abc321df0821fe82a05e7bee9719cecff45798be0c82176ab7c,TOO,delisted_usable,marine_shipping_and_maritime,Marine Shipping,marine_operator,marine_operator,0,airline_capacity_units,fuel_efficiency_per_capacity_unit|fuel_cost_per_capacity_unit,air,DP-S,NOT_APPLICABLE,no_applicable_archetype_tag,capacity_units,fiscal_period,550,nonnegative,not_applicable
transportation_dedicated_parser_support_scope_v1,transportation_parser_support_v1,transportation_operating_archetypes_v1,804eeba846c75abc321df0821fe82a05e7bee9719cecff45798be0c82176ab7c,TOO,delisted_usable,marine_shipping_and_maritime,Marine Shipping,marine_operator,marine_operator,0,airline_fuel_expense,fuel_cost_per_capacity_unit,air,DP-S,NOT_APPLICABLE,no_applicable_archetype_tag,currency,fiscal_period,550,nonnegative,not_applicable
transportation_dedicated_parser_support_scope_v1,transportation_parser_support_v1,transportation_operating_archetypes_v1,804eeba846c75abc321df0821fe82a05e7bee9719cecff45798be0c82176ab7c,TOO,delisted_usable,marine_shipping_and_maritime,Marine Shipping,marine_operator,marine_operator,0,airport_aeronautical_revenue,aeronautical_revenue_per_passenger,air,DP-S,NOT_APPLICABLE,no_applicable_archetype_tag,currency,fiscal_period,550,nonnegative,not_applicable
transportation_dedicated_parser_support_scope_v1,transportation_parser_support_v1,transportation_operating_archetypes_v1,804eeba846c75abc321df0821fe82a05e7bee9719cecff45798be0c82176ab7c,TOO,delisted_usable,marine_shipping_and_maritime,Marine Shipping,marine_operator,marine_operator,0,airport_non_aeronautical_revenue,non_aeronautical_revenue_per_passenger,air,DP-S,NOT_APPLICABLE,no_applicable_archetype_tag,currency,fiscal_period,550,nonnegative,not_applicable
transportation_dedicated_parser_support_scope_v1,transportation_parser_support_v1,transportation_operating_archetypes_v1,804eeba846c75abc321df0821fe82a05e7bee9719cecff45798be0c82176ab7c,TOO,delisted_usable,marine_shipping_and_maritime,Marine Shipping,marine_operator,marine_operator,0,airport_passenger_throughput,aeronautical_revenue_per_passenger|non_aeronautical_revenue_per_passenger,air,DP-S,NOT_APPLICABLE,no_applicable_archetype_tag,count,fiscal_period,550,nonnegative_integer,not_applicable
transportation_dedicated_parser_support_scope_v1,transportation_parser_support_v1,transportation_operating_archetypes_v1,804eeba846c75abc321df0821fe82a05e7bee9719cecff45798be0c82176ab7c,TOO,delisted_usable,marine_shipping_and_maritime,Marine Shipping,marine_operator,marine_operator,0,milestone_target_date,milestone_slippage_days,development,DP-S,NOT_APPLICABLE,no_applicable_archetype_tag,iso_date,milestone,1100,date,not_applicable
transportation_dedicated_parser_support_scope_v1,transportation_parser_support_v1,transportation_operating_archetypes_v1,804eeba846c75abc321df0821fe82a05e7bee9719cecff45798be0c82176ab7c,TOPP,active,development_stage_and_speculative_transport,Trucking,surface_trucking,development_all|surface_trucking,1,airline_fuel_consumed,fuel_efficiency_per_capacity_unit,air,DP-S,NOT_APPLICABLE,no_applicable_archetype_tag,fuel_volume,fiscal_period,550,nonnegative,not_applicable
transportation_dedicated_parser_support_scope_v1,transportation_parser_support_v1,transportation_operating_archetypes_v1,804eeba846c75abc321df0821fe82a05e7bee9719cecff45798be0c82176ab7c,TOPP,active,development_stage_and_speculative_transport,Trucking,surface_trucking,development_all|surface_trucking,1,airline_capacity_units,fuel_efficiency_per_capacity_unit|fuel_cost_per_capacity_unit,air,DP-S,NOT_APPLICABLE,no_applicable_archetype_tag,capacity_units,fiscal_period,550,nonnegative,not_applicable
transportation_dedicated_parser_support_scope_v1,transportation_parser_support_v1,transportation_operating_archetypes_v1,804eeba846c75abc321df0821fe82a05e7bee9719cecff45798be0c82176ab7c,TOPP,active,development_stage_and_speculative_transport,Trucking,surface_trucking,development_all|surface_trucking,1,airline_fuel_expense,fuel_cost_per_capacity_unit,air,DP-S,NOT_APPLICABLE,no_applicable_archetype_tag,currency,fiscal_period,550,nonnegative,not_applicable
transportation_dedicated_parser_support_scope_v1,transportation_parser_support_v1,transportation_operating_archetypes_v1,804eeba846c75abc321df0821fe82a05e7bee9719cecff45798be0c82176ab7c,TOPP,active,development_stage_and_speculative_transport,Trucking,surface_trucking,development_all|surface_trucking,1,airport_aeronautical_revenue,aeronautical_revenue_per_passenger,air,DP-S,NOT_APPLICABLE,no_applicable_archetype_tag,currency,fiscal_period,550,nonnegative,not_applicable
transportation_dedicated_parser_support_scope_v1,transportation_parser_support_v1,transportation_operating_archetypes_v1,804eeba846c75abc321df0821fe82a05e7bee9719cecff45798be0c82176ab7c,TOPP,active,development_stage_and_speculative_transport,Trucking,surface_trucking,development_all|surface_trucking,1,airport_non_aeronautical_revenue,non_aeronautical_revenue_per_passenger,air,DP-S,NOT_APPLICABLE,no_applicable_archetype_tag,currency,fiscal_period,550,nonnegative,not_applicable
transportation_dedicated_parser_support_scope_v1,transportation_parser_support_v1,transportation_operating_archetypes_v1,804eeba846c75abc321df0821fe82a05e7bee9719cecff45798be0c82176ab7c,TOPP,active,development_stage_and_speculative_transport,Trucking,surface_trucking,development_all|surface_trucking,1,airport_passenger_throughput,aeronautical_revenue_per_passenger|non_aeronautical_revenue_per_passenger,air,DP-S,NOT_APPLICABLE,no_applicable_archetype_tag,count,fiscal_period,550,nonnegative_integer,not_applicable
transportation_dedicated_parser_support_scope_v1,transportation_parser_support_v1,transportation_operating_archetypes_v1,804eeba846c75abc321df0821fe82a05e7bee9719cecff45798be0c82176ab7c,TOPP,active,development_stage_and_speculative_transport,Trucking,surface_trucking,development_all|surface_trucking,1,milestone_target_date,milestone_slippage_days,development,DP-S,NOT_APPLICABLE,no_applicable_archetype_tag,iso_date,milestone,1100,date,not_applicable
transportation_dedicated_parser_support_scope_v1,transportation_parser_support_v1,transportation_operating_archetypes_v1,804eeba846c75abc321df0821fe82a05e7bee9719cecff45798be0c82176ab7c,TRN,active,surface_freight_and_logistics,Railroads,surface_rail_equipment,surface_asset_leasing|surface_rail_equipment,0,airline_fuel_consumed,fuel_efficiency_per_capacity_unit,air,DP-S,NOT_APPLICABLE,no_applicable_archetype_tag,fuel_volume,fiscal_period,550,nonnegative,not_applicable
transportation_dedicated_parser_support_scope_v1,transportation_parser_support_v1,transportation_operating_archetypes_v1,804eeba846c75abc321df0821fe82a05e7bee9719cecff45798be0c82176ab7c,TRN,active,surface_freight_and_logistics,Railroads,surface_rail_equipment,surface_asset_leasing|surface_rail_equipment,0,airline_capacity_units,fuel_efficiency_per_capacity_unit|fuel_cost_per_capacity_unit,air,DP-S,NOT_APPLICABLE,no_applicable_archetype_tag,capacity_units,fiscal_period,550,nonnegative,not_applicable
transportation_dedicated_parser_support_scope_v1,transportation_parser_support_v1,transportation_operating_archetypes_v1,804eeba846c75abc321df0821fe82a05e7bee9719cecff45798be0c82176ab7c,TRN,active,surface_freight_and_logistics,Railroads,surface_rail_equipment,surface_asset_leasing|surface_rail_equipment,0,airline_fuel_expense,fuel_cost_per_capacity_unit,air,DP-S,NOT_APPLICABLE,no_applicable_archetype_tag,currency,fiscal_period,550,nonnegative,not_applicable
transportation_dedicated_parser_support_scope_v1,transportation_parser_support_v1,transportation_operating_archetypes_v1,804eeba846c75abc321df0821fe82a05e7bee9719cecff45798be0c82176ab7c,TRN,active,surface_freight_and_logistics,Railroads,surface_rail_equipment,surface_asset_leasing|surface_rail_equipment,0,airport_aeronautical_revenue,aeronautical_revenue_per_passenger,air,DP-S,NOT_APPLICABLE,no_applicable_archetype_tag,currency,fiscal_period,550,nonnegative,not_applicable
transportation_dedicated_parser_support_scope_v1,transportation_parser_support_v1,transportation_operating_archetypes_v1,804eeba846c75abc321df0821fe82a05e7bee9719cecff45798be0c82176ab7c,TRN,active,surface_freight_and_logistics,Railroads,surface_rail_equipment,surface_asset_leasing|surface_rail_equipment,0,airport_non_aeronautical_revenue,non_aeronautical_revenue_per_passenger,air,DP-S,NOT_APPLICABLE,no_applicable_archetype_tag,currency,fiscal_period,550,nonnegative,not_applicable
transportation_dedicated_parser_support_scope_v1,transportation_parser_support_v1,transportation_operating_archetypes_v1,804eeba846c75abc321df0821fe82a05e7bee9719cecff45798be0c82176ab7c,TRN,active,surface_freight_and_logistics,Railroads,surface_rail_equipment,surface_asset_leasing|surface_rail_equipment,0,airport_passenger_throughput,aeronautical_revenue_per_passenger|non_aeronautical_revenue_per_passenger,air,DP-S,NOT_APPLICABLE,no_applicable_archetype_tag,count,fiscal_period,550,nonnegative_integer,not_applicable
transportation_dedicated_parser_support_scope_v1,transportation_parser_support_v1,transportation_operating_archetypes_v1,804eeba846c75abc321df0821fe82a05e7bee9719cecff45798be0c82176ab7c,TRN,active,surface_freight_and_logistics,Railroads,surface_rail_equipment,surface_asset_leasing|surface_rail_equipment,0,milestone_target_date,milestone_slippage_days,development,DP-S,NOT_APPLICABLE,no_applicable_archetype_tag,iso_date,milestone,1100,date,not_applicable
transportation_dedicated_parser_support_scope_v1,transportation_parser_support_v1,transportation_operating_archetypes_v1,804eeba846c75abc321df0821fe82a05e7bee9719cecff45798be0c82176ab7c,UAL,active,air_transport_and_aviation_services,Airlines,passenger_airline,passenger_airline,0,airline_fuel_consumed,fuel_efficiency_per_capacity_unit,air,DP-S,APPLICABLE,tag_match:passenger_airline,fuel_volume,fiscal_period,550,nonnegative,coverage_pending
transportation_dedicated_parser_support_scope_v1,transportation_parser_support_v1,transportation_operating_archetypes_v1,804eeba846c75abc321df0821fe82a05e7bee9719cecff45798be0c82176ab7c,UAL,active,air_transport_and_aviation_services,Airlines,passenger_airline,passenger_airline,0,airline_capacity_units,fuel_efficiency_per_capacity_unit|fuel_cost_per_capacity_unit,air,DP-S,APPLICABLE,tag_match:passenger_airline,capacity_units,fiscal_period,550,nonnegative,coverage_pending
transportation_dedicated_parser_support_scope_v1,transportation_parser_support_v1,transportation_operating_archetypes_v1,804eeba846c75abc321df0821fe82a05e7bee9719cecff45798be0c82176ab7c,UAL,active,air_transport_and_aviation_services,Airlines,passenger_airline,passenger_airline,0,airline_fuel_expense,fuel_cost_per_capacity_unit,air,DP-S,APPLICABLE,tag_match:passenger_airline,currency,fiscal_period,550,nonnegative,coverage_pending
transportation_dedicated_parser_support_scope_v1,transportation_parser_support_v1,transportation_operating_archetypes_v1,804eeba846c75abc321df0821fe82a05e7bee9719cecff45798be0c82176ab7c,UAL,active,air_transport_and_aviation_services,Airlines,passenger_airline,passenger_airline,0,airport_aeronautical_revenue,aeronautical_revenue_per_passenger,air,DP-S,NOT_APPLICABLE,no_applicable_archetype_tag,currency,fiscal_period,550,nonnegative,not_applicable
transportation_dedicated_parser_support_scope_v1,transportation_parser_support_v1,transportation_operating_archetypes_v1,804eeba846c75abc321df0821fe82a05e7bee9719cecff45798be0c82176ab7c,UAL,active,air_transport_and_aviation_services,Airlines,passenger_airline,passenger_airline,0,airport_non_aeronautical_revenue,non_aeronautical_revenue_per_passenger,air,DP-S,NOT_APPLICABLE,no_applicable_archetype_tag,currency,fiscal_period,550,nonnegative,not_applicable
transportation_dedicated_parser_support_scope_v1,transportation_parser_support_v1,transportation_operating_archetypes_v1,804eeba846c75abc321df0821fe82a05e7bee9719cecff45798be0c82176ab7c,UAL,active,air_transport_and_aviation_services,Airlines,passenger_airline,passenger_airline,0,airport_passenger_throughput,aeronautical_revenue_per_passenger|non_aeronautical_revenue_per_passenger,air,DP-S,NOT_APPLICABLE,no_applicable_archetype_tag,count,fiscal_period,550,nonnegative_integer,not_applicable
transportation_dedicated_parser_support_scope_v1,transportation_parser_support_v1,transportation_operating_archetypes_v1,804eeba846c75abc321df0821fe82a05e7bee9719cecff45798be0c82176ab7c,UAL,active,air_transport_and_aviation_services,Airlines,passenger_airline,passenger_airline,0,milestone_target_date,milestone_slippage_days,development,DP-S,NOT_APPLICABLE,no_applicable_archetype_tag,iso_date,milestone,1100,date,not_applicable
transportation_dedicated_parser_support_scope_v1,transportation_parser_support_v1,transportation_operating_archetypes_v1,804eeba846c75abc321df0821fe82a05e7bee9719cecff45798be0c82176ab7c,UFG,active,development_stage_and_speculative_transport,Marine Shipping,marine_services,development_all|marine_services,1,airline_fuel_consumed,fuel_efficiency_per_capacity_unit,air,DP-S,NOT_APPLICABLE,no_applicable_archetype_tag,fuel_volume,fiscal_period,550,nonnegative,not_applicable
transportation_dedicated_parser_support_scope_v1,transportation_parser_support_v1,transportation_operating_archetypes_v1,804eeba846c75abc321df0821fe82a05e7bee9719cecff45798be0c82176ab7c,UFG,active,development_stage_and_speculative_transport,Marine Shipping,marine_services,development_all|marine_services,1,airline_capacity_units,fuel_efficiency_per_capacity_unit|fuel_cost_per_capacity_unit,air,DP-S,NOT_APPLICABLE,no_applicable_archetype_tag,capacity_units,fiscal_period,550,nonnegative,not_applicable
transportation_dedicated_parser_support_scope_v1,transportation_parser_support_v1,transportation_operating_archetypes_v1,804eeba846c75abc321df0821fe82a05e7bee9719cecff45798be0c82176ab7c,UFG,active,development_stage_and_speculative_transport,Marine Shipping,marine_services,development_all|marine_services,1,airline_fuel_expense,fuel_cost_per_capacity_unit,air,DP-S,NOT_APPLICABLE,no_applicable_archetype_tag,currency,fiscal_period,550,nonnegative,not_applicable
transportation_dedicated_parser_support_scope_v1,transportation_parser_support_v1,transportation_operating_archetypes_v1,804eeba846c75abc321df0821fe82a05e7bee9719cecff45798be0c82176ab7c,UFG,active,development_stage_and_speculative_transport,Marine Shipping,marine_services,development_all|marine_services,1,airport_aeronautical_revenue,aeronautical_revenue_per_passenger,air,DP-S,NOT_APPLICABLE,no_applicable_archetype_tag,currency,fiscal_period,550,nonnegative,not_applicable
transportation_dedicated_parser_support_scope_v1,transportation_parser_support_v1,transportation_operating_archetypes_v1,804eeba846c75abc321df0821fe82a05e7bee9719cecff45798be0c82176ab7c,UFG,active,development_stage_and_speculative_transport,Marine Shipping,marine_services,development_all|marine_services,1,airport_non_aeronautical_revenue,non_aeronautical_revenue_per_passenger,air,DP-S,NOT_APPLICABLE,no_applicable_archetype_tag,currency,fiscal_period,550,nonnegative,not_applicable
transportation_dedicated_parser_support_scope_v1,transportation_parser_support_v1,transportation_operating_archetypes_v1,804eeba846c75abc321df0821fe82a05e7bee9719cecff45798be0c82176ab7c,UFG,active,development_stage_and_speculative_transport,Marine Shipping,marine_services,development_all|marine_services,1,airport_passenger_throughput,aeronautical_revenue_per_passenger|non_aeronautical_revenue_per_passenger,air,DP-S,NOT_APPLICABLE,no_applicable_archetype_tag,count,fiscal_period,550,nonnegative_integer,not_applicable
transportation_dedicated_parser_support_scope_v1,transportation_parser_support_v1,transportation_operating_archetypes_v1,804eeba846c75abc321df0821fe82a05e7bee9719cecff45798be0c82176ab7c,UFG,active,development_stage_and_speculative_transport,Marine Shipping,marine_services,development_all|marine_services,1,milestone_target_date,milestone_slippage_days,development,DP-S,NOT_APPLICABLE,no_applicable_archetype_tag,iso_date,milestone,1100,date,not_applicable
transportation_dedicated_parser_support_scope_v1,transportation_parser_support_v1,transportation_operating_archetypes_v1,804eeba846c75abc321df0821fe82a05e7bee9719cecff45798be0c82176ab7c,ULCC,active,air_transport_and_aviation_services,Airlines,passenger_airline,passenger_airline,0,airline_fuel_consumed,fuel_efficiency_per_capacity_unit,air,DP-S,APPLICABLE,tag_match:passenger_airline,fuel_volume,fiscal_period,550,nonnegative,coverage_pending
transportation_dedicated_parser_support_scope_v1,transportation_parser_support_v1,transportation_operating_archetypes_v1,804eeba846c75abc321df0821fe82a05e7bee9719cecff45798be0c82176ab7c,ULCC,active,air_transport_and_aviation_services,Airlines,passenger_airline,passenger_airline,0,airline_capacity_units,fuel_efficiency_per_capacity_unit|fuel_cost_per_capacity_unit,air,DP-S,APPLICABLE,tag_match:passenger_airline,capacity_units,fiscal_period,550,nonnegative,coverage_pending
transportation_dedicated_parser_support_scope_v1,transportation_parser_support_v1,transportation_operating_archetypes_v1,804eeba846c75abc321df0821fe82a05e7bee9719cecff45798be0c82176ab7c,ULCC,active,air_transport_and_aviation_services,Airlines,passenger_airline,passenger_airline,0,airline_fuel_expense,fuel_cost_per_capacity_unit,air,DP-S,APPLICABLE,tag_match:passenger_airline,currency,fiscal_period,550,nonnegative,coverage_pending
transportation_dedicated_parser_support_scope_v1,transportation_parser_support_v1,transportation_operating_archetypes_v1,804eeba846c75abc321df0821fe82a05e7bee9719cecff45798be0c82176ab7c,ULCC,active,air_transport_and_aviation_services,Airlines,passenger_airline,passenger_airline,0,airport_aeronautical_revenue,aeronautical_revenue_per_passenger,air,DP-S,NOT_APPLICABLE,no_applicable_archetype_tag,currency,fiscal_period,550,nonnegative,not_applicable
transportation_dedicated_parser_support_scope_v1,transportation_parser_support_v1,transportation_operating_archetypes_v1,804eeba846c75abc321df0821fe82a05e7bee9719cecff45798be0c82176ab7c,ULCC,active,air_transport_and_aviation_services,Airlines,passenger_airline,passenger_airline,0,airport_non_aeronautical_revenue,non_aeronautical_revenue_per_passenger,air,DP-S,NOT_APPLICABLE,no_applicable_archetype_tag,currency,fiscal_period,550,nonnegative,not_applicable
transportation_dedicated_parser_support_scope_v1,transportation_parser_support_v1,transportation_operating_archetypes_v1,804eeba846c75abc321df0821fe82a05e7bee9719cecff45798be0c82176ab7c,ULCC,active,air_transport_and_aviation_services,Airlines,passenger_airline,passenger_airline,0,airport_passenger_throughput,aeronautical_revenue_per_passenger|non_aeronautical_revenue_per_passenger,air,DP-S,NOT_APPLICABLE,no_applicable_archetype_tag,count,fiscal_period,550,nonnegative_integer,not_applicable
transportation_dedicated_parser_support_scope_v1,transportation_parser_support_v1,transportation_operating_archetypes_v1,804eeba846c75abc321df0821fe82a05e7bee9719cecff45798be0c82176ab7c,ULCC,active,air_transport_and_aviation_services,Airlines,passenger_airline,passenger_airline,0,milestone_target_date,milestone_slippage_days,development,DP-S,NOT_APPLICABLE,no_applicable_archetype_tag,iso_date,milestone,1100,date,not_applicable
transportation_dedicated_parser_support_scope_v1,transportation_parser_support_v1,transportation_operating_archetypes_v1,804eeba846c75abc321df0821fe82a05e7bee9719cecff45798be0c82176ab7c,ULH,active,surface_freight_and_logistics,Trucking,surface_trucking,surface_trucking,0,airline_fuel_consumed,fuel_efficiency_per_capacity_unit,air,DP-S,NOT_APPLICABLE,no_applicable_archetype_tag,fuel_volume,fiscal_period,550,nonnegative,not_applicable
transportation_dedicated_parser_support_scope_v1,transportation_parser_support_v1,transportation_operating_archetypes_v1,804eeba846c75abc321df0821fe82a05e7bee9719cecff45798be0c82176ab7c,ULH,active,surface_freight_and_logistics,Trucking,surface_trucking,surface_trucking,0,airline_capacity_units,fuel_efficiency_per_capacity_unit|fuel_cost_per_capacity_unit,air,DP-S,NOT_APPLICABLE,no_applicable_archetype_tag,capacity_units,fiscal_period,550,nonnegative,not_applicable
transportation_dedicated_parser_support_scope_v1,transportation_parser_support_v1,transportation_operating_archetypes_v1,804eeba846c75abc321df0821fe82a05e7bee9719cecff45798be0c82176ab7c,ULH,active,surface_freight_and_logistics,Trucking,surface_trucking,surface_trucking,0,airline_fuel_expense,fuel_cost_per_capacity_unit,air,DP-S,NOT_APPLICABLE,no_applicable_archetype_tag,currency,fiscal_period,550,nonnegative,not_applicable
transportation_dedicated_parser_support_scope_v1,transportation_parser_support_v1,transportation_operating_archetypes_v1,804eeba846c75abc321df0821fe82a05e7bee9719cecff45798be0c82176ab7c,ULH,active,surface_freight_and_logistics,Trucking,surface_trucking,surface_trucking,0,airport_aeronautical_revenue,aeronautical_revenue_per_passenger,air,DP-S,NOT_APPLICABLE,no_applicable_archetype_tag,currency,fiscal_period,550,nonnegative,not_applicable
transportation_dedicated_parser_support_scope_v1,transportation_parser_support_v1,transportation_operating_archetypes_v1,804eeba846c75abc321df0821fe82a05e7bee9719cecff45798be0c82176ab7c,ULH,active,surface_freight_and_logistics,Trucking,surface_trucking,surface_trucking,0,airport_non_aeronautical_revenue,non_aeronautical_revenue_per_passenger,air,DP-S,NOT_APPLICABLE,no_applicable_archetype_tag,currency,fiscal_period,550,nonnegative,not_applicable
transportation_dedicated_parser_support_scope_v1,transportation_parser_support_v1,transportation_operating_archetypes_v1,804eeba846c75abc321df0821fe82a05e7bee9719cecff45798be0c82176ab7c,ULH,active,surface_freight_and_logistics,Trucking,surface_trucking,surface_trucking,0,airport_passenger_throughput,aeronautical_revenue_per_passenger|non_aeronautical_revenue_per_passenger,air,DP-S,NOT_APPLICABLE,no_applicable_archetype_tag,count,fiscal_period,550,nonnegative_integer,not_applicable
transportation_dedicated_parser_support_scope_v1,transportation_parser_support_v1,transportation_operating_archetypes_v1,804eeba846c75abc321df0821fe82a05e7bee9719cecff45798be0c82176ab7c,ULH,active,surface_freight_and_logistics,Trucking,surface_trucking,surface_trucking,0,milestone_target_date,milestone_slippage_days,development,DP-S,NOT_APPLICABLE,no_applicable_archetype_tag,iso_date,milestone,1100,date,not_applicable
transportation_dedicated_parser_support_scope_v1,transportation_parser_support_v1,transportation_operating_archetypes_v1,804eeba846c75abc321df0821fe82a05e7bee9719cecff45798be0c82176ab7c,UNP,active,surface_freight_and_logistics,Railroads,surface_rail_operator,surface_rail_operator,0,airline_fuel_consumed,fuel_efficiency_per_capacity_unit,air,DP-S,NOT_APPLICABLE,no_applicable_archetype_tag,fuel_volume,fiscal_period,550,nonnegative,not_applicable
transportation_dedicated_parser_support_scope_v1,transportation_parser_support_v1,transportation_operating_archetypes_v1,804eeba846c75abc321df0821fe82a05e7bee9719cecff45798be0c82176ab7c,UNP,active,surface_freight_and_logistics,Railroads,surface_rail_operator,surface_rail_operator,0,airline_capacity_units,fuel_efficiency_per_capacity_unit|fuel_cost_per_capacity_unit,air,DP-S,NOT_APPLICABLE,no_applicable_archetype_tag,capacity_units,fiscal_period,550,nonnegative,not_applicable
transportation_dedicated_parser_support_scope_v1,transportation_parser_support_v1,transportation_operating_archetypes_v1,804eeba846c75abc321df0821fe82a05e7bee9719cecff45798be0c82176ab7c,UNP,active,surface_freight_and_logistics,Railroads,surface_rail_operator,surface_rail_operator,0,airline_fuel_expense,fuel_cost_per_capacity_unit,air,DP-S,NOT_APPLICABLE,no_applicable_archetype_tag,currency,fiscal_period,550,nonnegative,not_applicable
transportation_dedicated_parser_support_scope_v1,transportation_parser_support_v1,transportation_operating_archetypes_v1,804eeba846c75abc321df0821fe82a05e7bee9719cecff45798be0c82176ab7c,UNP,active,surface_freight_and_logistics,Railroads,surface_rail_operator,surface_rail_operator,0,airport_aeronautical_revenue,aeronautical_revenue_per_passenger,air,DP-S,NOT_APPLICABLE,no_applicable_archetype_tag,currency,fiscal_period,550,nonnegative,not_applicable
transportation_dedicated_parser_support_scope_v1,transportation_parser_support_v1,transportation_operating_archetypes_v1,804eeba846c75abc321df0821fe82a05e7bee9719cecff45798be0c82176ab7c,UNP,active,surface_freight_and_logistics,Railroads,surface_rail_operator,surface_rail_operator,0,airport_non_aeronautical_revenue,non_aeronautical_revenue_per_passenger,air,DP-S,NOT_APPLICABLE,no_applicable_archetype_tag,currency,fiscal_period,550,nonnegative,not_applicable
transportation_dedicated_parser_support_scope_v1,transportation_parser_support_v1,transportation_operating_archetypes_v1,804eeba846c75abc321df0821fe82a05e7bee9719cecff45798be0c82176ab7c,UNP,active,surface_freight_and_logistics,Railroads,surface_rail_operator,surface_rail_operator,0,airport_passenger_throughput,aeronautical_revenue_per_passenger|non_aeronautical_revenue_per_passenger,air,DP-S,NOT_APPLICABLE,no_applicable_archetype_tag,count,fiscal_period,550,nonnegative_integer,not_applicable
transportation_dedicated_parser_support_scope_v1,transportation_parser_support_v1,transportation_operating_archetypes_v1,804eeba846c75abc321df0821fe82a05e7bee9719cecff45798be0c82176ab7c,UNP,active,surface_freight_and_logistics,Railroads,surface_rail_operator,surface_rail_operator,0,milestone_target_date,milestone_slippage_days,development,DP-S,NOT_APPLICABLE,no_applicable_archetype_tag,iso_date,milestone,1100,date,not_applicable
transportation_dedicated_parser_support_scope_v1,transportation_parser_support_v1,transportation_operating_archetypes_v1,804eeba846c75abc321df0821fe82a05e7bee9719cecff45798be0c82176ab7c,UP,active,development_stage_and_speculative_transport,Airports & Air Services,aviation_services,aviation_services|development_all,1,airline_fuel_consumed,fuel_efficiency_per_capacity_unit,air,DP-S,NOT_APPLICABLE,no_applicable_archetype_tag,fuel_volume,fiscal_period,550,nonnegative,not_applicable
transportation_dedicated_parser_support_scope_v1,transportation_parser_support_v1,transportation_operating_archetypes_v1,804eeba846c75abc321df0821fe82a05e7bee9719cecff45798be0c82176ab7c,UP,active,development_stage_and_speculative_transport,Airports & Air Services,aviation_services,aviation_services|development_all,1,airline_capacity_units,fuel_efficiency_per_capacity_unit|fuel_cost_per_capacity_unit,air,DP-S,NOT_APPLICABLE,no_applicable_archetype_tag,capacity_units,fiscal_period,550,nonnegative,not_applicable
transportation_dedicated_parser_support_scope_v1,transportation_parser_support_v1,transportation_operating_archetypes_v1,804eeba846c75abc321df0821fe82a05e7bee9719cecff45798be0c82176ab7c,UP,active,development_stage_and_speculative_transport,Airports & Air Services,aviation_services,aviation_services|development_all,1,airline_fuel_expense,fuel_cost_per_capacity_unit,air,DP-S,NOT_APPLICABLE,no_applicable_archetype_tag,currency,fiscal_period,550,nonnegative,not_applicable
transportation_dedicated_parser_support_scope_v1,transportation_parser_support_v1,transportation_operating_archetypes_v1,804eeba846c75abc321df0821fe82a05e7bee9719cecff45798be0c82176ab7c,UP,active,development_stage_and_speculative_transport,Airports & Air Services,aviation_services,aviation_services|development_all,1,airport_aeronautical_revenue,aeronautical_revenue_per_passenger,air,DP-S,NOT_APPLICABLE,no_applicable_archetype_tag,currency,fiscal_period,550,nonnegative,not_applicable
transportation_dedicated_parser_support_scope_v1,transportation_parser_support_v1,transportation_operating_archetypes_v1,804eeba846c75abc321df0821fe82a05e7bee9719cecff45798be0c82176ab7c,UP,active,development_stage_and_speculative_transport,Airports & Air Services,aviation_services,aviation_services|development_all,1,airport_non_aeronautical_revenue,non_aeronautical_revenue_per_passenger,air,DP-S,NOT_APPLICABLE,no_applicable_archetype_tag,currency,fiscal_period,550,nonnegative,not_applicable
transportation_dedicated_parser_support_scope_v1,transportation_parser_support_v1,transportation_operating_archetypes_v1,804eeba846c75abc321df0821fe82a05e7bee9719cecff45798be0c82176ab7c,UP,active,development_stage_and_speculative_transport,Airports & Air Services,aviation_services,aviation_services|development_all,1,airport_passenger_throughput,aeronautical_revenue_per_passenger|non_aeronautical_revenue_per_passenger,air,DP-S,NOT_APPLICABLE,no_applicable_archetype_tag,count,fiscal_period,550,nonnegative_integer,not_applicable
transportation_dedicated_parser_support_scope_v1,transportation_parser_support_v1,transportation_operating_archetypes_v1,804eeba846c75abc321df0821fe82a05e7bee9719cecff45798be0c82176ab7c,UP,active,development_stage_and_speculative_transport,Airports & Air Services,aviation_services,aviation_services|development_all,1,milestone_target_date,milestone_slippage_days,development,DP-S,NOT_APPLICABLE,no_applicable_archetype_tag,iso_date,milestone,1100,date,not_applicable
transportation_dedicated_parser_support_scope_v1,transportation_parser_support_v1,transportation_operating_archetypes_v1,804eeba846c75abc321df0821fe82a05e7bee9719cecff45798be0c82176ab7c,UPS,active,surface_freight_and_logistics,Integrated Freight & Logistics,surface_logistics,surface_logistics,0,airline_fuel_consumed,fuel_efficiency_per_capacity_unit,air,DP-S,NOT_APPLICABLE,no_applicable_archetype_tag,fuel_volume,fiscal_period,550,nonnegative,not_applicable
transportation_dedicated_parser_support_scope_v1,transportation_parser_support_v1,transportation_operating_archetypes_v1,804eeba846c75abc321df0821fe82a05e7bee9719cecff45798be0c82176ab7c,UPS,active,surface_freight_and_logistics,Integrated Freight & Logistics,surface_logistics,surface_logistics,0,airline_capacity_units,fuel_efficiency_per_capacity_unit|fuel_cost_per_capacity_unit,air,DP-S,NOT_APPLICABLE,no_applicable_archetype_tag,capacity_units,fiscal_period,550,nonnegative,not_applicable
transportation_dedicated_parser_support_scope_v1,transportation_parser_support_v1,transportation_operating_archetypes_v1,804eeba846c75abc321df0821fe82a05e7bee9719cecff45798be0c82176ab7c,UPS,active,surface_freight_and_logistics,Integrated Freight & Logistics,surface_logistics,surface_logistics,0,airline_fuel_expense,fuel_cost_per_capacity_unit,air,DP-S,NOT_APPLICABLE,no_applicable_archetype_tag,currency,fiscal_period,550,nonnegative,not_applicable
transportation_dedicated_parser_support_scope_v1,transportation_parser_support_v1,transportation_operating_archetypes_v1,804eeba846c75abc321df0821fe82a05e7bee9719cecff45798be0c82176ab7c,UPS,active,surface_freight_and_logistics,Integrated Freight & Logistics,surface_logistics,surface_logistics,0,airport_aeronautical_revenue,aeronautical_revenue_per_passenger,air,DP-S,NOT_APPLICABLE,no_applicable_archetype_tag,currency,fiscal_period,550,nonnegative,not_applicable
transportation_dedicated_parser_support_scope_v1,transportation_parser_support_v1,transportation_operating_archetypes_v1,804eeba846c75abc321df0821fe82a05e7bee9719cecff45798be0c82176ab7c,UPS,active,surface_freight_and_logistics,Integrated Freight & Logistics,surface_logistics,surface_logistics,0,airport_non_aeronautical_revenue,non_aeronautical_revenue_per_passenger,air,DP-S,NOT_APPLICABLE,no_applicable_archetype_tag,currency,fiscal_period,550,nonnegative,not_applicable
transportation_dedicated_parser_support_scope_v1,transportation_parser_support_v1,transportation_operating_archetypes_v1,804eeba846c75abc321df0821fe82a05e7bee9719cecff45798be0c82176ab7c,UPS,active,surface_freight_and_logistics,Integrated Freight & Logistics,surface_logistics,surface_logistics,0,airport_passenger_throughput,aeronautical_revenue_per_passenger|non_aeronautical_revenue_per_passenger,air,DP-S,NOT_APPLICABLE,no_applicable_archetype_tag,count,fiscal_period,550,nonnegative_integer,not_applicable
transportation_dedicated_parser_support_scope_v1,transportation_parser_support_v1,transportation_operating_archetypes_v1,804eeba846c75abc321df0821fe82a05e7bee9719cecff45798be0c82176ab7c,UPS,active,surface_freight_and_logistics,Integrated Freight & Logistics,surface_logistics,surface_logistics,0,milestone_target_date,milestone_slippage_days,development,DP-S,NOT_APPLICABLE,no_applicable_archetype_tag,iso_date,milestone,1100,date,not_applicable
transportation_dedicated_parser_support_scope_v1,transportation_parser_support_v1,transportation_operating_archetypes_v1,804eeba846c75abc321df0821fe82a05e7bee9719cecff45798be0c82176ab7c,USAK,delisted_usable,surface_freight_and_logistics,Trucking,surface_trucking,surface_trucking,0,airline_fuel_consumed,fuel_efficiency_per_capacity_unit,air,DP-S,NOT_APPLICABLE,no_applicable_archetype_tag,fuel_volume,fiscal_period,550,nonnegative,not_applicable
transportation_dedicated_parser_support_scope_v1,transportation_parser_support_v1,transportation_operating_archetypes_v1,804eeba846c75abc321df0821fe82a05e7bee9719cecff45798be0c82176ab7c,USAK,delisted_usable,surface_freight_and_logistics,Trucking,surface_trucking,surface_trucking,0,airline_capacity_units,fuel_efficiency_per_capacity_unit|fuel_cost_per_capacity_unit,air,DP-S,NOT_APPLICABLE,no_applicable_archetype_tag,capacity_units,fiscal_period,550,nonnegative,not_applicable
transportation_dedicated_parser_support_scope_v1,transportation_parser_support_v1,transportation_operating_archetypes_v1,804eeba846c75abc321df0821fe82a05e7bee9719cecff45798be0c82176ab7c,USAK,delisted_usable,surface_freight_and_logistics,Trucking,surface_trucking,surface_trucking,0,airline_fuel_expense,fuel_cost_per_capacity_unit,air,DP-S,NOT_APPLICABLE,no_applicable_archetype_tag,currency,fiscal_period,550,nonnegative,not_applicable
transportation_dedicated_parser_support_scope_v1,transportation_parser_support_v1,transportation_operating_archetypes_v1,804eeba846c75abc321df0821fe82a05e7bee9719cecff45798be0c82176ab7c,USAK,delisted_usable,surface_freight_and_logistics,Trucking,surface_trucking,surface_trucking,0,airport_aeronautical_revenue,aeronautical_revenue_per_passenger,air,DP-S,NOT_APPLICABLE,no_applicable_archetype_tag,currency,fiscal_period,550,nonnegative,not_applicable
transportation_dedicated_parser_support_scope_v1,transportation_parser_support_v1,transportation_operating_archetypes_v1,804eeba846c75abc321df0821fe82a05e7bee9719cecff45798be0c82176ab7c,USAK,delisted_usable,surface_freight_and_logistics,Trucking,surface_trucking,surface_trucking,0,airport_non_aeronautical_revenue,non_aeronautical_revenue_per_passenger,air,DP-S,NOT_APPLICABLE,no_applicable_archetype_tag,currency,fiscal_period,550,nonnegative,not_applicable
transportation_dedicated_parser_support_scope_v1,transportation_parser_support_v1,transportation_operating_archetypes_v1,804eeba846c75abc321df0821fe82a05e7bee9719cecff45798be0c82176ab7c,USAK,delisted_usable,surface_freight_and_logistics,Trucking,surface_trucking,surface_trucking,0,airport_passenger_throughput,aeronautical_revenue_per_passenger|non_aeronautical_revenue_per_passenger,air,DP-S,NOT_APPLICABLE,no_applicable_archetype_tag,count,fiscal_period,550,nonnegative_integer,not_applicable
transportation_dedicated_parser_support_scope_v1,transportation_parser_support_v1,transportation_operating_archetypes_v1,804eeba846c75abc321df0821fe82a05e7bee9719cecff45798be0c82176ab7c,USAK,delisted_usable,surface_freight_and_logistics,Trucking,surface_trucking,surface_trucking,0,milestone_target_date,milestone_slippage_days,development,DP-S,NOT_APPLICABLE,no_applicable_archetype_tag,iso_date,milestone,1100,date,not_applicable
transportation_dedicated_parser_support_scope_v1,transportation_parser_support_v1,transportation_operating_archetypes_v1,804eeba846c75abc321df0821fe82a05e7bee9719cecff45798be0c82176ab7c,USEA,active,development_stage_and_speculative_transport,Marine Shipping,marine_operator,development_all|marine_operator,1,airline_fuel_consumed,fuel_efficiency_per_capacity_unit,air,DP-S,NOT_APPLICABLE,no_applicable_archetype_tag,fuel_volume,fiscal_period,550,nonnegative,not_applicable
transportation_dedicated_parser_support_scope_v1,transportation_parser_support_v1,transportation_operating_archetypes_v1,804eeba846c75abc321df0821fe82a05e7bee9719cecff45798be0c82176ab7c,USEA,active,development_stage_and_speculative_transport,Marine Shipping,marine_operator,development_all|marine_operator,1,airline_capacity_units,fuel_efficiency_per_capacity_unit|fuel_cost_per_capacity_unit,air,DP-S,NOT_APPLICABLE,no_applicable_archetype_tag,capacity_units,fiscal_period,550,nonnegative,not_applicable
transportation_dedicated_parser_support_scope_v1,transportation_parser_support_v1,transportation_operating_archetypes_v1,804eeba846c75abc321df0821fe82a05e7bee9719cecff45798be0c82176ab7c,USEA,active,development_stage_and_speculative_transport,Marine Shipping,marine_operator,development_all|marine_operator,1,airline_fuel_expense,fuel_cost_per_capacity_unit,air,DP-S,NOT_APPLICABLE,no_applicable_archetype_tag,currency,fiscal_period,550,nonnegative,not_applicable
transportation_dedicated_parser_support_scope_v1,transportation_parser_support_v1,transportation_operating_archetypes_v1,804eeba846c75abc321df0821fe82a05e7bee9719cecff45798be0c82176ab7c,USEA,active,development_stage_and_speculative_transport,Marine Shipping,marine_operator,development_all|marine_operator,1,airport_aeronautical_revenue,aeronautical_revenue_per_passenger,air,DP-S,NOT_APPLICABLE,no_applicable_archetype_tag,currency,fiscal_period,550,nonnegative,not_applicable
transportation_dedicated_parser_support_scope_v1,transportation_parser_support_v1,transportation_operating_archetypes_v1,804eeba846c75abc321df0821fe82a05e7bee9719cecff45798be0c82176ab7c,USEA,active,development_stage_and_speculative_transport,Marine Shipping,marine_operator,development_all|marine_operator,1,airport_non_aeronautical_revenue,non_aeronautical_revenue_per_passenger,air,DP-S,NOT_APPLICABLE,no_applicable_archetype_tag,currency,fiscal_period,550,nonnegative,not_applicable
transportation_dedicated_parser_support_scope_v1,transportation_parser_support_v1,transportation_operating_archetypes_v1,804eeba846c75abc321df0821fe82a05e7bee9719cecff45798be0c82176ab7c,USEA,active,development_stage_and_speculative_transport,Marine Shipping,marine_operator,development_all|marine_operator,1,airport_passenger_throughput,aeronautical_revenue_per_passenger|non_aeronautical_revenue_per_passenger,air,DP-S,NOT_APPLICABLE,no_applicable_archetype_tag,count,fiscal_period,550,nonnegative_integer,not_applicable
transportation_dedicated_parser_support_scope_v1,transportation_parser_support_v1,transportation_operating_archetypes_v1,804eeba846c75abc321df0821fe82a05e7bee9719cecff45798be0c82176ab7c,USEA,active,development_stage_and_speculative_transport,Marine Shipping,marine_operator,development_all|marine_operator,1,milestone_target_date,milestone_slippage_days,development,DP-S,NOT_APPLICABLE,no_applicable_archetype_tag,iso_date,milestone,1100,date,not_applicable
transportation_dedicated_parser_support_scope_v1,transportation_parser_support_v1,transportation_operating_archetypes_v1,804eeba846c75abc321df0821fe82a05e7bee9719cecff45798be0c82176ab7c,USX,delisted_usable,surface_freight_and_logistics,Trucking,surface_trucking,surface_trucking,0,airline_fuel_consumed,fuel_efficiency_per_capacity_unit,air,DP-S,NOT_APPLICABLE,no_applicable_archetype_tag,fuel_volume,fiscal_period,550,nonnegative,not_applicable
transportation_dedicated_parser_support_scope_v1,transportation_parser_support_v1,transportation_operating_archetypes_v1,804eeba846c75abc321df0821fe82a05e7bee9719cecff45798be0c82176ab7c,USX,delisted_usable,surface_freight_and_logistics,Trucking,surface_trucking,surface_trucking,0,airline_capacity_units,fuel_efficiency_per_capacity_unit|fuel_cost_per_capacity_unit,air,DP-S,NOT_APPLICABLE,no_applicable_archetype_tag,capacity_units,fiscal_period,550,nonnegative,not_applicable
transportation_dedicated_parser_support_scope_v1,transportation_parser_support_v1,transportation_operating_archetypes_v1,804eeba846c75abc321df0821fe82a05e7bee9719cecff45798be0c82176ab7c,USX,delisted_usable,surface_freight_and_logistics,Trucking,surface_trucking,surface_trucking,0,airline_fuel_expense,fuel_cost_per_capacity_unit,air,DP-S,NOT_APPLICABLE,no_applicable_archetype_tag,currency,fiscal_period,550,nonnegative,not_applicable
transportation_dedicated_parser_support_scope_v1,transportation_parser_support_v1,transportation_operating_archetypes_v1,804eeba846c75abc321df0821fe82a05e7bee9719cecff45798be0c82176ab7c,USX,delisted_usable,surface_freight_and_logistics,Trucking,surface_trucking,surface_trucking,0,airport_aeronautical_revenue,aeronautical_revenue_per_passenger,air,DP-S,NOT_APPLICABLE,no_applicable_archetype_tag,currency,fiscal_period,550,nonnegative,not_applicable
transportation_dedicated_parser_support_scope_v1,transportation_parser_support_v1,transportation_operating_archetypes_v1,804eeba846c75abc321df0821fe82a05e7bee9719cecff45798be0c82176ab7c,USX,delisted_usable,surface_freight_and_logistics,Trucking,surface_trucking,surface_trucking,0,airport_non_aeronautical_revenue,non_aeronautical_revenue_per_passenger,air,DP-S,NOT_APPLICABLE,no_applicable_archetype_tag,currency,fiscal_period,550,nonnegative,not_applicable
transportation_dedicated_parser_support_scope_v1,transportation_parser_support_v1,transportation_operating_archetypes_v1,804eeba846c75abc321df0821fe82a05e7bee9719cecff45798be0c82176ab7c,USX,delisted_usable,surface_freight_and_logistics,Trucking,surface_trucking,surface_trucking,0,airport_passenger_throughput,aeronautical_revenue_per_passenger|non_aeronautical_revenue_per_passenger,air,DP-S,NOT_APPLICABLE,no_applicable_archetype_tag,count,fiscal_period,550,nonnegative_integer,not_applicable
transportation_dedicated_parser_support_scope_v1,transportation_parser_support_v1,transportation_operating_archetypes_v1,804eeba846c75abc321df0821fe82a05e7bee9719cecff45798be0c82176ab7c,USX,delisted_usable,surface_freight_and_logistics,Trucking,surface_trucking,surface_trucking,0,milestone_target_date,milestone_slippage_days,development,DP-S,NOT_APPLICABLE,no_applicable_archetype_tag,iso_date,milestone,1100,date,not_applicable
transportation_dedicated_parser_support_scope_v1,transportation_parser_support_v1,transportation_operating_archetypes_v1,804eeba846c75abc321df0821fe82a05e7bee9719cecff45798be0c82176ab7c,UTIW,delisted_usable,surface_freight_and_logistics,Integrated Freight & Logistics,surface_logistics,surface_logistics,0,airline_fuel_consumed,fuel_efficiency_per_capacity_unit,air,DP-S,NOT_APPLICABLE,no_applicable_archetype_tag,fuel_volume,fiscal_period,550,nonnegative,not_applicable
transportation_dedicated_parser_support_scope_v1,transportation_parser_support_v1,transportation_operating_archetypes_v1,804eeba846c75abc321df0821fe82a05e7bee9719cecff45798be0c82176ab7c,UTIW,delisted_usable,surface_freight_and_logistics,Integrated Freight & Logistics,surface_logistics,surface_logistics,0,airline_capacity_units,fuel_efficiency_per_capacity_unit|fuel_cost_per_capacity_unit,air,DP-S,NOT_APPLICABLE,no_applicable_archetype_tag,capacity_units,fiscal_period,550,nonnegative,not_applicable
transportation_dedicated_parser_support_scope_v1,transportation_parser_support_v1,transportation_operating_archetypes_v1,804eeba846c75abc321df0821fe82a05e7bee9719cecff45798be0c82176ab7c,UTIW,delisted_usable,surface_freight_and_logistics,Integrated Freight & Logistics,surface_logistics,surface_logistics,0,airline_fuel_expense,fuel_cost_per_capacity_unit,air,DP-S,NOT_APPLICABLE,no_applicable_archetype_tag,currency,fiscal_period,550,nonnegative,not_applicable
transportation_dedicated_parser_support_scope_v1,transportation_parser_support_v1,transportation_operating_archetypes_v1,804eeba846c75abc321df0821fe82a05e7bee9719cecff45798be0c82176ab7c,UTIW,delisted_usable,surface_freight_and_logistics,Integrated Freight & Logistics,surface_logistics,surface_logistics,0,airport_aeronautical_revenue,aeronautical_revenue_per_passenger,air,DP-S,NOT_APPLICABLE,no_applicable_archetype_tag,currency,fiscal_period,550,nonnegative,not_applicable
transportation_dedicated_parser_support_scope_v1,transportation_parser_support_v1,transportation_operating_archetypes_v1,804eeba846c75abc321df0821fe82a05e7bee9719cecff45798be0c82176ab7c,UTIW,delisted_usable,surface_freight_and_logistics,Integrated Freight & Logistics,surface_logistics,surface_logistics,0,airport_non_aeronautical_revenue,non_aeronautical_revenue_per_passenger,air,DP-S,NOT_APPLICABLE,no_applicable_archetype_tag,currency,fiscal_period,550,nonnegative,not_applicable
transportation_dedicated_parser_support_scope_v1,transportation_parser_support_v1,transportation_operating_archetypes_v1,804eeba846c75abc321df0821fe82a05e7bee9719cecff45798be0c82176ab7c,UTIW,delisted_usable,surface_freight_and_logistics,Integrated Freight & Logistics,surface_logistics,surface_logistics,0,airport_passenger_throughput,aeronautical_revenue_per_passenger|non_aeronautical_revenue_per_passenger,air,DP-S,NOT_APPLICABLE,no_applicable_archetype_tag,count,fiscal_period,550,nonnegative_integer,not_applicable
transportation_dedicated_parser_support_scope_v1,transportation_parser_support_v1,transportation_operating_archetypes_v1,804eeba846c75abc321df0821fe82a05e7bee9719cecff45798be0c82176ab7c,UTIW,delisted_usable,surface_freight_and_logistics,Integrated Freight & Logistics,surface_logistics,surface_logistics,0,milestone_target_date,milestone_slippage_days,development,DP-S,NOT_APPLICABLE,no_applicable_archetype_tag,iso_date,milestone,1100,date,not_applicable
transportation_dedicated_parser_support_scope_v1,transportation_parser_support_v1,transportation_operating_archetypes_v1,804eeba846c75abc321df0821fe82a05e7bee9719cecff45798be0c82176ab7c,VA,delisted_usable,air_transport_and_aviation_services,Airlines,passenger_airline,passenger_airline,0,airline_fuel_consumed,fuel_efficiency_per_capacity_unit,air,DP-S,APPLICABLE,tag_match:passenger_airline,fuel_volume,fiscal_period,550,nonnegative,coverage_pending
transportation_dedicated_parser_support_scope_v1,transportation_parser_support_v1,transportation_operating_archetypes_v1,804eeba846c75abc321df0821fe82a05e7bee9719cecff45798be0c82176ab7c,VA,delisted_usable,air_transport_and_aviation_services,Airlines,passenger_airline,passenger_airline,0,airline_capacity_units,fuel_efficiency_per_capacity_unit|fuel_cost_per_capacity_unit,air,DP-S,APPLICABLE,tag_match:passenger_airline,capacity_units,fiscal_period,550,nonnegative,coverage_pending
transportation_dedicated_parser_support_scope_v1,transportation_parser_support_v1,transportation_operating_archetypes_v1,804eeba846c75abc321df0821fe82a05e7bee9719cecff45798be0c82176ab7c,VA,delisted_usable,air_transport_and_aviation_services,Airlines,passenger_airline,passenger_airline,0,airline_fuel_expense,fuel_cost_per_capacity_unit,air,DP-S,APPLICABLE,tag_match:passenger_airline,currency,fiscal_period,550,nonnegative,coverage_pending
transportation_dedicated_parser_support_scope_v1,transportation_parser_support_v1,transportation_operating_archetypes_v1,804eeba846c75abc321df0821fe82a05e7bee9719cecff45798be0c82176ab7c,VA,delisted_usable,air_transport_and_aviation_services,Airlines,passenger_airline,passenger_airline,0,airport_aeronautical_revenue,aeronautical_revenue_per_passenger,air,DP-S,NOT_APPLICABLE,no_applicable_archetype_tag,currency,fiscal_period,550,nonnegative,not_applicable
transportation_dedicated_parser_support_scope_v1,transportation_parser_support_v1,transportation_operating_archetypes_v1,804eeba846c75abc321df0821fe82a05e7bee9719cecff45798be0c82176ab7c,VA,delisted_usable,air_transport_and_aviation_services,Airlines,passenger_airline,passenger_airline,0,airport_non_aeronautical_revenue,non_aeronautical_revenue_per_passenger,air,DP-S,NOT_APPLICABLE,no_applicable_archetype_tag,currency,fiscal_period,550,nonnegative,not_applicable
transportation_dedicated_parser_support_scope_v1,transportation_parser_support_v1,transportation_operating_archetypes_v1,804eeba846c75abc321df0821fe82a05e7bee9719cecff45798be0c82176ab7c,VA,delisted_usable,air_transport_and_aviation_services,Airlines,passenger_airline,passenger_airline,0,airport_passenger_throughput,aeronautical_revenue_per_passenger|non_aeronautical_revenue_per_passenger,air,DP-S,NOT_APPLICABLE,no_applicable_archetype_tag,count,fiscal_period,550,nonnegative_integer,not_applicable
transportation_dedicated_parser_support_scope_v1,transportation_parser_support_v1,transportation_operating_archetypes_v1,804eeba846c75abc321df0821fe82a05e7bee9719cecff45798be0c82176ab7c,VA,delisted_usable,air_transport_and_aviation_services,Airlines,passenger_airline,passenger_airline,0,milestone_target_date,milestone_slippage_days,development,DP-S,NOT_APPLICABLE,no_applicable_archetype_tag,iso_date,milestone,1100,date,not_applicable
transportation_dedicated_parser_support_scope_v1,transportation_parser_support_v1,transportation_operating_archetypes_v1,804eeba846c75abc321df0821fe82a05e7bee9719cecff45798be0c82176ab7c,VLRS,active,air_transport_and_aviation_services,Airlines,passenger_airline,passenger_airline,0,airline_fuel_consumed,fuel_efficiency_per_capacity_unit,air,DP-S,APPLICABLE,tag_match:passenger_airline,fuel_volume,fiscal_period,550,nonnegative,coverage_pending
transportation_dedicated_parser_support_scope_v1,transportation_parser_support_v1,transportation_operating_archetypes_v1,804eeba846c75abc321df0821fe82a05e7bee9719cecff45798be0c82176ab7c,VLRS,active,air_transport_and_aviation_services,Airlines,passenger_airline,passenger_airline,0,airline_capacity_units,fuel_efficiency_per_capacity_unit|fuel_cost_per_capacity_unit,air,DP-S,APPLICABLE,tag_match:passenger_airline,capacity_units,fiscal_period,550,nonnegative,coverage_pending
transportation_dedicated_parser_support_scope_v1,transportation_parser_support_v1,transportation_operating_archetypes_v1,804eeba846c75abc321df0821fe82a05e7bee9719cecff45798be0c82176ab7c,VLRS,active,air_transport_and_aviation_services,Airlines,passenger_airline,passenger_airline,0,airline_fuel_expense,fuel_cost_per_capacity_unit,air,DP-S,APPLICABLE,tag_match:passenger_airline,currency,fiscal_period,550,nonnegative,coverage_pending
transportation_dedicated_parser_support_scope_v1,transportation_parser_support_v1,transportation_operating_archetypes_v1,804eeba846c75abc321df0821fe82a05e7bee9719cecff45798be0c82176ab7c,VLRS,active,air_transport_and_aviation_services,Airlines,passenger_airline,passenger_airline,0,airport_aeronautical_revenue,aeronautical_revenue_per_passenger,air,DP-S,NOT_APPLICABLE,no_applicable_archetype_tag,currency,fiscal_period,550,nonnegative,not_applicable
transportation_dedicated_parser_support_scope_v1,transportation_parser_support_v1,transportation_operating_archetypes_v1,804eeba846c75abc321df0821fe82a05e7bee9719cecff45798be0c82176ab7c,VLRS,active,air_transport_and_aviation_services,Airlines,passenger_airline,passenger_airline,0,airport_non_aeronautical_revenue,non_aeronautical_revenue_per_passenger,air,DP-S,NOT_APPLICABLE,no_applicable_archetype_tag,currency,fiscal_period,550,nonnegative,not_applicable
transportation_dedicated_parser_support_scope_v1,transportation_parser_support_v1,transportation_operating_archetypes_v1,804eeba846c75abc321df0821fe82a05e7bee9719cecff45798be0c82176ab7c,VLRS,active,air_transport_and_aviation_services,Airlines,passenger_airline,passenger_airline,0,airport_passenger_throughput,aeronautical_revenue_per_passenger|non_aeronautical_revenue_per_passenger,air,DP-S,NOT_APPLICABLE,no_applicable_archetype_tag,count,fiscal_period,550,nonnegative_integer,not_applicable
transportation_dedicated_parser_support_scope_v1,transportation_parser_support_v1,transportation_operating_archetypes_v1,804eeba846c75abc321df0821fe82a05e7bee9719cecff45798be0c82176ab7c,VLRS,active,air_transport_and_aviation_services,Airlines,passenger_airline,passenger_airline,0,milestone_target_date,milestone_slippage_days,development,DP-S,NOT_APPLICABLE,no_applicable_archetype_tag,iso_date,milestone,1100,date,not_applicable
transportation_dedicated_parser_support_scope_v1,transportation_parser_support_v1,transportation_operating_archetypes_v1,804eeba846c75abc321df0821fe82a05e7bee9719cecff45798be0c82176ab7c,VNTG,active,development_stage_and_speculative_transport,Marine Shipping,marine_operator,development_all|marine_operator,1,airline_fuel_consumed,fuel_efficiency_per_capacity_unit,air,DP-S,NOT_APPLICABLE,no_applicable_archetype_tag,fuel_volume,fiscal_period,550,nonnegative,not_applicable
transportation_dedicated_parser_support_scope_v1,transportation_parser_support_v1,transportation_operating_archetypes_v1,804eeba846c75abc321df0821fe82a05e7bee9719cecff45798be0c82176ab7c,VNTG,active,development_stage_and_speculative_transport,Marine Shipping,marine_operator,development_all|marine_operator,1,airline_capacity_units,fuel_efficiency_per_capacity_unit|fuel_cost_per_capacity_unit,air,DP-S,NOT_APPLICABLE,no_applicable_archetype_tag,capacity_units,fiscal_period,550,nonnegative,not_applicable
transportation_dedicated_parser_support_scope_v1,transportation_parser_support_v1,transportation_operating_archetypes_v1,804eeba846c75abc321df0821fe82a05e7bee9719cecff45798be0c82176ab7c,VNTG,active,development_stage_and_speculative_transport,Marine Shipping,marine_operator,development_all|marine_operator,1,airline_fuel_expense,fuel_cost_per_capacity_unit,air,DP-S,NOT_APPLICABLE,no_applicable_archetype_tag,currency,fiscal_period,550,nonnegative,not_applicable
transportation_dedicated_parser_support_scope_v1,transportation_parser_support_v1,transportation_operating_archetypes_v1,804eeba846c75abc321df0821fe82a05e7bee9719cecff45798be0c82176ab7c,VNTG,active,development_stage_and_speculative_transport,Marine Shipping,marine_operator,development_all|marine_operator,1,airport_aeronautical_revenue,aeronautical_revenue_per_passenger,air,DP-S,NOT_APPLICABLE,no_applicable_archetype_tag,currency,fiscal_period,550,nonnegative,not_applicable
transportation_dedicated_parser_support_scope_v1,transportation_parser_support_v1,transportation_operating_archetypes_v1,804eeba846c75abc321df0821fe82a05e7bee9719cecff45798be0c82176ab7c,VNTG,active,development_stage_and_speculative_transport,Marine Shipping,marine_operator,development_all|marine_operator,1,airport_non_aeronautical_revenue,non_aeronautical_revenue_per_passenger,air,DP-S,NOT_APPLICABLE,no_applicable_archetype_tag,currency,fiscal_period,550,nonnegative,not_applicable
transportation_dedicated_parser_support_scope_v1,transportation_parser_support_v1,transportation_operating_archetypes_v1,804eeba846c75abc321df0821fe82a05e7bee9719cecff45798be0c82176ab7c,VNTG,active,development_stage_and_speculative_transport,Marine Shipping,marine_operator,development_all|marine_operator,1,airport_passenger_throughput,aeronautical_revenue_per_passenger|non_aeronautical_revenue_per_passenger,air,DP-S,NOT_APPLICABLE,no_applicable_archetype_tag,count,fiscal_period,550,nonnegative_integer,not_applicable
transportation_dedicated_parser_support_scope_v1,transportation_parser_support_v1,transportation_operating_archetypes_v1,804eeba846c75abc321df0821fe82a05e7bee9719cecff45798be0c82176ab7c,VNTG,active,development_stage_and_speculative_transport,Marine Shipping,marine_operator,development_all|marine_operator,1,milestone_target_date,milestone_slippage_days,development,DP-S,NOT_APPLICABLE,no_applicable_archetype_tag,iso_date,milestone,1100,date,not_applicable
transportation_dedicated_parser_support_scope_v1,transportation_parser_support_v1,transportation_operating_archetypes_v1,804eeba846c75abc321df0821fe82a05e7bee9719cecff45798be0c82176ab7c,WERN,active,surface_freight_and_logistics,Trucking,surface_trucking,surface_trucking,0,airline_fuel_consumed,fuel_efficiency_per_capacity_unit,air,DP-S,NOT_APPLICABLE,no_applicable_archetype_tag,fuel_volume,fiscal_period,550,nonnegative,not_applicable
transportation_dedicated_parser_support_scope_v1,transportation_parser_support_v1,transportation_operating_archetypes_v1,804eeba846c75abc321df0821fe82a05e7bee9719cecff45798be0c82176ab7c,WERN,active,surface_freight_and_logistics,Trucking,surface_trucking,surface_trucking,0,airline_capacity_units,fuel_efficiency_per_capacity_unit|fuel_cost_per_capacity_unit,air,DP-S,NOT_APPLICABLE,no_applicable_archetype_tag,capacity_units,fiscal_period,550,nonnegative,not_applicable
transportation_dedicated_parser_support_scope_v1,transportation_parser_support_v1,transportation_operating_archetypes_v1,804eeba846c75abc321df0821fe82a05e7bee9719cecff45798be0c82176ab7c,WERN,active,surface_freight_and_logistics,Trucking,surface_trucking,surface_trucking,0,airline_fuel_expense,fuel_cost_per_capacity_unit,air,DP-S,NOT_APPLICABLE,no_applicable_archetype_tag,currency,fiscal_period,550,nonnegative,not_applicable
transportation_dedicated_parser_support_scope_v1,transportation_parser_support_v1,transportation_operating_archetypes_v1,804eeba846c75abc321df0821fe82a05e7bee9719cecff45798be0c82176ab7c,WERN,active,surface_freight_and_logistics,Trucking,surface_trucking,surface_trucking,0,airport_aeronautical_revenue,aeronautical_revenue_per_passenger,air,DP-S,NOT_APPLICABLE,no_applicable_archetype_tag,currency,fiscal_period,550,nonnegative,not_applicable
transportation_dedicated_parser_support_scope_v1,transportation_parser_support_v1,transportation_operating_archetypes_v1,804eeba846c75abc321df0821fe82a05e7bee9719cecff45798be0c82176ab7c,WERN,active,surface_freight_and_logistics,Trucking,surface_trucking,surface_trucking,0,airport_non_aeronautical_revenue,non_aeronautical_revenue_per_passenger,air,DP-S,NOT_APPLICABLE,no_applicable_archetype_tag,currency,fiscal_period,550,nonnegative,not_applicable
transportation_dedicated_parser_support_scope_v1,transportation_parser_support_v1,transportation_operating_archetypes_v1,804eeba846c75abc321df0821fe82a05e7bee9719cecff45798be0c82176ab7c,WERN,active,surface_freight_and_logistics,Trucking,surface_trucking,surface_trucking,0,airport_passenger_throughput,aeronautical_revenue_per_passenger|non_aeronautical_revenue_per_passenger,air,DP-S,NOT_APPLICABLE,no_applicable_archetype_tag,count,fiscal_period,550,nonnegative_integer,not_applicable
transportation_dedicated_parser_support_scope_v1,transportation_parser_support_v1,transportation_operating_archetypes_v1,804eeba846c75abc321df0821fe82a05e7bee9719cecff45798be0c82176ab7c,WERN,active,surface_freight_and_logistics,Trucking,surface_trucking,surface_trucking,0,milestone_target_date,milestone_slippage_days,development,DP-S,NOT_APPLICABLE,no_applicable_archetype_tag,iso_date,milestone,1100,date,not_applicable
transportation_dedicated_parser_support_scope_v1,transportation_parser_support_v1,transportation_operating_archetypes_v1,804eeba846c75abc321df0821fe82a05e7bee9719cecff45798be0c82176ab7c,WLFC,active,air_transport_and_aviation_services,Rental & Leasing Services,aircraft_lessor,aircraft_lessor|aviation_services,0,airline_fuel_consumed,fuel_efficiency_per_capacity_unit,air,DP-S,NOT_APPLICABLE,no_applicable_archetype_tag,fuel_volume,fiscal_period,550,nonnegative,not_applicable
transportation_dedicated_parser_support_scope_v1,transportation_parser_support_v1,transportation_operating_archetypes_v1,804eeba846c75abc321df0821fe82a05e7bee9719cecff45798be0c82176ab7c,WLFC,active,air_transport_and_aviation_services,Rental & Leasing Services,aircraft_lessor,aircraft_lessor|aviation_services,0,airline_capacity_units,fuel_efficiency_per_capacity_unit|fuel_cost_per_capacity_unit,air,DP-S,NOT_APPLICABLE,no_applicable_archetype_tag,capacity_units,fiscal_period,550,nonnegative,not_applicable
transportation_dedicated_parser_support_scope_v1,transportation_parser_support_v1,transportation_operating_archetypes_v1,804eeba846c75abc321df0821fe82a05e7bee9719cecff45798be0c82176ab7c,WLFC,active,air_transport_and_aviation_services,Rental & Leasing Services,aircraft_lessor,aircraft_lessor|aviation_services,0,airline_fuel_expense,fuel_cost_per_capacity_unit,air,DP-S,NOT_APPLICABLE,no_applicable_archetype_tag,currency,fiscal_period,550,nonnegative,not_applicable
transportation_dedicated_parser_support_scope_v1,transportation_parser_support_v1,transportation_operating_archetypes_v1,804eeba846c75abc321df0821fe82a05e7bee9719cecff45798be0c82176ab7c,WLFC,active,air_transport_and_aviation_services,Rental & Leasing Services,aircraft_lessor,aircraft_lessor|aviation_services,0,airport_aeronautical_revenue,aeronautical_revenue_per_passenger,air,DP-S,NOT_APPLICABLE,no_applicable_archetype_tag,currency,fiscal_period,550,nonnegative,not_applicable
transportation_dedicated_parser_support_scope_v1,transportation_parser_support_v1,transportation_operating_archetypes_v1,804eeba846c75abc321df0821fe82a05e7bee9719cecff45798be0c82176ab7c,WLFC,active,air_transport_and_aviation_services,Rental & Leasing Services,aircraft_lessor,aircraft_lessor|aviation_services,0,airport_non_aeronautical_revenue,non_aeronautical_revenue_per_passenger,air,DP-S,NOT_APPLICABLE,no_applicable_archetype_tag,currency,fiscal_period,550,nonnegative,not_applicable
transportation_dedicated_parser_support_scope_v1,transportation_parser_support_v1,transportation_operating_archetypes_v1,804eeba846c75abc321df0821fe82a05e7bee9719cecff45798be0c82176ab7c,WLFC,active,air_transport_and_aviation_services,Rental & Leasing Services,aircraft_lessor,aircraft_lessor|aviation_services,0,airport_passenger_throughput,aeronautical_revenue_per_passenger|non_aeronautical_revenue_per_passenger,air,DP-S,NOT_APPLICABLE,no_applicable_archetype_tag,count,fiscal_period,550,nonnegative_integer,not_applicable
transportation_dedicated_parser_support_scope_v1,transportation_parser_support_v1,transportation_operating_archetypes_v1,804eeba846c75abc321df0821fe82a05e7bee9719cecff45798be0c82176ab7c,WLFC,active,air_transport_and_aviation_services,Rental & Leasing Services,aircraft_lessor,aircraft_lessor|aviation_services,0,milestone_target_date,milestone_slippage_days,development,DP-S,NOT_APPLICABLE,no_applicable_archetype_tag,iso_date,milestone,1100,date,not_applicable
transportation_dedicated_parser_support_scope_v1,transportation_parser_support_v1,transportation_operating_archetypes_v1,804eeba846c75abc321df0821fe82a05e7bee9719cecff45798be0c82176ab7c,XPO,active,surface_freight_and_logistics,Trucking,surface_trucking,surface_trucking,0,airline_fuel_consumed,fuel_efficiency_per_capacity_unit,air,DP-S,NOT_APPLICABLE,no_applicable_archetype_tag,fuel_volume,fiscal_period,550,nonnegative,not_applicable
transportation_dedicated_parser_support_scope_v1,transportation_parser_support_v1,transportation_operating_archetypes_v1,804eeba846c75abc321df0821fe82a05e7bee9719cecff45798be0c82176ab7c,XPO,active,surface_freight_and_logistics,Trucking,surface_trucking,surface_trucking,0,airline_capacity_units,fuel_efficiency_per_capacity_unit|fuel_cost_per_capacity_unit,air,DP-S,NOT_APPLICABLE,no_applicable_archetype_tag,capacity_units,fiscal_period,550,nonnegative,not_applicable
transportation_dedicated_parser_support_scope_v1,transportation_parser_support_v1,transportation_operating_archetypes_v1,804eeba846c75abc321df0821fe82a05e7bee9719cecff45798be0c82176ab7c,XPO,active,surface_freight_and_logistics,Trucking,surface_trucking,surface_trucking,0,airline_fuel_expense,fuel_cost_per_capacity_unit,air,DP-S,NOT_APPLICABLE,no_applicable_archetype_tag,currency,fiscal_period,550,nonnegative,not_applicable
transportation_dedicated_parser_support_scope_v1,transportation_parser_support_v1,transportation_operating_archetypes_v1,804eeba846c75abc321df0821fe82a05e7bee9719cecff45798be0c82176ab7c,XPO,active,surface_freight_and_logistics,Trucking,surface_trucking,surface_trucking,0,airport_aeronautical_revenue,aeronautical_revenue_per_passenger,air,DP-S,NOT_APPLICABLE,no_applicable_archetype_tag,currency,fiscal_period,550,nonnegative,not_applicable
transportation_dedicated_parser_support_scope_v1,transportation_parser_support_v1,transportation_operating_archetypes_v1,804eeba846c75abc321df0821fe82a05e7bee9719cecff45798be0c82176ab7c,XPO,active,surface_freight_and_logistics,Trucking,surface_trucking,surface_trucking,0,airport_non_aeronautical_revenue,non_aeronautical_revenue_per_passenger,air,DP-S,NOT_APPLICABLE,no_applicable_archetype_tag,currency,fiscal_period,550,nonnegative,not_applicable
transportation_dedicated_parser_support_scope_v1,transportation_parser_support_v1,transportation_operating_archetypes_v1,804eeba846c75abc321df0821fe82a05e7bee9719cecff45798be0c82176ab7c,XPO,active,surface_freight_and_logistics,Trucking,surface_trucking,surface_trucking,0,airport_passenger_throughput,aeronautical_revenue_per_passenger|non_aeronautical_revenue_per_passenger,air,DP-S,NOT_APPLICABLE,no_applicable_archetype_tag,count,fiscal_period,550,nonnegative_integer,not_applicable
transportation_dedicated_parser_support_scope_v1,transportation_parser_support_v1,transportation_operating_archetypes_v1,804eeba846c75abc321df0821fe82a05e7bee9719cecff45798be0c82176ab7c,XPO,active,surface_freight_and_logistics,Trucking,surface_trucking,surface_trucking,0,milestone_target_date,milestone_slippage_days,development,DP-S,NOT_APPLICABLE,no_applicable_archetype_tag,iso_date,milestone,1100,date,not_applicable
transportation_dedicated_parser_support_scope_v1,transportation_parser_support_v1,transportation_operating_archetypes_v1,804eeba846c75abc321df0821fe82a05e7bee9719cecff45798be0c82176ab7c,YELL,delisted_usable,surface_freight_and_logistics,Trucking,surface_trucking,surface_trucking,0,airline_fuel_consumed,fuel_efficiency_per_capacity_unit,air,DP-S,NOT_APPLICABLE,no_applicable_archetype_tag,fuel_volume,fiscal_period,550,nonnegative,not_applicable
transportation_dedicated_parser_support_scope_v1,transportation_parser_support_v1,transportation_operating_archetypes_v1,804eeba846c75abc321df0821fe82a05e7bee9719cecff45798be0c82176ab7c,YELL,delisted_usable,surface_freight_and_logistics,Trucking,surface_trucking,surface_trucking,0,airline_capacity_units,fuel_efficiency_per_capacity_unit|fuel_cost_per_capacity_unit,air,DP-S,NOT_APPLICABLE,no_applicable_archetype_tag,capacity_units,fiscal_period,550,nonnegative,not_applicable
transportation_dedicated_parser_support_scope_v1,transportation_parser_support_v1,transportation_operating_archetypes_v1,804eeba846c75abc321df0821fe82a05e7bee9719cecff45798be0c82176ab7c,YELL,delisted_usable,surface_freight_and_logistics,Trucking,surface_trucking,surface_trucking,0,airline_fuel_expense,fuel_cost_per_capacity_unit,air,DP-S,NOT_APPLICABLE,no_applicable_archetype_tag,currency,fiscal_period,550,nonnegative,not_applicable
transportation_dedicated_parser_support_scope_v1,transportation_parser_support_v1,transportation_operating_archetypes_v1,804eeba846c75abc321df0821fe82a05e7bee9719cecff45798be0c82176ab7c,YELL,delisted_usable,surface_freight_and_logistics,Trucking,surface_trucking,surface_trucking,0,airport_aeronautical_revenue,aeronautical_revenue_per_passenger,air,DP-S,NOT_APPLICABLE,no_applicable_archetype_tag,currency,fiscal_period,550,nonnegative,not_applicable
transportation_dedicated_parser_support_scope_v1,transportation_parser_support_v1,transportation_operating_archetypes_v1,804eeba846c75abc321df0821fe82a05e7bee9719cecff45798be0c82176ab7c,YELL,delisted_usable,surface_freight_and_logistics,Trucking,surface_trucking,surface_trucking,0,airport_non_aeronautical_revenue,non_aeronautical_revenue_per_passenger,air,DP-S,NOT_APPLICABLE,no_applicable_archetype_tag,currency,fiscal_period,550,nonnegative,not_applicable
transportation_dedicated_parser_support_scope_v1,transportation_parser_support_v1,transportation_operating_archetypes_v1,804eeba846c75abc321df0821fe82a05e7bee9719cecff45798be0c82176ab7c,YELL,delisted_usable,surface_freight_and_logistics,Trucking,surface_trucking,surface_trucking,0,airport_passenger_throughput,aeronautical_revenue_per_passenger|non_aeronautical_revenue_per_passenger,air,DP-S,NOT_APPLICABLE,no_applicable_archetype_tag,count,fiscal_period,550,nonnegative_integer,not_applicable
transportation_dedicated_parser_support_scope_v1,transportation_parser_support_v1,transportation_operating_archetypes_v1,804eeba846c75abc321df0821fe82a05e7bee9719cecff45798be0c82176ab7c,YELL,delisted_usable,surface_freight_and_logistics,Trucking,surface_trucking,surface_trucking,0,milestone_target_date,milestone_slippage_days,development,DP-S,NOT_APPLICABLE,no_applicable_archetype_tag,iso_date,milestone,1100,date,not_applicable
transportation_dedicated_parser_support_scope_v1,transportation_parser_support_v1,transportation_operating_archetypes_v1,804eeba846c75abc321df0821fe82a05e7bee9719cecff45798be0c82176ab7c,ZIM,active,marine_shipping_and_maritime,Marine Shipping,marine_operator,marine_operator,0,airline_fuel_consumed,fuel_efficiency_per_capacity_unit,air,DP-S,NOT_APPLICABLE,no_applicable_archetype_tag,fuel_volume,fiscal_period,550,nonnegative,not_applicable
transportation_dedicated_parser_support_scope_v1,transportation_parser_support_v1,transportation_operating_archetypes_v1,804eeba846c75abc321df0821fe82a05e7bee9719cecff45798be0c82176ab7c,ZIM,active,marine_shipping_and_maritime,Marine Shipping,marine_operator,marine_operator,0,airline_capacity_units,fuel_efficiency_per_capacity_unit|fuel_cost_per_capacity_unit,air,DP-S,NOT_APPLICABLE,no_applicable_archetype_tag,capacity_units,fiscal_period,550,nonnegative,not_applicable
transportation_dedicated_parser_support_scope_v1,transportation_parser_support_v1,transportation_operating_archetypes_v1,804eeba846c75abc321df0821fe82a05e7bee9719cecff45798be0c82176ab7c,ZIM,active,marine_shipping_and_maritime,Marine Shipping,marine_operator,marine_operator,0,airline_fuel_expense,fuel_cost_per_capacity_unit,air,DP-S,NOT_APPLICABLE,no_applicable_archetype_tag,currency,fiscal_period,550,nonnegative,not_applicable
transportation_dedicated_parser_support_scope_v1,transportation_parser_support_v1,transportation_operating_archetypes_v1,804eeba846c75abc321df0821fe82a05e7bee9719cecff45798be0c82176ab7c,ZIM,active,marine_shipping_and_maritime,Marine Shipping,marine_operator,marine_operator,0,airport_aeronautical_revenue,aeronautical_revenue_per_passenger,air,DP-S,NOT_APPLICABLE,no_applicable_archetype_tag,currency,fiscal_period,550,nonnegative,not_applicable
transportation_dedicated_parser_support_scope_v1,transportation_parser_support_v1,transportation_operating_archetypes_v1,804eeba846c75abc321df0821fe82a05e7bee9719cecff45798be0c82176ab7c,ZIM,active,marine_shipping_and_maritime,Marine Shipping,marine_operator,marine_operator,0,airport_non_aeronautical_revenue,non_aeronautical_revenue_per_passenger,air,DP-S,NOT_APPLICABLE,no_applicable_archetype_tag,currency,fiscal_period,550,nonnegative,not_applicable
transportation_dedicated_parser_support_scope_v1,transportation_parser_support_v1,transportation_operating_archetypes_v1,804eeba846c75abc321df0821fe82a05e7bee9719cecff45798be0c82176ab7c,ZIM,active,marine_shipping_and_maritime,Marine Shipping,marine_operator,marine_operator,0,airport_passenger_throughput,aeronautical_revenue_per_passenger|non_aeronautical_revenue_per_passenger,air,DP-S,NOT_APPLICABLE,no_applicable_archetype_tag,count,fiscal_period,550,nonnegative_integer,not_applicable
transportation_dedicated_parser_support_scope_v1,transportation_parser_support_v1,transportation_operating_archetypes_v1,804eeba846c75abc321df0821fe82a05e7bee9719cecff45798be0c82176ab7c,ZIM,active,marine_shipping_and_maritime,Marine Shipping,marine_operator,marine_operator,0,milestone_target_date,milestone_slippage_days,development,DP-S,NOT_APPLICABLE,no_applicable_archetype_tag,iso_date,milestone,1100,date,not_applicable
transportation_dedicated_parser_support_scope_v1,transportation_parser_support_v1,transportation_operating_archetypes_v1,804eeba846c75abc321df0821fe82a05e7bee9719cecff45798be0c82176ab7c,ZTO,active,surface_freight_and_logistics,Integrated Freight & Logistics,surface_logistics,surface_logistics,0,airline_fuel_consumed,fuel_efficiency_per_capacity_unit,air,DP-S,NOT_APPLICABLE,no_applicable_archetype_tag,fuel_volume,fiscal_period,550,nonnegative,not_applicable
transportation_dedicated_parser_support_scope_v1,transportation_parser_support_v1,transportation_operating_archetypes_v1,804eeba846c75abc321df0821fe82a05e7bee9719cecff45798be0c82176ab7c,ZTO,active,surface_freight_and_logistics,Integrated Freight & Logistics,surface_logistics,surface_logistics,0,airline_capacity_units,fuel_efficiency_per_capacity_unit|fuel_cost_per_capacity_unit,air,DP-S,NOT_APPLICABLE,no_applicable_archetype_tag,capacity_units,fiscal_period,550,nonnegative,not_applicable
transportation_dedicated_parser_support_scope_v1,transportation_parser_support_v1,transportation_operating_archetypes_v1,804eeba846c75abc321df0821fe82a05e7bee9719cecff45798be0c82176ab7c,ZTO,active,surface_freight_and_logistics,Integrated Freight & Logistics,surface_logistics,surface_logistics,0,airline_fuel_expense,fuel_cost_per_capacity_unit,air,DP-S,NOT_APPLICABLE,no_applicable_archetype_tag,currency,fiscal_period,550,nonnegative,not_applicable
transportation_dedicated_parser_support_scope_v1,transportation_parser_support_v1,transportation_operating_archetypes_v1,804eeba846c75abc321df0821fe82a05e7bee9719cecff45798be0c82176ab7c,ZTO,active,surface_freight_and_logistics,Integrated Freight & Logistics,surface_logistics,surface_logistics,0,airport_aeronautical_revenue,aeronautical_revenue_per_passenger,air,DP-S,NOT_APPLICABLE,no_applicable_archetype_tag,currency,fiscal_period,550,nonnegative,not_applicable
transportation_dedicated_parser_support_scope_v1,transportation_parser_support_v1,transportation_operating_archetypes_v1,804eeba846c75abc321df0821fe82a05e7bee9719cecff45798be0c82176ab7c,ZTO,active,surface_freight_and_logistics,Integrated Freight & Logistics,surface_logistics,surface_logistics,0,airport_non_aeronautical_revenue,non_aeronautical_revenue_per_passenger,air,DP-S,NOT_APPLICABLE,no_applicable_archetype_tag,currency,fiscal_period,550,nonnegative,not_applicable
transportation_dedicated_parser_support_scope_v1,transportation_parser_support_v1,transportation_operating_archetypes_v1,804eeba846c75abc321df0821fe82a05e7bee9719cecff45798be0c82176ab7c,ZTO,active,surface_freight_and_logistics,Integrated Freight & Logistics,surface_logistics,surface_logistics,0,airport_passenger_throughput,aeronautical_revenue_per_passenger|non_aeronautical_revenue_per_passenger,air,DP-S,NOT_APPLICABLE,no_applicable_archetype_tag,count,fiscal_period,550,nonnegative_integer,not_applicable
transportation_dedicated_parser_support_scope_v1,transportation_parser_support_v1,transportation_operating_archetypes_v1,804eeba846c75abc321df0821fe82a05e7bee9719cecff45798be0c82176ab7c,ZTO,active,surface_freight_and_logistics,Integrated Freight & Logistics,surface_logistics,surface_logistics,0,milestone_target_date,milestone_slippage_days,development,DP-S,NOT_APPLICABLE,no_applicable_archetype_tag,iso_date,milestone,1100,date,not_applicable
